{
  "type": "FeatureCollection",
  "features": [
    {
      "type": "Feature",
      "geometry": {
        "type": "Point",
        "coordinates": [
          136.219452,
          36.06412
        ]
      },
      "properties": {
        "stream_title": "ライブカメラ　福井市（福井県）Fukui , Japan - Live Camera - YouTube",
        "stream_url": "https://www.youtube.com/watch?v=Y1tPPc61i2Q",
        "stream_status": "TRUE",
        "stream_type": "video",
        "is_rewind": "TRUE",
        "category": "河川",
        "poi": "福井市",
        "poi_detail": "セーレン株式会社福井本社",
        "provider": "MRO北陸放送公式チャンネル - YouTube",
        "provider_url": "https://www.youtube.com/@mro_ishikawa",
        "address": "福井県福井市毛矢1丁目10-1",
        "last_updated": "2024-07-14 18:48:52"
      }
    },
    {
      "type": "Feature",
      "geometry": {
        "type": "Point",
        "coordinates": [
          139.698321,
          35.659396
        ]
      },
      "properties": {
        "stream_title": "【LIVE】渋谷スクランブル交差点 / Shibuya Scramble Crossing Live Camera - YouTube",
        "stream_url": "https://www.youtube.com/watch?v=Lfl2Nj_QRXU",
        "stream_status": "FALSE",
        "stream_type": "video",
        "is_rewind": "TRUE",
        "category": "その他",
        "poi": "渋谷スクランブル交差点",
        "poi_detail": " ",
        "provider": "ANNnewsCH - YouTube",
        "provider_url": "https://www.youtube.com/@ANNnewsCH",
        "address": "東京都渋谷区道玄坂二丁目1",
        "last_updated": "2024-07-27 21:59:35"
      }
    },
    {
      "type": "Feature",
      "geometry": {
        "type": "Point",
        "coordinates": [
          139.691717,
          35.689568
        ]
      },
      "properties": {
        "stream_title": "東京 ライブ Tokyo Live (April 8th) Rainbow Bridge On-Ramp & Tokyo Sky Tree View - YouTube",
        "stream_url": "https://www.youtube.com/watch?v=r74OyneNmg8",
        "stream_status": "TRUE",
        "stream_type": "video",
        "is_rewind": "TRUE",
        "category": "河川",
        "poi": "レインボーブリッジ",
        "poi_detail": "",
        "provider": "東京風景 - YouTube",
        "provider_url": "https://www.youtube.com/@Tokyo_Views",
        "address": "東京都港区港南三丁目9",
        "last_updated": "2024-04-08 17:59:09"
      }
    },
    {
      "type": "Feature",
      "geometry": {
        "type": "Point",
        "coordinates": [
          136.219452,
          36.06412
        ]
      },
      "properties": {
        "stream_title": "新九頭竜橋 ライブカメラ - YouTube",
        "stream_url": "https://www.youtube.com/watch?v=ogfzNJJlEHo",
        "stream_status": "TRUE",
        "stream_type": "video",
        "is_rewind": "TRUE",
        "category": "河川",
        "poi": "新九頭竜橋",
        "poi_detail": "",
        "provider": "福井ケーブルテレビ - YouTube",
        "provider_url": "https://www.youtube.com/@fctv_091",
        "address": "福井県福井市東森田1丁目2415",
        "last_updated": "2024-04-08 17:58:49"
      }
    },
    {
      "type": "Feature",
      "geometry": {
        "type": "Point",
        "coordinates": [
          136.219452,
          36.06412
        ]
      },
      "properties": {
        "stream_title": "足羽川・木田橋 ライブカメラ - YouTube ",
        "stream_url": "https://www.youtube.com/watch?v=k3lKNrqtSyE",
        "stream_status": "TRUE",
        "stream_type": "video",
        "is_rewind": "TRUE",
        "category": "河川",
        "poi": "足羽川",
        "poi_detail": "",
        "provider": "福井ケーブルテレビ - YouTube        ",
        "provider_url": "https://www.youtube.com/@fctv_091",
        "address": "福井県福井市豊島1丁目3-1",
        "last_updated": "2024-04-11 21:21:59"
      }
    },
    {
      "type": "Feature",
      "geometry": {
        "type": "Point",
        "coordinates": [
          136.219452,
          36.06412
        ]
      },
      "properties": {
        "stream_title": "国道８号線 大和田方面 ライブカメラ - YouTube        ",
        "stream_url": "https://www.youtube.com/watch?v=jLZ_T91paAU",
        "stream_status": "TRUE",
        "stream_type": "video",
        "is_rewind": "TRUE",
        "category": "道路",
        "poi": "国道８号線　大和田方面 ",
        "poi_detail": "",
        "provider": "福井ケーブルテレビ - YouTube        ",
        "provider_url": "https://www.youtube.com/@fctv_091",
        "address": "福井県福井市堂島町106",
        "last_updated": "2024-04-18 16:10:39"
      }
    },
    {
      "type": "Feature",
      "geometry": {
        "type": "Point",
        "coordinates": [
          136.219452,
          36.06412
        ]
      },
      "properties": {
        "stream_title": "福井駅西口 ライブカメラ - YouTube        ",
        "stream_url": "https://www.youtube.com/watch?v=IrXQ8JID0Gs",
        "stream_status": "TRUE",
        "stream_type": "video",
        "is_rewind": "TRUE",
        "category": "鉄道",
        "poi": "福井駅西口",
        "poi_detail": "",
        "provider": "福井ケーブルテレビ - YouTube        ",
        "provider_url": "https://www.youtube.com/@fctv_091",
        "address": "福井県福井市中央1丁目1",
        "last_updated": "2024-04-08 18:11:53"
      }
    },
    {
      "type": "Feature",
      "geometry": {
        "type": "Point",
        "coordinates": [
          136.221791,
          36.065244
        ]
      },
      "properties": {
        "stream_title": "北陸自動車道南条ＳＡ付近 ライブカメラ - YouTube        ",
        "stream_url": "https://www.youtube.com/watch?v=htp23noMgRo",
        "stream_status": "TRUE",
        "stream_type": "video",
        "is_rewind": "TRUE",
        "category": "道路",
        "poi": "北陸自動車道南条ＳＡ付近",
        "poi_detail": "",
        "provider": "福井ケーブルテレビ - YouTube        ",
        "provider_url": "https://www.youtube.com/@fctv_091",
        "address": "福井県南条郡南越前町牧谷39",
        "last_updated": "2024-04-08 18:14:58"
      }
    },
    {
      "type": "Feature",
      "geometry": {
        "type": "Point",
        "coordinates": [
          136.221791,
          36.065244
        ]
      },
      "properties": {
        "stream_title": "三国・サンセットビーチ ライブカメラ - YouTube   ",
        "stream_url": "https://www.youtube.com/watch?v=CIjhFpsN-3k",
        "stream_status": "TRUE",
        "stream_type": "video",
        "is_rewind": "TRUE",
        "category": "海岸",
        "poi": "三国・サンセットビーチ",
        "poi_detail": "日帰り温泉 三国温泉ゆあぽ～と　屋外テラス",
        "provider": "福井ケーブルテレビ - YouTube        ",
        "provider_url": "https://www.youtube.com/@fctv_091",
        "address": "福井県坂井市三国町宿米ケ脇4丁目9",
        "last_updated": "2024-04-08 18:19:59"
      }
    },
    {
      "type": "Feature",
      "geometry": {
        "type": "Point",
        "coordinates": [
          136.221791,
          36.065244
        ]
      },
      "properties": {
        "stream_title": "河野・北前船主の館右近家 ライブカメラ - YouTube",
        "stream_url": "https://www.youtube.com/watch?v=cG_-7ItG0Mk",
        "stream_status": "TRUE",
        "stream_type": "video",
        "is_rewind": "TRUE",
        "category": "海岸",
        "poi": "南越前町河野地区の海",
        "poi_detail": "北前船主の館右近家 西洋館 ",
        "provider": "福井ケーブルテレビ - YouTube        ",
        "provider_url": "https://www.youtube.com/@fctv_091",
        "address": "福井県南条郡南越前町河野2-15",
        "last_updated": "2024-04-08 18:21:35"
      }
    },
    {
      "type": "Feature",
      "geometry": {
        "type": "Point",
        "coordinates": [
          137.581904,
          36.583675
        ]
      },
      "properties": {
        "stream_title": "【富山テレビ】北アルプス立山室堂お天気カメラ ライブ配信 - YouTube   ",
        "stream_url": "https://www.youtube.com/watch?v=Qn0VMg6eJPw",
        "stream_status": "FALSE",
        "stream_type": "video",
        "is_rewind": "TRUE",
        "category": "山岳",
        "poi": "北アルプス立山室堂",
        "poi_detail": "",
        "provider": "富山テレビ放送 公式チャンネル - YouTube        ",
        "provider_url": "https://www.youtube.com/@toyama_tv",
        "address": "富山県中新川郡立山町芦峅寺",
        "last_updated": "2024-04-08 18:36:06"
      }
    },
    {
      "type": "Feature",
      "geometry": {
        "type": "Point",
        "coordinates": [
          139.870085,
          34.996608
        ]
      },
      "properties": {
        "stream_title": "“渚の駅”たてやまからのライブ映像",
        "stream_url": "https://www.city.tateyama.chiba.jp/shoukan/page100190.html",
        "stream_status": "TRUE",
        "stream_type": "video",
        "is_rewind": "FALSE",
        "category": "海岸",
        "poi": "館山港",
        "poi_detail": "渚の駅 たてやま",
        "provider": "館山市役所",
        "provider_url": "https://www.city.tateyama.chiba.jp/kankou-bunka/cate000156.html",
        "address": "千葉県館山市館山1564-1",
        "last_updated": "2024-04-08 18:37:30"
      }
    },
    {
      "type": "Feature",
      "geometry": {
        "type": "Point",
        "coordinates": [
          136.65889,
          36.561582
        ]
      },
      "properties": {
        "stream_title": " ライブカメラ　金沢市（石川県）Kanazawa , Ishikawa , Japan - Live Camera - YouTube    ",
        "stream_url": "https://www.youtube.com/watch?v=UMq8otOTTjU",
        "stream_status": "FALSE",
        "stream_type": "video",
        "is_rewind": "TRUE",
        "category": "道路",
        "poi": "金沢市",
        "poi_detail": "",
        "provider": "MRO北陸放送公式チャンネル - YouTube",
        "provider_url": "https://www.youtube.com/@mro_ishikawa",
        "address": "石川県金沢市広坂一丁目2-1",
        "last_updated": "2024-04-08 18:44:46"
      }
    },
    {
      "type": "Feature",
      "geometry": {
        "type": "Point",
        "coordinates": [
          136.899185,
          37.390557
        ]
      },
      "properties": {
        "stream_title": "【石川県・輪島市】被災地の天気は… Wajima, Ishikawa Japan #地震 #災害 #能登半島地震 #テレビ金沢 #ニュース - YouTube",
        "stream_url": "https://www.youtube.com/watch?v=rXF9kQldlao",
        "stream_status": "TRUE",
        "stream_type": "video",
        "is_rewind": "TRUE",
        "category": "海岸",
        "poi": "石川県輪島市",
        "poi_detail": "",
        "provider": "【公式】テレビ金沢 - YouTube",
        "provider_url": "https://www.youtube.com/@tv_kanazawa",
        "address": "石川県輪島市河井町四部69-甲",
        "last_updated": "2024-04-08 18:55:30"
      }
    },
    {
      "type": "Feature",
      "geometry": {
        "type": "Point",
        "coordinates": [
          136.978955,
          37.013729
        ]
      },
      "properties": {
        "stream_title": "【LIVE】七尾城山展望台ライブカメラ - YouTube",
        "stream_url": "https://www.youtube.com/watch?v=RedTv9eu_F8",
        "stream_status": "TRUE",
        "stream_type": "video",
        "is_rewind": "TRUE",
        "category": "海岸",
        "poi": "石川県七尾市",
        "poi_detail": "七尾城山展望台",
        "provider": "七尾市公式YouTubeチャンネルNanao_city - YouTube",
        "provider_url": "https://www.youtube.com/@nanaocity",
        "address": "石川県七尾市古城町",
        "last_updated": "2024-04-08 18:53:35"
      }
    },
    {
      "type": "Feature",
      "geometry": {
        "type": "Point",
        "coordinates": [
          137.260406,
          37.436369
        ]
      },
      "properties": {
        "stream_title": "【石川県・珠洲市】被災地の天気は… Suzu, Ishikawa Japan #地震 #災害 #能登半島地震 #テレビ金沢 #ニュース - YouTube",
        "stream_url": "https://www.youtube.com/watch?v=QVx30qT1_BI",
        "stream_status": "TRUE",
        "stream_type": "video",
        "is_rewind": "TRUE",
        "category": "その他",
        "poi": "石川県珠洲市",
        "poi_detail": "",
        "provider": "【公式】テレビ金沢 - YouTube",
        "provider_url": "https://www.youtube.com/@tv_kanazawa",
        "address": "石川県珠洲市上戸町北方壱字6-2",
        "last_updated": "2024-04-08 18:57:16"
      }
    },
    {
      "type": "Feature",
      "geometry": {
        "type": "Point",
        "coordinates": [
          136.797557,
          36.862759
        ]
      },
      "properties": {
        "stream_title": "〈石川県宝達志水町〉今浜海岸ライブカメラ - YouTube",
        "stream_url": "https://www.youtube.com/watch?v=pzmULgVLlQo",
        "stream_status": "TRUE",
        "stream_type": "video",
        "is_rewind": "TRUE",
        "category": "海岸",
        "poi": "今浜海岸",
        "poi_detail": "",
        "provider": "〈石川県宝達志水町〉今浜海岸ライブカメラ - YouTube",
        "provider_url": "https://www.youtube.com/@user-ts6xu7dz1k",
        "address": "石川県羽咋郡宝達志水町今浜ソ1",
        "last_updated": "2024-04-08 19:02:02"
      }
    },
    {
      "type": "Feature",
      "geometry": {
        "type": "Point",
        "coordinates": [
          136.766217,
          36.8913595
        ]
      },
      "properties": {
        "stream_title": "【ライブカメラ】美しい夕日の千里浜サンセット（石川県） 　　Chirihama Sunset LIVE camera - YouTube",
        "stream_url": "https://www.youtube.com/watch?v=mrdsIr8dyTs",
        "stream_status": "FALSE",
        "stream_type": "video",
        "is_rewind": "TRUE",
        "category": "海岸",
        "poi": "千里浜",
        "poi_detail": "能登千里浜レストハウス",
        "provider": "北陸朝日放送公式チャンネル - YouTube",
        "provider_url": "https://www.youtube.com/@habmigochannel",
        "address": "石川県羽咋市千里浜町タ4-1",
        "last_updated": "2024-04-08 19:12:51"
      }
    },
    {
      "type": "Feature",
      "geometry": {
        "type": "Point",
        "coordinates": [
          136.648046,
          36.578194
        ]
      },
      "properties": {
        "stream_title": " 北陸新幹線 金沢駅　ライブカメラ　 Kanazawa Station Live Webcam Ishikawa, Japan - YouTube",
        "stream_url": "https://www.youtube.com/watch?v=i5ZEjaFK-II",
        "stream_status": "TRUE",
        "stream_type": "video",
        "is_rewind": "TRUE",
        "category": "鉄道",
        "poi": "金沢駅",
        "poi_detail": "",
        "provider": "北陸朝日放送公式チャンネル - YouTube",
        "provider_url": "https://www.youtube.com/@habmigochannel",
        "address": "石川県金沢市木ノ新保町1-1",
        "last_updated": "2024-04-08 19:29:54"
      }
    },
    {
      "type": "Feature",
      "geometry": {
        "type": "Point",
        "coordinates": [
          136.603475,
          36.5621532
        ]
      },
      "properties": {
        "stream_title": "ライブカメラ　北陸朝日放送（金沢市）本社前 HAB LIVE camera - YouTube",
        "stream_url": "https://www.youtube.com/watch?v=a3fsiU6ilHU",
        "stream_status": "FALSE",
        "stream_type": "video",
        "is_rewind": "TRUE",
        "category": "その他",
        "poi": "北陸朝日放送（金沢市）本社前",
        "poi_detail": "",
        "provider": "北陸朝日放送公式チャンネル - YouTube",
        "provider_url": "https://www.youtube.com/@habmigochannel",
        "address": "石川県金沢市松島一丁目32-2",
        "last_updated": "2024-04-08 19:34:16"
      }
    },
    {
      "type": "Feature",
      "geometry": {
        "type": "Point",
        "coordinates": [
          136.314685,
          36.302669
        ]
      },
      "properties": {
        "stream_title": "国土交通省　片山津海岸塩浜地区",
        "stream_url": "https://www.hrr.mlit.go.jp/kanazawa/bousai-info-ishikawa/bousai/camera/camera_jpeg/camera_frame.html?id=419",
        "stream_status": "TRUE",
        "stream_type": "video",
        "is_rewind": "FALSE",
        "category": "海岸",
        "poi": "片山津海岸塩浜地区",
        "poi_detail": "",
        "provider": "国土交通省　金沢河川国道事務所",
        "provider_url": "https://www.hrr.mlit.go.jp/kanazawa/",
        "address": "石川県加賀市塩浜町い",
        "last_updated": "2024-04-10 14:25:05"
      }
    },
    {
      "type": "Feature",
      "geometry": {
        "type": "Point",
        "coordinates": [
          138.253485,
          37.025265
        ]
      },
      "properties": {
        "stream_title": "Madarao mountain resort ライブカメラ",
        "stream_url": "https://www.madarao.jp/ski/live-camera",
        "stream_status": "TRUE",
        "stream_type": "video",
        "is_rewind": "FALSE",
        "category": "山岳",
        "poi": "Madarrao mountain resort",
        "poi_detail": "",
        "provider": "Madarrao mountain resort",
        "provider_url": "https://www.madarao.jp/",
        "address": "新潟県妙高市樽本斑尾1052",
        "last_updated": "2024-04-09 12:58:38"
      }
    },
    {
      "type": "Feature",
      "geometry": {
        "type": "Point",
        "coordinates": [
          139.592237,
          35.400765
        ]
      },
      "properties": {
        "stream_title": "Camera1 貞昌院庭カメラ",
        "stream_url": "https://www.myspotcam.com/onair/embedded/ozqT5hLQ/igXOXq",
        "stream_status": "TRUE",
        "stream_type": "video",
        "is_rewind": "FALSE",
        "category": "観光",
        "poi": "貞昌院庭",
        "poi_detail": "",
        "provider": "貞昌院",
        "provider_url": "https://teishoin.net/live.html",
        "address": "神奈川県横浜市港南区上永谷五丁目1-3",
        "last_updated": "2024-04-10 15:39:04"
      }
    },
    {
      "type": "Feature",
      "geometry": {
        "type": "Point",
        "coordinates": [
          139.592237,
          35.400765
        ]
      },
      "properties": {
        "stream_title": "Camera2 貞昌院裏庭　池カメラ",
        "stream_url": "https://www.myspotcam.com/onair/embedded/ozqT5hLQ/oM5z4g",
        "stream_status": "TRUE",
        "stream_type": "video",
        "is_rewind": "FALSE",
        "category": "観光",
        "poi": "貞昌院裏庭 池",
        "poi_detail": "",
        "provider": "貞昌院",
        "provider_url": "https://teishoin.net/live.html",
        "address": "神奈川県横浜市港南区上永谷五丁目1-3",
        "last_updated": "2024-04-10 15:40:41"
      }
    },
    {
      "type": "Feature",
      "geometry": {
        "type": "Point",
        "coordinates": [
          139.592237,
          35.400765
        ]
      },
      "properties": {
        "stream_title": "Camera 3 貞昌院モノレール「まいれ～る」カメラ",
        "stream_url": "https://www.myspotcam.com/onair/embedded/ozqT5hLQ/wq7N8F",
        "stream_status": "TRUE",
        "stream_type": "video",
        "is_rewind": "FALSE",
        "category": "鉄道",
        "poi": "貞昌院モノレール「まいれ～る」",
        "poi_detail": "",
        "provider": "貞昌院",
        "provider_url": "https://teishoin.net/live.html",
        "address": "神奈川県横浜市港南区上永谷五丁目1",
        "last_updated": "2024-04-10 15:43:04"
      }
    },
    {
      "type": "Feature",
      "geometry": {
        "type": "Point",
        "coordinates": [
          139.592237,
          35.400765
        ]
      },
      "properties": {
        "stream_title": "Camera 4 貞昌院 茶室カメラ",
        "stream_url": "https://www.myspotcam.com/onair/embedded/ozqT5hLQ/XOAJkn",
        "stream_status": "TRUE",
        "stream_type": "video",
        "is_rewind": "FALSE",
        "category": "観光",
        "poi": "貞昌院 茶室",
        "poi_detail": "",
        "provider": "貞昌院",
        "provider_url": "https://teishoin.net/live.html",
        "address": "神奈川県横浜市港南区上永谷五丁目1-3",
        "last_updated": "2024-04-10 15:45:00"
      }
    },
    {
      "type": "Feature",
      "geometry": {
        "type": "Point",
        "coordinates": [
          136.05433,
          34.770733
        ]
      },
      "properties": {
        "stream_title": "I.C.T ライブカメラ(国道163号線（島ヶ原町区交差点）)",
        "stream_url": "https://www.igaportal.co.jp/livecamera/shinai/index.html",
        "stream_status": "TRUE",
        "stream_type": "video",
        "is_rewind": "FALSE",
        "category": "道路",
        "poi": "国道163号線（島ヶ原町区交差点）",
        "poi_detail": "",
        "provider": "伊賀ポータル",
        "provider_url": "https://www.igaportal.co.jp/",
        "address": "三重県伊賀市島ヶ原6800-2",
        "last_updated": "2024-04-11 1:03:36"
      }
    },
    {
      "type": "Feature",
      "geometry": {
        "type": "Point",
        "coordinates": [
          136.093566,
          34.76715
        ]
      },
      "properties": {
        "stream_title": "I.C.T ライブカメラ(長田三軒家交差点)",
        "stream_url": "https://www.igaportal.co.jp/livecamera/shinai/02.html",
        "stream_status": "TRUE",
        "stream_type": "video",
        "is_rewind": "FALSE",
        "category": "道路",
        "poi": "長田三軒家交差点",
        "poi_detail": "",
        "provider": "伊賀ポータル",
        "provider_url": "https://www.igaportal.co.jp/",
        "address": "三重県伊賀市長田6062-1",
        "last_updated": "2024-04-11 1:03:42"
      }
    },
    {
      "type": "Feature",
      "geometry": {
        "type": "Point",
        "coordinates": [
          136.127279,
          34.794361
        ]
      },
      "properties": {
        "stream_title": "I.C.T ライブカメラ(国道422号線（高砂交差点）)",
        "stream_url": "https://www.igaportal.co.jp/livecamera/shinai/03.html",
        "stream_status": "TRUE",
        "stream_type": "video",
        "is_rewind": "FALSE",
        "category": "道路",
        "poi": "国道422号線（高砂交差点）",
        "poi_detail": "",
        "provider": "伊賀ポータル",
        "provider_url": "https://www.igaportal.co.jp/",
        "address": "三重県伊賀市三田986-1",
        "last_updated": "2024-04-11 1:23:52"
      }
    },
    {
      "type": "Feature",
      "geometry": {
        "type": "Point",
        "coordinates": [
          136.119149,
          34.774187
        ]
      },
      "properties": {
        "stream_title": "I.C.T ライブカメラ(県道138号線（小田西交差点）)",
        "stream_url": "https://www.igaportal.co.jp/livecamera/shinai/04.html",
        "stream_status": "TRUE",
        "stream_type": "video",
        "is_rewind": "FALSE",
        "category": "道路",
        "poi": "県道138号線（小田西交差点）",
        "poi_detail": "",
        "provider": "伊賀ポータル",
        "provider_url": "https://www.igaportal.co.jp/",
        "address": "三重県伊賀市小田町瓜谷727",
        "last_updated": "2024-04-11 1:07:41"
      }
    },
    {
      "type": "Feature",
      "geometry": {
        "type": "Point",
        "coordinates": [
          135.832883,
          34.685231
        ]
      },
      "properties": {
        "stream_title": "I.C.T ライブカメラ(五月橋IC付近)",
        "stream_url": "https://www.igaportal.co.jp/livecamera/meihan/01.html",
        "stream_status": "TRUE",
        "stream_type": "video",
        "is_rewind": "FALSE",
        "category": "道路",
        "poi": "五月橋IC付近",
        "poi_detail": "",
        "provider": "伊賀ポータル",
        "provider_url": "https://www.igaportal.co.jp/",
        "address": "奈良県山辺郡1-2−3",
        "last_updated": "2024-04-11 1:12:08"
      }
    },
    {
      "type": "Feature",
      "geometry": {
        "type": "Point",
        "coordinates": [
          136.075153,
          34.710864
        ]
      },
      "properties": {
        "stream_title": "I.C.T ライブカメラ(治田IC付近)",
        "stream_url": "https://www.igaportal.co.jp/livecamera/meihan/02.htmll",
        "stream_status": "TRUE",
        "stream_type": "video",
        "is_rewind": "FALSE",
        "category": "道路",
        "poi": "治田IC付近",
        "poi_detail": "",
        "provider": "伊賀ポータル",
        "provider_url": "https://www.igaportal.co.jp/",
        "address": "三重県伊賀市治田",
        "last_updated": "2024-04-11 1:13:43"
      }
    },
    {
      "type": "Feature",
      "geometry": {
        "type": "Point",
        "coordinates": [
          136.120782,
          34.748513
        ]
      },
      "properties": {
        "stream_title": "I.C.T ライブカメラ(上野IC付近)",
        "stream_url": "https://www.igaportal.co.jp/livecamera/meihan/03.html",
        "stream_status": "TRUE",
        "stream_type": "video",
        "is_rewind": "FALSE",
        "category": "道路",
        "poi": "上野IC付近",
        "poi_detail": "",
        "provider": "伊賀ポータル",
        "provider_url": "https://www.igaportal.co.jp/",
        "address": "三重県伊賀市守田町",
        "last_updated": "2024-04-11 1:15:57"
      }
    },
    {
      "type": "Feature",
      "geometry": {
        "type": "Point",
        "coordinates": [
          136.157252,
          34.750084
        ]
      },
      "properties": {
        "stream_title": "I.C.T ライブカメラ(友生IC付近)",
        "stream_url": "https://www.igaportal.co.jp/livecamera/meihan/04.html",
        "stream_status": "TRUE",
        "stream_type": "video",
        "is_rewind": "FALSE",
        "category": "道路",
        "poi": "友生IC付近",
        "poi_detail": "",
        "provider": "伊賀ポータル",
        "provider_url": "https://www.igaportal.co.jp/",
        "address": "三重県伊賀市下友生",
        "last_updated": "2024-04-11 1:17:41"
      }
    },
    {
      "type": "Feature",
      "geometry": {
        "type": "Point",
        "coordinates": [
          136.167846,
          34.764527
        ]
      },
      "properties": {
        "stream_title": "I.C.T ライブカメラ(中瀬IC付近)",
        "stream_url": "https://www.igaportal.co.jp/livecamera/meihan/05.html",
        "stream_status": "TRUE",
        "stream_type": "video",
        "is_rewind": "FALSE",
        "category": "道路",
        "poi": "中瀬IC付近",
        "poi_detail": "",
        "provider": "伊賀ポータル",
        "provider_url": "https://www.igaportal.co.jp/",
        "address": "三重県伊賀市荒木",
        "last_updated": "2024-04-11 1:19:01"
      }
    },
    {
      "type": "Feature",
      "geometry": {
        "type": "Point",
        "coordinates": [
          136.214821,
          34.798511
        ]
      },
      "properties": {
        "stream_title": "I.C.T ライブカメラ(御代IC付近)",
        "stream_url": "https://www.igaportal.co.jp/livecamera/meihan/06.html",
        "stream_status": "TRUE",
        "stream_type": "video",
        "is_rewind": "FALSE",
        "category": "道路",
        "poi": "御代IC付近",
        "poi_detail": "",
        "provider": "伊賀ポータル",
        "provider_url": "https://www.igaportal.co.jp/",
        "address": "三重県伊賀市川東",
        "last_updated": "2024-04-11 1:20:37"
      }
    },
    {
      "type": "Feature",
      "geometry": {
        "type": "Point",
        "coordinates": [
          136.23677,
          34.818022
        ]
      },
      "properties": {
        "stream_title": "I.C.T ライブカメラ(下柘植IC付近)",
        "stream_url": "https://www.igaportal.co.jp/livecamera/meihan/07.html",
        "stream_status": "TRUE",
        "stream_type": "video",
        "is_rewind": "FALSE",
        "category": "道路",
        "poi": "下柘植IC付近",
        "poi_detail": "",
        "provider": "伊賀ポータル",
        "provider_url": "https://www.igaportal.co.jp/",
        "address": "三重県伊賀市下柘植",
        "last_updated": "2024-04-11 1:22:10"
      }
    },
    {
      "type": "Feature",
      "geometry": {
        "type": "Point",
        "coordinates": [
          136.255628,
          34.846303
        ]
      },
      "properties": {
        "stream_title": "I.C.T ライブカメラ(伊賀IC付近)",
        "stream_url": "https://www.igaportal.co.jp/livecamera/meihan/08.html",
        "stream_status": "TRUE",
        "stream_type": "video",
        "is_rewind": "FALSE",
        "category": "道路",
        "poi": "伊賀IC付近",
        "poi_detail": "",
        "provider": "伊賀ポータル",
        "provider_url": "https://www.igaportal.co.jp/",
        "address": "三重県伊賀市柘植町",
        "last_updated": "2024-04-11 1:23:44"
      }
    },
    {
      "type": "Feature",
      "geometry": {
        "type": "Point",
        "coordinates": [
          136.178221,
          34.66631
        ]
      },
      "properties": {
        "stream_title": "I.C.T ライブカメラ(阿保（戎橋）)",
        "stream_url": "https://www.igaportal.co.jp/livecamera/kasen/01.html",
        "stream_status": "TRUE",
        "stream_type": "video",
        "is_rewind": "FALSE",
        "category": "河川",
        "poi": "阿保（戎橋）",
        "poi_detail": "",
        "provider": "伊賀ポータル",
        "provider_url": "https://www.igaportal.co.jp/",
        "address": "三重県伊賀市阿保",
        "last_updated": "2024-04-11 12:21:58"
      }
    },
    {
      "type": "Feature",
      "geometry": {
        "type": "Point",
        "coordinates": [
          136.232617,
          34.758086
        ]
      },
      "properties": {
        "stream_title": "I.C.T ライブカメラ（平田（大山田橋））",
        "stream_url": "https://www.igaportal.co.jp/livecamera/kasen/02.html",
        "stream_status": "TRUE",
        "stream_type": "video",
        "is_rewind": "FALSE",
        "category": "河川",
        "poi": "平田（大山田橋）",
        "poi_detail": "平田（大山田橋）",
        "provider": "伊賀ポータル",
        "provider_url": "https://www.igaportal.co.jp/",
        "address": "三重県伊賀市中村",
        "last_updated": "2024-04-11 21:22:39"
      }
    },
    {
      "type": "Feature",
      "geometry": {
        "type": "Point",
        "coordinates": [
          136.138288,
          34.679255
        ]
      },
      "properties": {
        "stream_title": "I.C.T ライブカメラ（上神戸（暗崎橋））",
        "stream_url": "https://www.igaportal.co.jp/livecamera/kasen/03.html",
        "stream_status": "TRUE",
        "stream_type": "video",
        "is_rewind": "FALSE",
        "category": "河川",
        "poi": "上神戸（暗崎橋）",
        "poi_detail": "",
        "provider": "伊賀ポータル",
        "provider_url": "https://www.igaportal.co.jp/",
        "address": "三重県伊賀市上神戸",
        "last_updated": "2024-04-11 12:32:53"
      }
    },
    {
      "type": "Feature",
      "geometry": {
        "type": "Point",
        "coordinates": [
          136.169254,
          34.8050552
        ]
      },
      "properties": {
        "stream_title": "I.C.T ライブカメラ(佐那具町（佐那具橋) )",
        "stream_url": "https://www.igaportal.co.jp/livecamera/kasen/04.html",
        "stream_status": "TRUE",
        "stream_type": "video",
        "is_rewind": "FALSE",
        "category": "河川",
        "poi": "佐那具町（佐那具橋)",
        "poi_detail": "",
        "provider": "伊賀ポータル",
        "provider_url": "https://www.igaportal.co.jp/",
        "address": "三重県伊賀市佐那具町364-3",
        "last_updated": "2024-04-11 12:35:23"
      }
    },
    {
      "type": "Feature",
      "geometry": {
        "type": "Point",
        "coordinates": [
          138.596966,
          36.34831
        ]
      },
      "properties": {
        "stream_title": "ISKライブカメラ｜ISK不動産｜軽井沢（プリンス通り）のライブカメラ/軽井沢の交通状況・天気・四季折々の風景など",
        "stream_url": "https://www.is-karuizawa.com/webcam.html",
        "stream_status": "TRUE",
        "stream_type": "video",
        "is_rewind": "FALSE",
        "category": "河川",
        "poi": "軽井沢プリンス通り",
        "poi_detail": "ISK不動産",
        "provider": "ISK不動産",
        "provider_url": "https://www.is-karuizawa.com/",
        "address": "長野県北佐久郡軽井沢町軽井沢1075",
        "last_updated": "2024-04-11 12:52:06"
      }
    },
    {
      "type": "Feature",
      "geometry": {
        "type": "Point",
        "coordinates": [
          139.790019,
          35.6488834
        ]
      },
      "properties": {
        "stream_title": "Tokyo 4K Panorama Livecam 東京4Kパノラマライブカメラ",
        "stream_url": "https://www.youtube.com/watch?v=8i9ltzhq80s",
        "stream_status": "TRUE",
        "stream_type": "video",
        "is_rewind": "TRUE",
        "category": "河川",
        "poi": "東京都江東区の運河",
        "poi_detail": "",
        "provider": "Tokyo Skyline",
        "provider_url": "https://www.youtube.com/channel/UCsQBuRimy-hLk1jNBq-Yx9Q",
        "address": "東京都江東区豊洲六丁目1-16",
        "last_updated": "2024-04-11 16:27:01"
      }
    },
    {
      "type": "Feature",
      "geometry": {
        "type": "Point",
        "coordinates": [
          139.691717,
          35.689568
        ]
      },
      "properties": {
        "stream_title": "【LIVE】東京・板橋仲宿交差点下り TOKYO LIVE CAMERA",
        "stream_url": "https://www.youtube.com/watch?v=-2E9g8flQNM",
        "stream_status": "TRUE",
        "stream_type": "video",
        "is_rewind": "TRUE",
        "category": "道路",
        "poi": "東京・板橋仲宿交差点下り",
        "poi_detail": "",
        "provider": "ほうとくねっと",
        "provider_url": "https://www.youtube.com/@user-zf5iw4gi4n",
        "address": "東京都板橋区板橋二丁目66-17",
        "last_updated": "2024-04-11 21:22:26"
      }
    },
    {
      "type": "Feature",
      "geometry": {
        "type": "Point",
        "coordinates": [
          140.116683,
          37.922242
        ]
      },
      "properties": {
        "stream_title": "米沢市役所ライブカメラ",
        "stream_url": "http://116.199.245.91/live/index.html?Language=1&ViewMode=pull",
        "stream_status": "TRUE",
        "stream_type": "video",
        "is_rewind": "FALSE",
        "category": "その他",
        "poi": "米沢市役所",
        "poi_detail": "米沢市役所屋上",
        "provider": "",
        "provider_url": "",
        "address": "山形県米沢市金池5丁目2-25",
        "last_updated": "2024-04-08 17:50:31"
      }
    },
    {
      "type": "Feature",
      "geometry": {
        "type": "Point",
        "coordinates": [
          138.383023,
          34.976906
        ]
      },
      "properties": {
        "stream_title": "天城高原サービスセンター　公式ライブ配信 - YouTube",
        "stream_url": "https://www.youtube.com/watch?v=CGShW4uABuQ",
        "stream_status": "TRUE",
        "stream_type": "video",
        "is_rewind": "TRUE",
        "category": "道路",
        "poi": "",
        "poi_detail": "天城高原サービスセンター",
        "provider": "天城東急リゾート公式チャンネル - YouTube",
        "provider_url": "https://www.youtube.com/@user-ox6lx1ix8c",
        "address": "静岡県伊豆市冷川1524-823",
        "last_updated": "2024-04-08 19:21:13"
      }
    },
    {
      "type": "Feature",
      "geometry": {
        "type": "Point",
        "coordinates": [
          138.383023,
          34.976906
        ]
      },
      "properties": {
        "stream_title": "あまぎスカイアドベンチャー　公式ライブ配信 - YouTube",
        "stream_url": "https://www.youtube.com/watch?v=BpEsd-iMRlw",
        "stream_status": "TRUE",
        "stream_type": "video",
        "is_rewind": "TRUE",
        "category": "道路",
        "poi": "",
        "poi_detail": "あまぎスカイアドベンチャー",
        "provider": "天城東急リゾート公式チャンネル - YouTube",
        "provider_url": "https://www.youtube.com/@user-ox6lx1ix8c",
        "address": "静岡県伊豆市冷川1524",
        "last_updated": "2024-04-08 19:26:13"
      }
    },
    {
      "type": "Feature",
      "geometry": {
        "type": "Point",
        "coordinates": [
          138.383023,
          34.976906
        ]
      },
      "properties": {
        "stream_title": "天城高原ゴルフコース　ライブカメラ - YouTube",
        "stream_url": "https://www.youtube.com/watch?v=boAL2Q_GXTg",
        "stream_status": "TRUE",
        "stream_type": "video",
        "is_rewind": "TRUE",
        "category": "その他",
        "poi": "",
        "poi_detail": "天城高原ゴルフコース 東急リゾーツ&ステイ",
        "provider": "天城東急リゾート公式チャンネル - YouTube",
        "provider_url": "https://www.youtube.com/@user-ox6lx1ix8c",
        "address": "静岡県伊豆市菅引638-83",
        "last_updated": "2024-05-05 12:29:21"
      }
    },
    {
      "type": "Feature",
      "geometry": {
        "type": "Point",
        "coordinates": [
          135.755635,
          35.021279
        ]
      },
      "properties": {
        "stream_title": "太陽光発電 リアルタイム配信中 ／ 京阪電車 鉄道ライブカメラ【中書島～淀】 Keihan Electric Railway Kyoto Japan - YouTube",
        "stream_url": "https://www.youtube.com/watch?v=nR8OY8yfFUU",
        "stream_status": "TRUE",
        "stream_type": "video",
        "is_rewind": "TRUE",
        "category": "鉄道",
        "poi": "",
        "poi_detail": "京阪電車 中書島～淀",
        "provider": "京阪まなみっくす with やへー - YouTube",
        "provider_url": "https://www.youtube.com/@manamix95",
        "address": "京都府京都市伏見区納所町",
        "last_updated": "2024-04-08 19:30:58"
      }
    },
    {
      "type": "Feature",
      "geometry": {
        "type": "Point",
        "coordinates": [
          135.519994,
          34.686394
        ]
      },
      "properties": {
        "stream_title": "【LIVE】お天気カメラ　大阪／OSAKA,JAPAN 24/7 livestreaming weather /Osaka Sky Livecam - YouTube",
        "stream_url": "https://www.youtube.com/watch?v=PJ_BAs1mKHs",
        "stream_status": "TRUE",
        "stream_type": "video",
        "is_rewind": "TRUE",
        "category": "その他",
        "poi": "",
        "poi_detail": "八尾市",
        "provider": "starstyle - YouTube",
        "provider_url": "https://www.youtube.com/@starstyle37",
        "address": "大阪府八尾市龍華町2丁目1-35",
        "last_updated": "2024-06-05 21:37:19"
      }
    },
    {
      "type": "Feature",
      "geometry": {
        "type": "Point",
        "coordinates": [
          135.519994,
          34.686394
        ]
      },
      "properties": {
        "stream_title": "【ライブ配信】夜景がきれい！あべのハルカス・大阪の夜景/OSAKA NIGHT VEW - YouTube",
        "stream_url": "https://www.youtube.com/watch?v=qz8F44n5DEw",
        "stream_status": "TRUE",
        "stream_type": "video",
        "is_rewind": "TRUE",
        "category": "道路",
        "poi": "あべのハルカス",
        "poi_detail": "",
        "provider": "starstyle - YouTube",
        "provider_url": "https://www.youtube.com/@starstyle39",
        "address": "大阪府大阪市阿倍野区阿倍野筋1丁目1-43",
        "last_updated": "2024-04-08 19:48:15"
      }
    },
    {
      "type": "Feature",
      "geometry": {
        "type": "Point",
        "coordinates": [
          138.596127,
          36.620711
        ]
      },
      "properties": {
        "stream_title": "「LIVECAMERA 」草津温泉・白根山ライブカメラ（移動式） - YouTube",
        "stream_url": "https://www.youtube.com/watch?v=AKlN2BM_l9U",
        "stream_status": "TRUE",
        "stream_type": "video",
        "is_rewind": "TRUE",
        "category": "山岳",
        "poi": "草津白根山",
        "poi_detail": "草津白根山",
        "provider": "草津温泉WEBカメラ - YouTube",
        "provider_url": "https://www.youtube.com/@web851/streams",
        "address": "群馬県吾妻郡草津町草津",
        "last_updated": "2024-04-08 20:00:05"
      }
    },
    {
      "type": "Feature",
      "geometry": {
        "type": "Point",
        "coordinates": [
          138.596127,
          36.620711
        ]
      },
      "properties": {
        "stream_title": "「LIVECAMERA 」草津温泉・本白根山ライブカメラ（固定式） - YouTube",
        "stream_url": "https://www.youtube.com/watch?v=VZ7UthXFfTw",
        "stream_status": "TRUE",
        "stream_type": "video",
        "is_rewind": "TRUE",
        "category": "山岳",
        "poi": "本白根山",
        "poi_detail": "本白根山",
        "provider": "草津温泉WEBカメラ - YouTube",
        "provider_url": "https://www.youtube.com/@web851/streams",
        "address": "群馬県吾妻郡草津町草津",
        "last_updated": "2024-04-08 21:43:04"
      }
    },
    {
      "type": "Feature",
      "geometry": {
        "type": "Point",
        "coordinates": [
          138.596127,
          36.620711
        ]
      },
      "properties": {
        "stream_title": "「LIVECAMERA」草津温泉・本白根山ライブカメラ（移動式） - YouTube",
        "stream_url": "https://www.youtube.com/watch?v=UiFEvugm8kg",
        "stream_status": "TRUE",
        "stream_type": "video",
        "is_rewind": "TRUE",
        "category": "山岳",
        "poi": "本白根山",
        "poi_detail": "本白根山",
        "provider": "草津温泉WEBカメラ - YouTube",
        "provider_url": "https://www.youtube.com/@web851/streams",
        "address": "群馬県吾妻郡草津町草津",
        "last_updated": "2024-04-08 19:58:26"
      }
    },
    {
      "type": "Feature",
      "geometry": {
        "type": "Point",
        "coordinates": [
          138.596127,
          36.620711
        ]
      },
      "properties": {
        "stream_title": "「LIVECAMERA 」草津温泉・白根山ライブカメラ（固定式） - YouTube",
        "stream_url": "https://www.youtube.com/watch?v=HukImt03Im8",
        "stream_status": "TRUE",
        "stream_type": "video",
        "is_rewind": "TRUE",
        "category": "山岳",
        "poi": "草津白根山",
        "poi_detail": "草津白根山",
        "provider": "草津温泉WEBカメラ - YouTube",
        "provider_url": "https://www.youtube.com/@web851/streams",
        "address": "群馬県吾妻郡草津町草津",
        "last_updated": "2024-04-08 20:00:03"
      }
    },
    {
      "type": "Feature",
      "geometry": {
        "type": "Point",
        "coordinates": [
          138.596127,
          36.620711
        ]
      },
      "properties": {
        "stream_title": "「LIVECAMERA 」草津温泉・温泉門無料駐車場 - YouTube",
        "stream_url": "https://www.youtube.com/watch?v=_1PfF1v9GJc",
        "stream_status": "TRUE",
        "stream_type": "video",
        "is_rewind": "TRUE",
        "category": "その他",
        "poi": "草津温泉・温泉門無料駐車場",
        "poi_detail": "",
        "provider": "草津温泉WEBカメラ - YouTube",
        "provider_url": "https://www.youtube.com/@web851/streams",
        "address": "群馬県吾妻郡草津町草津454-6",
        "last_updated": "2024-04-08 21:42:30"
      }
    },
    {
      "type": "Feature",
      "geometry": {
        "type": "Point",
        "coordinates": [
          138.596127,
          36.620711
        ]
      },
      "properties": {
        "stream_title": "「LIVE CAMERA」草津温泉・温泉門 - YouTube",
        "stream_url": "https://www.youtube.com/watch?v=d6a0sL8lYGk",
        "stream_status": "TRUE",
        "stream_type": "video",
        "is_rewind": "TRUE",
        "category": "観光",
        "poi": "草津温泉門",
        "poi_detail": "",
        "provider": "草津温泉WEBカメラ - YouTube",
        "provider_url": "https://www.youtube.com/@web851/streams",
        "address": "群馬県吾妻郡草津町草津454-9",
        "last_updated": "2024-04-08 20:05:04"
      }
    },
    {
      "type": "Feature",
      "geometry": {
        "type": "Point",
        "coordinates": [
          138.596127,
          36.620711
        ]
      },
      "properties": {
        "stream_title": "「LIVECAMERA 」西の河原露天風呂入り口 - YouTube",
        "stream_url": "https://www.youtube.com/watch?v=RJYYbPs8hjQ",
        "stream_status": "TRUE",
        "stream_type": "video",
        "is_rewind": "TRUE",
        "category": "観光",
        "poi": "西の河原露天風呂",
        "poi_detail": "",
        "provider": "草津温泉WEBカメラ - YouTube",
        "provider_url": "https://www.youtube.com/@web851/streams",
        "address": "群馬県吾妻郡草津町草津521-3",
        "last_updated": "2024-04-08 20:05:00"
      }
    },
    {
      "type": "Feature",
      "geometry": {
        "type": "Point",
        "coordinates": [
          138.596127,
          36.620711
        ]
      },
      "properties": {
        "stream_title": "「LIVE CAMERA」草津温泉スキー場　天狗山山頂エリア - YouTube",
        "stream_url": "https://www.youtube.com/watch?v=JDLSr4iqjIg",
        "stream_status": "TRUE",
        "stream_type": "video",
        "is_rewind": "TRUE",
        "category": "観光",
        "poi": "草津温泉スキー場 天狗山レストハウス",
        "poi_detail": "",
        "provider": "草津温泉WEBカメラ - YouTube",
        "provider_url": "https://www.youtube.com/@web851/streams",
        "address": "群馬県吾妻郡草津町草津58",
        "last_updated": "2024-04-08 20:06:13"
      }
    },
    {
      "type": "Feature",
      "geometry": {
        "type": "Point",
        "coordinates": [
          138.596127,
          36.620711
        ]
      },
      "properties": {
        "stream_title": "「LIVECAMERA」国道292号 草津前口 - YouTube",
        "stream_url": "https://www.youtube.com/watch?v=RafJ8Jj8uik",
        "stream_status": "FALSE",
        "stream_type": "video",
        "is_rewind": "TRUE",
        "category": "道路",
        "poi": "草津町",
        "poi_detail": "",
        "provider": "草津温泉WEBカメラ - YouTube",
        "provider_url": "https://www.youtube.com/@web851/streams",
        "address": "群馬県吾妻郡草津町前口",
        "last_updated": "2024-04-08 20:17:48"
      }
    },
    {
      "type": "Feature",
      "geometry": {
        "type": "Point",
        "coordinates": [
          138.596127,
          36.620711
        ]
      },
      "properties": {
        "stream_title": "「LIVECAMERA」草津温泉「湯畑」（移動式ライブカメラ） - YouTube",
        "stream_url": "https://www.youtube.com/watch?v=eJ6b7At43zI",
        "stream_status": "FALSE",
        "stream_type": "video",
        "is_rewind": "TRUE",
        "category": "観光",
        "poi": "草津温泉湯畑",
        "poi_detail": "",
        "provider": "草津温泉WEBカメラ - YouTube",
        "provider_url": "https://www.youtube.com/@web851/streams",
        "address": "群馬県吾妻郡草津町草津401",
        "last_updated": "2024-04-08 20:11:52"
      }
    },
    {
      "type": "Feature",
      "geometry": {
        "type": "Point",
        "coordinates": [
          138.596127,
          36.620711
        ]
      },
      "properties": {
        "stream_title": "「LIVECAMERA」裏草津地蔵 源泉広場 - YouTube",
        "stream_url": "https://www.youtube.com/watch?v=8FUL47uSV1U",
        "stream_status": "TRUE",
        "stream_type": "video",
        "is_rewind": "TRUE",
        "category": "観光",
        "poi": "伝統湯地蔵（地蔵源泉）",
        "poi_detail": "",
        "provider": "草津温泉WEBカメラ - YouTube",
        "provider_url": "https://www.youtube.com/@web851/streams",
        "address": "群馬県吾妻郡草津町草津299",
        "last_updated": "2024-04-11 16:36:14"
      }
    },
    {
      "type": "Feature",
      "geometry": {
        "type": "Point",
        "coordinates": [
          138.596127,
          36.620711
        ]
      },
      "properties": {
        "stream_title": "「LIVECAMERA」　草津温泉「湯畑」湯滝前 - YouTube",
        "stream_url": "https://www.youtube.com/watch?v=GrEEoEmmrKs",
        "stream_status": "TRUE",
        "stream_type": "video",
        "is_rewind": "TRUE",
        "category": "観光",
        "poi": "草津温泉「湯畑」湯滝前",
        "poi_detail": "",
        "provider": "草津温泉WEBカメラ - YouTube",
        "provider_url": "https://www.youtube.com/@web851/streams",
        "address": "群馬県吾妻郡草津町草津372",
        "last_updated": "2024-04-08 20:15:17"
      }
    },
    {
      "type": "Feature",
      "geometry": {
        "type": "Point",
        "coordinates": [
          138.596127,
          36.620711
        ]
      },
      "properties": {
        "stream_title": "「LIVECAMERA」草津温泉スキー場　天狗山山麓エリア - YouTube",
        "stream_url": "https://www.youtube.com/watch?v=ilsqTxvNLg0",
        "stream_status": "TRUE",
        "stream_type": "video",
        "is_rewind": "TRUE",
        "category": "観光",
        "poi": "草津温泉スキー場",
        "poi_detail": "",
        "provider": "草津温泉WEBカメラ - YouTube",
        "provider_url": "https://www.youtube.com/@web851/streams",
        "address": "群馬県吾妻郡草津町草津白根国有林158 林班",
        "last_updated": "2024-04-08 20:16:47"
      }
    },
    {
      "type": "Feature",
      "geometry": {
        "type": "Point",
        "coordinates": [
          138.596127,
          36.620711
        ]
      },
      "properties": {
        "stream_title": "「LIVECAMERA」国道292号 草津温泉入口 - YouTube",
        "stream_url": "https://www.youtube.com/watch?v=AOKNNFjAbjU",
        "stream_status": "TRUE",
        "stream_type": "video",
        "is_rewind": "TRUE",
        "category": "道路",
        "poi": "草津町",
        "poi_detail": "",
        "provider": "草津温泉WEBカメラ - YouTube",
        "provider_url": "https://www.youtube.com/@web851/streams",
        "address": "群馬県吾妻郡草津町草津",
        "last_updated": "2024-04-11 16:36:05"
      }
    },
    {
      "type": "Feature",
      "geometry": {
        "type": "Point",
        "coordinates": [
          138.596127,
          36.620711
        ]
      },
      "properties": {
        "stream_title": "「LIVECAMERA」裏草津地蔵 漫画堂 カフェ月の貌 - YouTube",
        "stream_url": "https://www.youtube.com/watch?v=MQ82Zs0z70o",
        "stream_status": "TRUE",
        "stream_type": "video",
        "is_rewind": "TRUE",
        "category": "観光",
        "poi": "地蔵カフェ 月の貌",
        "poi_detail": "",
        "provider": "草津温泉WEBカメラ - YouTube",
        "provider_url": "https://www.youtube.com/@web851/streams",
        "address": "群馬県吾妻郡草津町132-1",
        "last_updated": "2024-04-08 20:23:43"
      }
    },
    {
      "type": "Feature",
      "geometry": {
        "type": "Point",
        "coordinates": [
          138.596127,
          36.620711
        ]
      },
      "properties": {
        "stream_title": "「LIVECAMERA」草津温泉 西の河原・湯川LIVE - YouTube",
        "stream_url": "https://www.youtube.com/watch?v=RT_yg_qsK_M",
        "stream_status": "TRUE",
        "stream_type": "video",
        "is_rewind": "TRUE",
        "category": "観光",
        "poi": "西の河原",
        "poi_detail": "",
        "provider": "草津温泉WEBカメラ - YouTube",
        "provider_url": "https://www.youtube.com/@web851/streams",
        "address": "群馬県吾妻郡草津町草津521-3",
        "last_updated": "2024-04-08 21:37:35"
      }
    },
    {
      "type": "Feature",
      "geometry": {
        "type": "Point",
        "coordinates": [
          140.076473,
          36.0835602
        ]
      },
      "properties": {
        "stream_title": "つくば駅前ライブカメラ　人材派遣のインテック 365日　24時間　オンライン登録受付中　https://www.intec-ltd.co.jp/ - YouTube",
        "stream_url": "https://www.youtube.com/watch?v=zlQHMm67CSQ",
        "stream_status": "TRUE",
        "stream_type": "video",
        "is_rewind": "TRUE",
        "category": "鉄道",
        "poi": "つくば駅",
        "poi_detail": "",
        "provider": "株式会社インテック - YouTube",
        "provider_url": "https://www.youtube.com/@intecltd",
        "address": "茨城県つくば市吾妻2丁目",
        "last_updated": "2024-04-08 21:56:16"
      }
    },
    {
      "type": "Feature",
      "geometry": {
        "type": "Point",
        "coordinates": [
          136.657899,
          36.564408
        ]
      },
      "properties": {
        "stream_title": "玉泉院丸庭園ライブカメラ - YouTube",
        "stream_url": "https://www.youtube.com/watch?v=JpLMmrxB_Tg",
        "stream_status": "TRUE",
        "stream_type": "video",
        "is_rewind": "FALSE",
        "category": "観光",
        "poi": "玉泉院丸庭園",
        "poi_detail": "",
        "provider": "石川県土木部公園緑地課 - YouTube",
        "provider_url": "https://www.youtube.com/@user-pi3rf1cr3d",
        "address": "石川県金沢市丸の内3",
        "last_updated": "2024-04-08 22:35:53"
      }
    },
    {
      "type": "Feature",
      "geometry": {
        "type": "Point",
        "coordinates": [
          136.661039,
          36.56803
        ]
      },
      "properties": {
        "stream_title": "金沢城公園三の丸広場ライブカメラ - YouTube",
        "stream_url": "https://www.youtube.com/watch?v=TjyrhHdTJVY",
        "stream_status": "TRUE",
        "stream_type": "video",
        "is_rewind": "FALSE",
        "category": "観光",
        "poi": "三の丸広場",
        "poi_detail": "",
        "provider": "石川県土木部公園緑地課 - YouTube",
        "provider_url": "https://www.youtube.com/@user-pi3rf1cr3d",
        "address": "石川県金沢市丸の内1",
        "last_updated": "2024-04-08 22:36:07"
      }
    },
    {
      "type": "Feature",
      "geometry": {
        "type": "Point",
        "coordinates": [
          136.664012,
          36.561186
        ]
      },
      "properties": {
        "stream_title": "兼六園ライブカメラ - YouTube",
        "stream_url": "https://www.youtube.com/watch?v=uUTpDBgqQL8",
        "stream_status": "TRUE",
        "stream_type": "video",
        "is_rewind": "FALSE",
        "category": "観光",
        "poi": "兼六園",
        "poi_detail": "",
        "provider": "石川県土木部公園緑地課 - YouTube",
        "provider_url": "https://www.youtube.com/@user-pi3rf1cr3d",
        "address": "石川県金沢市兼六町1",
        "last_updated": "2024-04-08 22:16:06"
      }
    },
    {
      "type": "Feature",
      "geometry": {
        "type": "Point",
        "coordinates": [
          138.568379,
          35.663935
        ]
      },
      "properties": {
        "stream_title": "富士山ライブカメラ/河口湖駅前 Live camera of Mt,Fuji - YouTube",
        "stream_url": "https://www.youtube.com/watch?v=kYK9J6KNz0M",
        "stream_status": "TRUE",
        "stream_type": "video",
        "is_rewind": "TRUE",
        "category": "観光",
        "poi": "河口湖駅",
        "poi_detail": "",
        "provider": "fuji-net - YouTube",
        "provider_url": "https://www.youtube.com/@fujinetkawaguchiko/streams",
        "address": "山梨県南都留郡富士河口湖町船津",
        "last_updated": "2024-04-08 22:36:23"
      }
    },
    {
      "type": "Feature",
      "geometry": {
        "type": "Point",
        "coordinates": [
          139.491116,
          35.33894
        ]
      },
      "properties": {
        "stream_title": "鵠沼ライブカメラ - YouTube",
        "stream_url": "https://www.youtube.com/watch?v=KMzyAnVDhNA",
        "stream_status": "TRUE",
        "stream_type": "video",
        "is_rewind": "TRUE",
        "category": "海岸",
        "poi": "鵠沼海岸",
        "poi_detail": "",
        "provider": "波通 - YouTube",
        "provider_url": "https://www.youtube.com/@namiaru732",
        "address": "神奈川県藤沢市鵠沼海岸四丁目",
        "last_updated": "2024-06-05 16:46:22"
      }
    },
    {
      "type": "Feature",
      "geometry": {
        "type": "Point",
        "coordinates": [
          134.685458,
          34.815496
        ]
      },
      "properties": {
        "stream_title": "姫路城ライブカメラ（Himeji Castle Live Camera） - YouTube",
        "stream_url": "https://www.youtube.com/watch?v=PHQe_2MlH4E",
        "stream_status": "FALSE",
        "stream_type": "video",
        "is_rewind": "TRUE",
        "category": "観光",
        "poi": "姫路城",
        "poi_detail": "",
        "provider": "WINK姫路ケーブルテレビ - YouTube",
        "provider_url": "https://www.youtube.com/@wink1019/streams",
        "address": "兵庫県姫路市本町68",
        "last_updated": "2024-04-09 13:14:16"
      }
    },
    {
      "type": "Feature",
      "geometry": {
        "type": "Point",
        "coordinates": [
          130.611749,
          33.853491
        ]
      },
      "properties": {
        "stream_title": "【LIVE】岡垣町波津海岸ライブカメラ【 Live Camera Okagaki Fukuoka】 - YouTube",
        "stream_url": "https://www.youtube.com/watch?v=Lo1mf9sTVjg",
        "stream_status": "TRUE",
        "stream_type": "video",
        "is_rewind": "TRUE",
        "category": "海岸",
        "poi": "岡垣町波津海岸",
        "poi_detail": "",
        "provider": "岡垣町観光協会Okagaki Town - YouTube",
        "provider_url": "https://www.youtube.com/@okagakitown6453",
        "address": "福岡県遠賀郡岡垣町",
        "last_updated": "2024-04-09 13:14:02"
      }
    },
    {
      "type": "Feature",
      "geometry": {
        "type": "Point",
        "coordinates": [
          132.765556,
          33.839157
        ]
      },
      "properties": {
        "stream_title": "カメラ操作ができます、 夕日3月～10月 が見える堀江マリンハウスライブカメラ You can operate the camera Japan Beach Live Cam - YouTube",
        "stream_url": "https://www.youtube.com/watch?v=4zuNIkJFlvU",
        "stream_status": "TRUE",
        "stream_type": "video",
        "is_rewind": "TRUE",
        "category": "海岸",
        "poi": "堀江海水浴場",
        "poi_detail": "",
        "provider": "Come on guys/カモンガイス - YouTube",
        "provider_url": "https://www.youtube.com/@comeonguys",
        "address": "愛媛県松山市堀江町番外222",
        "last_updated": "2024-04-10 10:44:49"
      }
    },
    {
      "type": "Feature",
      "geometry": {
        "type": "Point",
        "coordinates": [
          132.765556,
          33.839157
        ]
      },
      "properties": {
        "stream_title": "堀江マリンハウス　左海面2Kライブカメラ Live Camera - YouTube",
        "stream_url": "https://www.youtube.com/watch?v=8x2ugNQVZNo",
        "stream_status": "TRUE",
        "stream_type": "video",
        "is_rewind": "TRUE",
        "category": "海岸",
        "poi": "堀江海水浴場",
        "poi_detail": "",
        "provider": "Come on guys/カモンガイス - YouTube",
        "provider_url": "https://www.youtube.com/@comeonguys",
        "address": "愛媛県松山市堀江町番外222",
        "last_updated": "2024-04-10 10:45:46"
      }
    },
    {
      "type": "Feature",
      "geometry": {
        "type": "Point",
        "coordinates": [
          132.765556,
          33.839157
        ]
      },
      "properties": {
        "stream_title": "堀江マリンハウス　右海面2Kライブカメラ Live Camera - YouTube",
        "stream_url": "https://www.youtube.com/watch?v=lTRrvWkNfEc",
        "stream_status": "TRUE",
        "stream_type": "video",
        "is_rewind": "TRUE",
        "category": "海岸",
        "poi": "堀江海水浴場",
        "poi_detail": "",
        "provider": "Come on guys/カモンガイス - YouTube",
        "provider_url": "https://www.youtube.com/@comeonguys",
        "address": "愛媛県松山市堀江町番外222",
        "last_updated": "2024-04-10 10:44:30"
      }
    },
    {
      "type": "Feature",
      "geometry": {
        "type": "Point",
        "coordinates": [
          129.858114,
          32.725902
        ]
      },
      "properties": {
        "stream_title": "【NCC】長崎港ライブ - YouTube",
        "stream_url": "https://www.youtube.com/watch?v=W-rgkFv8azY",
        "stream_status": "TRUE",
        "stream_type": "video",
        "is_rewind": "FALSE",
        "category": "海岸",
        "poi": "長崎港",
        "poi_detail": "長崎市中心部",
        "provider": "NCC長崎文化放送 - YouTube",
        "provider_url": "https://www.youtube.com/@ncctvnagasaki",
        "address": "長崎県長崎市国分町3-30",
        "last_updated": "2024-04-10 10:51:45"
      }
    },
    {
      "type": "Feature",
      "geometry": {
        "type": "Point",
        "coordinates": [
          129.867969,
          32.749601
        ]
      },
      "properties": {
        "stream_title": "【NCC】長崎空港 - YouTube",
        "stream_url": "https://www.youtube.com/watch?v=Q6xrfvPbYkk",
        "stream_status": "TRUE",
        "stream_type": "video",
        "is_rewind": "FALSE",
        "category": "空港",
        "poi": "長崎空港",
        "poi_detail": "長崎空港",
        "provider": "NCC長崎文化放送 - YouTube",
        "provider_url": "https://www.youtube.com/@ncctvnagasaki",
        "address": "長崎県大村市箕島町593",
        "last_updated": "2024-04-10 10:51:39"
      }
    },
    {
      "type": "Feature",
      "geometry": {
        "type": "Point",
        "coordinates": [
          129.724777,
          33.163478
        ]
      },
      "properties": {
        "stream_title": "【NCC】佐世保港ライブ - YouTube",
        "stream_url": "https://www.youtube.com/watch?v=tGaSspbB8wA",
        "stream_status": "TRUE",
        "stream_type": "video",
        "is_rewind": "FALSE",
        "category": "海岸",
        "poi": "佐世保港",
        "poi_detail": "佐世保市",
        "provider": "NCC長崎文化放送 - YouTube",
        "provider_url": "https://www.youtube.com/@ncctvnagasaki",
        "address": "長崎県佐世保市新港町4 ポートサイドテラス",
        "last_updated": "2024-04-10 10:51:51"
      }
    },
    {
      "type": "Feature",
      "geometry": {
        "type": "Point",
        "coordinates": [
          143.202533,
          42.918559
        ]
      },
      "properties": {
        "stream_title": "JR帯広駅ライブカメラ Live Camera in The JR Obihiro Station, Hokkaido in Japan - YouTube",
        "stream_url": "https://www.youtube.com/user/kachimai/live",
        "stream_status": "FALSE",
        "stream_type": "video",
        "is_rewind": "TRUE",
        "category": "鉄道",
        "poi": "帯広駅",
        "poi_detail": "ホテル日航ノースランド帯広の屋上",
        "provider": "十勝毎日新聞 - YouTube",
        "provider_url": "https://www.youtube.com/@kachimai/streams",
        "address": "北海道帯広市西二条南十二丁目",
        "last_updated": "2024-04-10 15:43:16"
      }
    },
    {
      "type": "Feature",
      "geometry": {
        "type": "Point",
        "coordinates": [
          143.213014,
          42.7317426
        ]
      },
      "properties": {
        "stream_title": "とかち帯広空港ライブカメラ Live Camera in The Tokachi-Obihiro Airport, Hokkaido in Japan - YouTube",
        "stream_url": "https://www.youtube.com/watch?v=D67XXD7Wj7M",
        "stream_status": "TRUE",
        "stream_type": "video",
        "is_rewind": "TRUE",
        "category": "空港",
        "poi": "とかち帯広空港",
        "poi_detail": "",
        "provider": "十勝毎日新聞 - YouTube",
        "provider_url": "https://www.youtube.com/@kachimai/streams",
        "address": "北海道帯広市泉町西九線中8-41",
        "last_updated": "2024-04-10 11:04:33"
      }
    },
    {
      "type": "Feature",
      "geometry": {
        "type": "Point",
        "coordinates": [
          143.197869,
          42.994115
        ]
      },
      "properties": {
        "stream_title": "十勝大橋ライブカメラ Live Camera in Tokachi Big Bridge over the Tokachi river, Hokkaido in Japan - YouTube",
        "stream_url": "https://www.youtube.com/watch?v=nk9uKVuLcGE",
        "stream_status": "TRUE",
        "stream_type": "video",
        "is_rewind": "TRUE",
        "category": "河川",
        "poi": "十勝大橋",
        "poi_detail": "",
        "provider": "十勝毎日新聞 - YouTube",
        "provider_url": "https://www.youtube.com/@kachimai/streams",
        "address": "北海道河東郡音更町",
        "last_updated": "2024-04-10 10:58:44"
      }
    },
    {
      "type": "Feature",
      "geometry": {
        "type": "Point",
        "coordinates": [
          140.973784,
          42.315204
        ]
      },
      "properties": {
        "stream_title": "十勝川白鳥大橋ライブカメラ（十勝川温泉第一ホテル屋上より） Live Camera in The Hakutyo Bridge of Tokachi River, Hokkaido in Japan - YouTube",
        "stream_url": "https://www.youtube.com/watch?v=m7W5jYfIRNo",
        "stream_status": "TRUE",
        "stream_type": "video",
        "is_rewind": "TRUE",
        "category": "河川",
        "poi": "白鳥大橋",
        "poi_detail": "十勝川温泉第一ホテル屋上",
        "provider": "十勝毎日新聞 - YouTube",
        "provider_url": "https://www.youtube.com/@kachimai/streams",
        "address": "北海道室蘭市",
        "last_updated": "2024-04-10 11:04:28"
      }
    },
    {
      "type": "Feature",
      "geometry": {
        "type": "Point",
        "coordinates": [
          135.519994,
          34.686394
        ]
      },
      "properties": {
        "stream_title": "淀川お天気カメラ - YouTube",
        "stream_url": "https://www.youtube.com/watch?v=dLT0ndv98bU",
        "stream_status": "TRUE",
        "stream_type": "video",
        "is_rewind": "TRUE",
        "category": "河川",
        "poi": "淀川",
        "poi_detail": "",
        "provider": "Kansai HD - YouTube",
        "provider_url": "https://www.youtube.com/@kansaihd/streams",
        "address": "大阪府",
        "last_updated": "2024-06-05 16:47:52"
      }
    },
    {
      "type": "Feature",
      "geometry": {
        "type": "Point",
        "coordinates": [
          135.519994,
          34.686394
        ]
      },
      "properties": {
        "stream_title": "梅田情報カメラ - YouTube",
        "stream_url": "https://www.youtube.com/watch?v=QJmOiyZPhV4",
        "stream_status": "TRUE",
        "stream_type": "video",
        "is_rewind": "TRUE",
        "category": "鉄道",
        "poi": "梅田",
        "poi_detail": "",
        "provider": "Kansai HD - YouTube",
        "provider_url": "https://www.youtube.com/@kansaihd/streams",
        "address": "大阪府大阪市北区",
        "last_updated": "2024-04-10 15:48:15"
      }
    },
    {
      "type": "Feature",
      "geometry": {
        "type": "Point",
        "coordinates": [
          135.519994,
          34.686394
        ]
      },
      "properties": {
        "stream_title": "新御堂筋ライブカメラ - YouTube",
        "stream_url": "https://www.youtube.com/watch?v=7BGWIFgWMZg",
        "stream_status": "TRUE",
        "stream_type": "video",
        "is_rewind": "TRUE",
        "category": "道路",
        "poi": "新御堂筋",
        "poi_detail": "",
        "provider": "Kansai HD - YouTube",
        "provider_url": "https://www.youtube.com/@kansaihd/streams",
        "address": "大阪府大阪市北区豊崎6丁目18 新淀川大橋",
        "last_updated": "2024-06-05 16:48:06"
      }
    },
    {
      "type": "Feature",
      "geometry": {
        "type": "Point",
        "coordinates": [
          135.519994,
          34.686394
        ]
      },
      "properties": {
        "stream_title": "大阪空港ライブカメラ - YouTube",
        "stream_url": "https://www.youtube.com/watch?v=0C2EK3VUdLw",
        "stream_status": "TRUE",
        "stream_type": "video",
        "is_rewind": "TRUE",
        "category": "空港",
        "poi": "大阪空港",
        "poi_detail": "",
        "provider": "Kansai HD - YouTube",
        "provider_url": "https://www.youtube.com/@kansaihd/streams",
        "address": "大阪府豊中市螢池西町3丁目555",
        "last_updated": "2024-04-10 15:39:32"
      }
    },
    {
      "type": "Feature",
      "geometry": {
        "type": "Point",
        "coordinates": [
          135.360098,
          34.799817
        ]
      },
      "properties": {
        "stream_title": "宝塚お天気カメラ - YouTube",
        "stream_url": "https://www.youtube.com/watch?v=rPJksdxOggI",
        "stream_status": "TRUE",
        "stream_type": "video",
        "is_rewind": "TRUE",
        "category": "その他",
        "poi": "宝塚",
        "poi_detail": "",
        "provider": "Kansai HD - YouTube",
        "provider_url": "https://www.youtube.com/@kansaihd/streams",
        "address": "兵庫県宝塚市",
        "last_updated": "2024-04-10 15:41:49"
      }
    },
    {
      "type": "Feature",
      "geometry": {
        "type": "Point",
        "coordinates": [
          135.519994,
          34.686394
        ]
      },
      "properties": {
        "stream_title": "元祖 大阪空港ライブカメラ - YouTube",
        "stream_url": "https://www.youtube.com/watch?v=_a8mtGByV5M",
        "stream_status": "TRUE",
        "stream_type": "video",
        "is_rewind": "TRUE",
        "category": "空港",
        "poi": "大阪空港",
        "poi_detail": "",
        "provider": "Kansai HD - YouTube",
        "provider_url": "https://www.youtube.com/@kansaihd/streams",
        "address": "大阪府豊中市螢池西町3丁目555",
        "last_updated": "2024-04-10 15:42:29"
      }
    },
    {
      "type": "Feature",
      "geometry": {
        "type": "Point",
        "coordinates": [
          135.519994,
          34.686394
        ]
      },
      "properties": {
        "stream_title": "大阪空港ライブカメラ裏 - YouTube",
        "stream_url": "https://www.youtube.com/watch?v=MPVW-vMigkI",
        "stream_status": "TRUE",
        "stream_type": "video",
        "is_rewind": "TRUE",
        "category": "空港",
        "poi": "大阪空港",
        "poi_detail": "",
        "provider": "Kansai HD - YouTube",
        "provider_url": "https://www.youtube.com/@kansaihd/streams",
        "address": "大阪府豊中市螢池西町3丁目555",
        "last_updated": "2024-04-10 15:48:21"
      }
    },
    {
      "type": "Feature",
      "geometry": {
        "type": "Point",
        "coordinates": [
          136.967549,
          35.754345
        ]
      },
      "properties": {
        "stream_title": "【岐阜県郡上市】郡上八幡 お天気カメラ LIVECAM - YouTube",
        "stream_url": "https://www.youtube.com/watch?v=agU27LLGyZg",
        "stream_status": "TRUE",
        "stream_type": "video",
        "is_rewind": "TRUE",
        "category": "その他",
        "poi": "群上八藩",
        "poi_detail": "",
        "provider": "郡上どっとcom - YouTube",
        "provider_url": "https://www.youtube.com/@gujodotcom/streams",
        "address": "岐阜県郡上市八幡町小野二丁目",
        "last_updated": "2024-06-05 16:51:57"
      }
    },
    {
      "type": "Feature",
      "geometry": {
        "type": "Point",
        "coordinates": [
          144.38167,
          42.984856
        ]
      },
      "properties": {
        "stream_title": "【24Live】釧路夕焼け倶楽部＆ANAクラウンプラザホテル釧路 - YouTube",
        "stream_url": "https://www.youtube.com/watch?v=PaV9QIXFcEQ",
        "stream_status": "TRUE",
        "stream_type": "video",
        "is_rewind": "TRUE",
        "category": "海岸",
        "poi": "釧路港",
        "poi_detail": "ANAクラウンプラザホテル釧路・18Fラウンジ",
        "provider": "釧路夕焼け倶楽部& ANA釧路 - YouTube",
        "provider_url": "https://www.youtube.com/@ANA-fu7mv",
        "address": "北海道釧路市知人町1-1",
        "last_updated": "2024-04-10 23:05:08"
      }
    },
    {
      "type": "Feature",
      "geometry": {
        "type": "Point",
        "coordinates": [
          135.755635,
          35.021279
        ]
      },
      "properties": {
        "stream_title": "🔴【生中継】京都タワー Kyoto Japan Live Camera 🌙京都ライブカメラ 🏢🗼🕯🎑　森信三郎商舗より生中継 🌕 即時影像 LiveCam　天気 京都観光 天体 - YouTube",
        "stream_url": "https://www.youtube.com/watch?v=IQKJPxjnjUw",
        "stream_status": "TRUE",
        "stream_type": "video",
        "is_rewind": "TRUE",
        "category": "観光",
        "poi": "京都タワー",
        "poi_detail": "",
        "provider": "butsuguya(京都の祭、観光地をモバイルライブ配信) - YouTube",
        "provider_url": "https://www.youtube.com/@butsuguya",
        "address": "京都府京都市下京区東塩小路町721-1",
        "last_updated": "2024-04-10 23:03:42"
      }
    },
    {
      "type": "Feature",
      "geometry": {
        "type": "Point",
        "coordinates": [
          135.755635,
          35.021279
        ]
      },
      "properties": {
        "stream_title": "🔴🎥【LIVE】京都ライブカメラ 東本願寺 (KYOTO JAPAN LIVE CAMERA) 森信三郎商舗から生中継 即時影像 livecam　#nhk紅白歌合戦 #Ado #聖地 - YouTube",
        "stream_url": "https://www.youtube.com/watch?v=aT3saBHTTyE",
        "stream_status": "TRUE",
        "stream_type": "video",
        "is_rewind": "TRUE",
        "category": "観光",
        "poi": "東本願寺",
        "poi_detail": "",
        "provider": "butsuguya(京都の祭、観光地をモバイルライブ配信) - YouTube",
        "provider_url": "https://www.youtube.com/@butsuguya",
        "address": "京都府京都市下京区烏丸通七条上る",
        "last_updated": "2024-04-10 23:07:50"
      }
    },
    {
      "type": "Feature",
      "geometry": {
        "type": "Point",
        "coordinates": [
          144.38167,
          42.984856
        ]
      },
      "properties": {
        "stream_title": "【24Live】釧路展望レストランまいづる【夕焼け】 - YouTube",
        "stream_url": "https://www.youtube.com/watch?v=5oqgO75Eenc",
        "stream_status": "TRUE",
        "stream_type": "video",
        "is_rewind": "TRUE",
        "category": "海岸",
        "poi": "釧路港",
        "poi_detail": "釧路市生涯学習センター",
        "provider": "釧路夕焼け倶楽部& ANA釧路 - YouTube",
        "provider_url": "https://www.youtube.com/@ANA-fu7mv",
        "address": "北海道釧路市知人町1-1",
        "last_updated": "2024-04-10 23:15:09"
      }
    },
    {
      "type": "Feature",
      "geometry": {
        "type": "Point",
        "coordinates": [
          139.826725,
          38.727183
        ]
      },
      "properties": {
        "stream_title": "朝日ＴＮ山形側 のカメラ画像",
        "stream_url": "https://www2.thr.mlit.go.jp/Bumon/J76301/livecam/cctv007.html",
        "stream_status": "TRUE",
        "stream_type": "image",
        "is_rewind": "FALSE",
        "category": "道路",
        "poi": "朝日ＴＮ山形側",
        "poi_detail": "",
        "provider": "酒田河川国道事務所",
        "provider_url": "https://www.thr.mlit.go.jp/sakata/index.html",
        "address": "山形県鶴岡市田麦俣 田麦俣トンネル",
        "last_updated": "2024-04-08 20:15:03"
      }
    },
    {
      "type": "Feature",
      "geometry": {
        "type": "Point",
        "coordinates": [
          139.826725,
          38.727183
        ]
      },
      "properties": {
        "stream_title": "米の粉ＤＩ前 のカメラ画像",
        "stream_url": "https://www2.thr.mlit.go.jp/Bumon/J76301/livecam/cctv001.html",
        "stream_status": "TRUE",
        "stream_type": "image",
        "is_rewind": "FALSE",
        "category": "道路",
        "poi": "米の粉ＤＩ",
        "poi_detail": "",
        "provider": "酒田河川国道事務所",
        "provider_url": "https://www.thr.mlit.go.jp/sakata/index.html",
        "address": "山形県鶴岡市上名川11-1",
        "last_updated": "2024-04-10 14:21:48"
      }
    },
    {
      "type": "Feature",
      "geometry": {
        "type": "Point",
        "coordinates": [
          130.557339,
          31.596789
        ]
      },
      "properties": {
        "stream_title": "南日本新聞　桜島ライブカメラ",
        "stream_url": "https://373news.com/_sakucap/index.php",
        "stream_status": "TRUE",
        "stream_type": "image",
        "is_rewind": "TRUE",
        "category": "山岳",
        "poi": "桜島",
        "poi_detail": "鹿児島市の南日本新聞会館９Ｆ",
        "provider": "南日本新聞",
        "provider_url": "https://373news.com/_sakucap/",
        "address": "鹿児島県鹿児島市与次郎1丁目9-33",
        "last_updated": "2024-04-09 13:13:29"
      }
    },
    {
      "type": "Feature",
      "geometry": {
        "type": "Point",
        "coordinates": [
          142.365314,
          43.771404
        ]
      },
      "properties": {
        "stream_title": "HBC情報カメラ・いまの旭川 ",
        "stream_url": "https://www.hbc.co.jp/info-cam/asahikawa.html",
        "stream_status": "TRUE",
        "stream_type": "image",
        "is_rewind": "FALSE",
        "category": "その他",
        "poi": "旭川の市街地北側",
        "poi_detail": "OMO7旭川 by 星野リゾート」の屋上",
        "provider": "HBC情報カメラ",
        "provider_url": "https://www.hbc.co.jp/snowfes2018/",
        "address": "北海道旭川市六条通九丁目右1",
        "last_updated": "2024-04-10 14:18:19"
      }
    },
    {
      "type": "Feature",
      "geometry": {
        "type": "Point",
        "coordinates": [
          140.611175,
          42.980407
        ]
      },
      "properties": {
        "stream_title": "HBC情報カメラ・いまの稲穂峠",
        "stream_url": "https://www.hbc.co.jp/info-cam/inahotoge.html",
        "stream_status": "TRUE",
        "stream_type": "image",
        "is_rewind": "FALSE",
        "category": "道路",
        "poi": "北海道余市郡仁木町字稲穂峠",
        "poi_detail": "",
        "provider": "HBC情報カメラ",
        "provider_url": "https://www.hbc.co.jp/snowfes2018/",
        "address": "北海道岩内郡共和町国富",
        "last_updated": "2024-04-10 14:18:36"
      }
    },
    {
      "type": "Feature",
      "geometry": {
        "type": "Point",
        "coordinates": [
          141.759587,
          43.203852
        ]
      },
      "properties": {
        "stream_title": "HBC情報カメラ・いまの岩見沢",
        "stream_url": "https://www.hbc.co.jp/info-cam/iwamizawa.html",
        "stream_status": "TRUE",
        "stream_type": "image",
        "is_rewind": "FALSE",
        "category": "鉄道",
        "poi": "ＪＲ岩見沢駅中央口前の広場",
        "poi_detail": "岩見沢市自治体ネットワークセンターの屋上",
        "provider": "HBC情報カメラ",
        "provider_url": "https://www.hbc.co.jp/snowfes2018/",
        "address": "北海道岩見沢市有明町南1-20",
        "last_updated": "2024-04-10 14:18:45"
      }
    },
    {
      "type": "Feature",
      "geometry": {
        "type": "Point",
        "coordinates": [
          144.38167,
          42.984856
        ]
      },
      "properties": {
        "stream_title": "HBC情報カメラ・いまの釧路",
        "stream_url": "https://www.hbc.co.jp/info-cam/kushiro.html",
        "stream_status": "TRUE",
        "stream_type": "image",
        "is_rewind": "FALSE",
        "category": "河川",
        "poi": "幣舞橋",
        "poi_detail": "釧路川南側の高台にある釧路市生涯学習センター「まなぼっと幣舞」",
        "provider": "HBC情報カメラ",
        "provider_url": "https://www.hbc.co.jp/snowfes2018/",
        "address": "北海道釧路市幣舞町4-28",
        "last_updated": "2024-04-10 11:06:16"
      }
    },
    {
      "type": "Feature",
      "geometry": {
        "type": "Point",
        "coordinates": [
          143.311498,
          42.285841
        ]
      },
      "properties": {
        "stream_title": "HBC情報カメラ・いまの広尾｜HBC北海道放送",
        "stream_url": "https://www.hbc.co.jp/info-cam/hiroo.html",
        "stream_status": "TRUE",
        "stream_type": "image",
        "is_rewind": "FALSE",
        "category": "海岸",
        "poi": "十勝港",
        "poi_detail": "",
        "provider": "HBC情報カメラ",
        "provider_url": "https://www.hbc.co.jp/snowfes2018/",
        "address": "北海道広尾郡広尾町会所前六丁目-2",
        "last_updated": "2024-04-10 12:42:12"
      }
    },
    {
      "type": "Feature",
      "geometry": {
        "type": "Point",
        "coordinates": [
          140.12756,
          41.869244
        ]
      },
      "properties": {
        "stream_title": "HBC情報カメラ・いまの江差",
        "stream_url": "https://www.hbc.co.jp/info-cam/esashi.html",
        "stream_status": "TRUE",
        "stream_type": "image",
        "is_rewind": "FALSE",
        "category": "海岸",
        "poi": "江差港",
        "poi_detail": "",
        "provider": "HBC情報カメラ",
        "provider_url": "https://www.hbc.co.jp/snowfes2018/",
        "address": "北海道檜山郡江差町 江差港北埠頭",
        "last_updated": "2024-04-10 12:42:59"
      }
    },
    {
      "type": "Feature",
      "geometry": {
        "type": "Point",
        "coordinates": [
          145.582903,
          43.330036
        ]
      },
      "properties": {
        "stream_title": "HBC情報カメラ・いまの根室花咲港",
        "stream_url": "https://www.hbc.co.jp/info-cam/nemuro.html",
        "stream_status": "TRUE",
        "stream_type": "image",
        "is_rewind": "FALSE",
        "category": "海岸",
        "poi": "根室花咲港",
        "poi_detail": "",
        "provider": "HBC情報カメラ",
        "provider_url": "https://www.hbc.co.jp/snowfes2018/",
        "address": "北海道根室市花咲港434",
        "last_updated": "2024-04-10 12:45:08"
      }
    },
    {
      "type": "Feature",
      "geometry": {
        "type": "Point",
        "coordinates": [
          141.35389,
          43.061414
        ]
      },
      "properties": {
        "stream_title": "HBC情報カメラ・いまの札幌",
        "stream_url": "https://www.hbc.co.jp/info-cam/sapporo.html",
        "stream_status": "TRUE",
        "stream_type": "image",
        "is_rewind": "FALSE",
        "category": "その他",
        "poi": "大通公園",
        "poi_detail": "大通ビッセ屋上",
        "provider": "HBC情報カメラ",
        "provider_url": "https://www.hbc.co.jp/snowfes2018/",
        "address": "北海道札幌市中央区大通西三丁目7 北洋大通センター",
        "last_updated": "2024-04-10 12:48:37"
      }
    },
    {
      "type": "Feature",
      "geometry": {
        "type": "Point",
        "coordinates": [
          143.296243,
          43.232615
        ]
      },
      "properties": {
        "stream_title": "HBC情報カメラ・いまの三国峠帯広側",
        "stream_url": "https://www.hbc.co.jp/info-cam/mikuni.html",
        "stream_status": "TRUE",
        "stream_type": "image",
        "is_rewind": "FALSE",
        "category": "道路",
        "poi": "三国峠帯広側",
        "poi_detail": "",
        "provider": "HBC情報カメラ",
        "provider_url": "https://www.hbc.co.jp/snowfes2018/",
        "address": "北海道河東郡上士幌町字三股国有林",
        "last_updated": "2024-04-10 12:51:40"
      }
    },
    {
      "type": "Feature",
      "geometry": {
        "type": "Point",
        "coordinates": [
          140.937252,
          42.333853
        ]
      },
      "properties": {
        "stream_title": "HBC情報カメラ・いまの室蘭｜HBC北海道放送",
        "stream_url": "https://www.hbc.co.jp/info-cam/muroran.html",
        "stream_status": "TRUE",
        "stream_type": "image",
        "is_rewind": "FALSE",
        "category": "海岸",
        "poi": "室蘭港",
        "poi_detail": "特別養護老人ホーム「幸清会　みたらの杜」の屋上",
        "provider": "HBC情報カメラ",
        "provider_url": "https://www.hbc.co.jp/snowfes2018/",
        "address": "北海道室蘭市絵鞆町二丁目22-37",
        "last_updated": "2024-04-10 13:29:15"
      }
    },
    {
      "type": "Feature",
      "geometry": {
        "type": "Point",
        "coordinates": [
          145.000412,
          44.0720219
        ]
      },
      "properties": {
        "stream_title": "HBC情報カメラ・いまの斜里町ウトロ｜HBC北海道放送",
        "stream_url": "https://www.hbc.co.jp/info-cam/utoro.html",
        "stream_status": "TRUE",
        "stream_type": "image",
        "is_rewind": "FALSE",
        "category": "海岸",
        "poi": "斜里町ウトロ",
        "poi_detail": "KIKI知床　ナチュラルリゾート",
        "provider": "HBC情報カメラ",
        "provider_url": "https://www.hbc.co.jp/snowfes2018/",
        "address": "北海道斜里郡斜里町ウトロ香川192",
        "last_updated": "2024-04-10 13:31:55"
      }
    },
    {
      "type": "Feature",
      "geometry": {
        "type": "Point",
        "coordinates": [
          142.568522,
          43.164088
        ]
      },
      "properties": {
        "stream_title": "HBC情報カメラ・いまの狩勝峠",
        "stream_url": "https://www.hbc.co.jp/info-cam/karikachi.html",
        "stream_status": "TRUE",
        "stream_type": "image",
        "is_rewind": "FALSE",
        "category": "道路",
        "poi": "狩勝峠",
        "poi_detail": "",
        "provider": "HBC情報カメラ",
        "provider_url": "https://www.hbc.co.jp/snowfes2018/",
        "address": "北海道空知郡南富良野町字落合地内",
        "last_updated": "2024-04-10 13:33:07"
      }
    },
    {
      "type": "Feature",
      "geometry": {
        "type": "Point",
        "coordinates": [
          140.994605,
          43.1907527
        ]
      },
      "properties": {
        "stream_title": "HBC情報カメラ・いまの小樽",
        "stream_url": "https://www.hbc.co.jp/info-cam/otaru.html",
        "stream_status": "TRUE",
        "stream_type": "image",
        "is_rewind": "FALSE",
        "category": "海岸",
        "poi": "小樽運河",
        "poi_detail": "小樽運河に近い15階建てビル",
        "provider": "HBC情報カメラ",
        "provider_url": "https://www.hbc.co.jp/snowfes2018/",
        "address": "北海道小樽市港町5-4",
        "last_updated": "2024-04-10 13:38:25"
      }
    },
    {
      "type": "Feature",
      "geometry": {
        "type": "Point",
        "coordinates": [
          141.695934,
          42.783915
        ]
      },
      "properties": {
        "stream_title": "HBC情報カメラ・いまの新千歳空港",
        "stream_url": "https://www.hbc.co.jp/info-cam/shinchitose.html",
        "stream_status": "TRUE",
        "stream_type": "image",
        "is_rewind": "FALSE",
        "category": "空港",
        "poi": "新千歳空港",
        "poi_detail": "セイコーエプソン（株）千歳事業所の工場ビル",
        "provider": "HBC情報カメラ",
        "provider_url": "https://www.hbc.co.jp/snowfes2018/",
        "address": "北海道千歳市美々758-173",
        "last_updated": "2024-04-10 13:39:58"
      }
    },
    {
      "type": "Feature",
      "geometry": {
        "type": "Point",
        "coordinates": [
          142.770459,
          43.847128
        ]
      },
      "properties": {
        "stream_title": "HBC情報カメラ・いまの石北峠",
        "stream_url": "https://www.hbc.co.jp/info-cam/sekihoku.html",
        "stream_status": "TRUE",
        "stream_type": "image",
        "is_rewind": "FALSE",
        "category": "道路",
        "poi": "石北峠",
        "poi_detail": "",
        "provider": "HBC情報カメラ",
        "provider_url": "https://www.hbc.co.jp/snowfes2018/",
        "address": "北海道上川郡上川町字層雲峡国有林",
        "last_updated": "2024-04-10 13:40:58"
      }
    },
    {
      "type": "Feature",
      "geometry": {
        "type": "Point",
        "coordinates": [
          143.204013,
          42.919751
        ]
      },
      "properties": {
        "stream_title": "HBC情報カメラ・いまの帯広",
        "stream_url": "https://www.hbc.co.jp/info-cam/obihiro.html",
        "stream_status": "TRUE",
        "stream_type": "image",
        "is_rewind": "FALSE",
        "category": "鉄道",
        "poi": "ＪＲ帯広駅北口",
        "poi_detail": "プレミアホテル-CABIN-帯広",
        "provider": "HBC情報カメラ",
        "provider_url": "https://www.hbc.co.jp/snowfes2018/",
        "address": "北海道帯広市西一条南十一丁目",
        "last_updated": "2024-04-10 13:42:07"
      }
    },
    {
      "type": "Feature",
      "geometry": {
        "type": "Point",
        "coordinates": [
          141.674318,
          45.418418
        ]
      },
      "properties": {
        "stream_title": "HBC情報カメラ・いまの稚内",
        "stream_url": "https://www.hbc.co.jp/info-cam/wakkanai.html",
        "stream_status": "TRUE",
        "stream_type": "image",
        "is_rewind": "FALSE",
        "category": "海岸",
        "poi": "ＪＲ稚内駅",
        "poi_detail": "ドーミーイン稚内",
        "provider": "HBC情報カメラ",
        "provider_url": "https://www.hbc.co.jp/snowfes2018/",
        "address": "北海道稚内市中央二丁目7-13",
        "last_updated": "2024-04-10 13:46:40"
      }
    },
    {
      "type": "Feature",
      "geometry": {
        "type": "Point",
        "coordinates": [
          140.934532,
          42.795439
        ]
      },
      "properties": {
        "stream_title": "HBC情報カメラ・いまの中山峠",
        "stream_url": "https://www.hbc.co.jp/info-cam/nakayama.html",
        "stream_status": "TRUE",
        "stream_type": "image",
        "is_rewind": "FALSE",
        "category": "道路",
        "poi": "中山峠",
        "poi_detail": "",
        "provider": "HBC情報カメラ",
        "provider_url": "https://www.hbc.co.jp/snowfes2018/",
        "address": "北海道虻田郡喜茂別町字川上中山峠",
        "last_updated": "2024-04-10 13:50:59"
      }
    },
    {
      "type": "Feature",
      "geometry": {
        "type": "Point",
        "coordinates": [
          140.934532,
          42.795439
        ]
      },
      "properties": {
        "stream_title": "HBC情報カメラ・いまの日勝峠9合目",
        "stream_url": "https://www.hbc.co.jp/info-cam/nissyo.html",
        "stream_status": "TRUE",
        "stream_type": "image",
        "is_rewind": "FALSE",
        "category": "道路",
        "poi": "日勝峠9合目\n",
        "poi_detail": "",
        "provider": "HBC情報カメラ",
        "provider_url": "https://www.hbc.co.jp/snowfes2018/",
        "address": "北海道虻田郡喜茂別町字川上中山峠",
        "last_updated": "2024-04-10 13:51:33"
      }
    },
    {
      "type": "Feature",
      "geometry": {
        "type": "Point",
        "coordinates": [
          140.729108,
          41.768712
        ]
      },
      "properties": {
        "stream_title": "HBC情報カメラ・いまの函館",
        "stream_url": "https://www.hbc.co.jp/info-cam/hakodate.html",
        "stream_status": "TRUE",
        "stream_type": "image",
        "is_rewind": "FALSE",
        "category": "海岸",
        "poi": "陸繋島・トンボロ",
        "poi_detail": "函館山",
        "provider": "HBC情報カメラ",
        "provider_url": "https://www.hbc.co.jp/snowfes2018/",
        "address": "北海道函館市函館山",
        "last_updated": "2024-04-10 13:55:30"
      }
    },
    {
      "type": "Feature",
      "geometry": {
        "type": "Point",
        "coordinates": [
          140.713669,
          41.7661401
        ]
      },
      "properties": {
        "stream_title": "HBC情報カメラ・いまの函館ベイエリア",
        "stream_url": "https://www.hbc.co.jp/info-cam/hakodatebayarea.html",
        "stream_status": "TRUE",
        "stream_type": "image",
        "is_rewind": "FALSE",
        "category": "海岸",
        "poi": "函館ベイエリア",
        "poi_detail": "ＳＥＣ本社ビル",
        "provider": "HBC情報カメラ",
        "provider_url": "https://www.hbc.co.jp/snowfes2018/",
        "address": "北海道函館市末広町22-2",
        "last_updated": "2024-04-10 13:59:51"
      }
    },
    {
      "type": "Feature",
      "geometry": {
        "type": "Point",
        "coordinates": [
          140.529642,
          43.260397
        ]
      },
      "properties": {
        "stream_title": "HBC情報カメラ・いまの美国峠",
        "stream_url": "https://www.hbc.co.jp/info-cam/bikuni.html",
        "stream_status": "TRUE",
        "stream_type": "image",
        "is_rewind": "FALSE",
        "category": "道路",
        "poi": "美国峠",
        "poi_detail": "",
        "provider": "HBC情報カメラ",
        "provider_url": "https://www.hbc.co.jp/snowfes2018/",
        "address": "北海道積丹郡積丹町大字美国町小泊",
        "last_updated": "2024-04-10 14:01:41"
      }
    },
    {
      "type": "Feature",
      "geometry": {
        "type": "Point",
        "coordinates": [
          141.651139,
          42.821124
        ]
      },
      "properties": {
        "stream_title": "HBC情報カメラ・いまの美笛峠",
        "stream_url": "https://www.hbc.co.jp/info-cam/bifue.html",
        "stream_status": "TRUE",
        "stream_type": "image",
        "is_rewind": "FALSE",
        "category": "道路",
        "poi": "美笛峠",
        "poi_detail": "",
        "provider": "HBC情報カメラ",
        "provider_url": "https://www.hbc.co.jp/snowfes2018/",
        "address": "北海道千歳市滝笛",
        "last_updated": "2024-04-10 14:02:17"
      }
    },
    {
      "type": "Feature",
      "geometry": {
        "type": "Point",
        "coordinates": [
          143.896082,
          43.8052715
        ]
      },
      "properties": {
        "stream_title": "HBC情報カメラ・いまの北見",
        "stream_url": "https://www.hbc.co.jp/info-cam/kitami.html",
        "stream_status": "TRUE",
        "stream_type": "image",
        "is_rewind": "FALSE",
        "category": "観光",
        "poi": "北見",
        "poi_detail": "",
        "provider": "HBC情報カメラ",
        "provider_url": "https://www.hbc.co.jp/snowfes2018/",
        "address": "北海道北見市大通西一丁目2-1",
        "last_updated": "2024-04-10 14:08:30"
      }
    },
    {
      "type": "Feature",
      "geometry": {
        "type": "Point",
        "coordinates": [
          143.527726,
          44.061947
        ]
      },
      "properties": {
        "stream_title": "HBC情報カメラ・いまの北見峠",
        "stream_url": "https://www.hbc.co.jp/info-cam/kitamitoge.html",
        "stream_status": "TRUE",
        "stream_type": "image",
        "is_rewind": "FALSE",
        "category": "道路",
        "poi": "北見峠",
        "poi_detail": "",
        "provider": "HBC情報カメラ",
        "provider_url": "https://www.hbc.co.jp/snowfes2018/",
        "address": "北海道紋別郡遠軽町白滝国有林",
        "last_updated": "2024-04-10 14:13:45"
      }
    },
    {
      "type": "Feature",
      "geometry": {
        "type": "Point",
        "coordinates": [
          141.637009,
          43.940987
        ]
      },
      "properties": {
        "stream_title": "HBC情報カメラ・いまの留萌",
        "stream_url": "https://www.hbc.co.jp/info-cam/rumoi.html",
        "stream_status": "TRUE",
        "stream_type": "image",
        "is_rewind": "FALSE",
        "category": "海岸",
        "poi": "留萌市",
        "poi_detail": "留萌市役所",
        "provider": "HBC情報カメラ",
        "provider_url": "https://www.hbc.co.jp/snowfes2018/",
        "address": "北海道留萌市幸町一丁目11-11",
        "last_updated": "2024-04-10 14:16:06"
      }
    },
    {
      "type": "Feature",
      "geometry": {
        "type": "Point",
        "coordinates": [
          138.568379,
          35.663935
        ]
      },
      "properties": {
        "stream_title": "hujiyamaツインテラス・富士山ライブカメラ",
        "stream_url": "https://www.fuefuki-kanko.jp/livecam/",
        "stream_status": "TRUE",
        "stream_type": "image",
        "is_rewind": "TRUE",
        "category": "山岳",
        "poi": "富士山",
        "poi_detail": "fujiyamaツインテラス",
        "provider": "ふえふき観光ナビ",
        "provider_url": "https://www.fuefuki-kanko.jp/",
        "address": "山梨県笛吹市芦川町上芦川",
        "last_updated": "2024-04-10 14:57:09"
      }
    },
    {
      "type": "Feature",
      "geometry": {
        "type": "Point",
        "coordinates": [
          130.741134,
          32.790374
        ]
      },
      "properties": {
        "stream_title": "火山研究センターカメラ",
        "stream_url": "https://www.aso.vgs.kyoto-u.ac.jp/camera/avl/index.html",
        "stream_status": "TRUE",
        "stream_type": "image",
        "is_rewind": "TRUE",
        "category": "山岳",
        "poi": "",
        "poi_detail": "火山研究センター",
        "provider": "火山研究センター",
        "provider_url": "https://www.aso.vgs.kyoto-u.ac.jp/camera/index.html",
        "address": "熊本県阿蘇郡南阿蘇村河陽5280",
        "last_updated": "2024-04-10 15:25:34"
      }
    },
    {
      "type": "Feature",
      "geometry": {
        "type": "Point",
        "coordinates": [
          130.741134,
          32.790374
        ]
      },
      "properties": {
        "stream_title": "本堂カメラ",
        "stream_url": "https://www.aso.vgs.kyoto-u.ac.jp/camera/hondo/index.html",
        "stream_status": "TRUE",
        "stream_type": "image",
        "is_rewind": "FALSE",
        "category": "山岳",
        "poi": "",
        "poi_detail": "京都大学観測所",
        "provider": "火山研究センター",
        "provider_url": "https://www.aso.vgs.kyoto-u.ac.jp/camera/index.html",
        "address": "熊本県阿蘇市郡阿蘇市",
        "last_updated": "2024-04-10 15:31:20"
      }
    },
    {
      "type": "Feature",
      "geometry": {
        "type": "Point",
        "coordinates": [
          140.788519,
          40.215789
        ]
      },
      "properties": {
        "stream_title": "（公式）秋田八幡平スキー場 l　ライブカメラ",
        "stream_url": "https://www.akihachi.jp/live.html",
        "stream_status": "TRUE",
        "stream_type": "image",
        "is_rewind": "FALSE",
        "category": "観光",
        "poi": "秋田八幡平スキー場",
        "poi_detail": "秋田八幡平スキー場レストラン",
        "provider": "秋田八幡平スキー場",
        "provider_url": "https://www.akihachi.jp/index.html",
        "address": "秋田県鹿角市八幡平熊沢外8国有林",
        "last_updated": "2024-04-10 15:49:21"
      }
    },
    {
      "type": "Feature",
      "geometry": {
        "type": "Point",
        "coordinates": [
          132.218942,
          34.1665
        ]
      },
      "properties": {
        "stream_title": "錦帯橋・ライブカメラ",
        "stream_url": "http://202.87.238.166/live/index.html?Language=1&ViewMode=pull",
        "stream_status": "TRUE",
        "stream_type": "image",
        "is_rewind": "FALSE",
        "category": "河川",
        "poi": "錦帯橋",
        "poi_detail": "",
        "provider": "岩国市公式ホームページ",
        "provider_url": "https://kintaikyo.iwakuni-city.net/liveview.html#",
        "address": "山口県岩国市岩国",
        "last_updated": "2024-04-10 15:59:37"
      }
    },
    {
      "type": "Feature",
      "geometry": {
        "type": "Point",
        "coordinates": [
          134.559484,
          34.065728
        ]
      },
      "properties": {
        "stream_title": "【美馬市】観光サイト(うだつの町並み①)",
        "stream_url": "http://cam6.city.mima.lg.jp/live/index.html?Language=1&ViewMode=pull",
        "stream_status": "TRUE",
        "stream_type": "image",
        "is_rewind": "FALSE",
        "category": "観光",
        "poi": "うだつの町並み",
        "poi_detail": "",
        "provider": "【美馬市】観光サイト",
        "provider_url": "https://www.city.mima.lg.jp/kanko/livecamera/",
        "address": "徳島県美馬市脇町大字脇町162-2",
        "last_updated": "2024-04-11 0:43:01"
      }
    },
    {
      "type": "Feature",
      "geometry": {
        "type": "Point",
        "coordinates": [
          134.559484,
          34.065728
        ]
      },
      "properties": {
        "stream_title": "【美馬市】観光サイト(うだつの町並み②)",
        "stream_url": "https://www.city.mima.lg.jp/kanko/livecamera/",
        "stream_status": "TRUE",
        "stream_type": "image",
        "is_rewind": "FALSE",
        "category": "観光",
        "poi": "うだつの町並み",
        "poi_detail": "",
        "provider": "【美馬市】観光サイト",
        "provider_url": "https://www.city.mima.lg.jp/kanko/livecamera/",
        "address": "徳島県美馬市脇町大字脇町162-2",
        "last_updated": "2024-04-11 0:43:10"
      }
    },
    {
      "type": "Feature",
      "geometry": {
        "type": "Point",
        "coordinates": [
          134.559484,
          34.065728
        ]
      },
      "properties": {
        "stream_title": "【美馬市】観光サイト(穴吹川（二又の瀬）)",
        "stream_url": "http://cam3.city.mima.lg.jp/#view",
        "stream_status": "TRUE",
        "stream_type": "image",
        "is_rewind": "FALSE",
        "category": "河川",
        "poi": "穴吹川（二又の瀬）",
        "poi_detail": "",
        "provider": "【美馬市】観光サイト",
        "provider_url": "https://www.city.mima.lg.jp/kanko/livecamera/",
        "address": "徳島県美馬市穴吹町口山",
        "last_updated": "2024-04-11 0:46:24"
      }
    },
    {
      "type": "Feature",
      "geometry": {
        "type": "Point",
        "coordinates": [
          130.741134,
          32.790374
        ]
      },
      "properties": {
        "stream_title": "JAL-天気情報(阿蘇くまもと空港)",
        "stream_url": "https://weather.jal.co.jp/livecam/spot.html?camid=410000175",
        "stream_status": "TRUE",
        "stream_type": "image",
        "is_rewind": "TRUE",
        "category": "空港",
        "poi": "阿蘇くまもと空港",
        "poi_detail": "",
        "provider": "JAL天気予報",
        "provider_url": "https://weather.jal.co.jp/livecam/index.html",
        "address": "熊本県上益城郡益城町小谷1802-2",
        "last_updated": "2024-04-11 12:59:07"
      }
    },
    {
      "type": "Feature",
      "geometry": {
        "type": "Point",
        "coordinates": [
          139.715987,
          35.56126
        ]
      },
      "properties": {
        "stream_title": "JAL-天気情報(東京国際空港（羽田）1)",
        "stream_url": "https://weather.jal.co.jp/livecam/spot.html?camid=410000160",
        "stream_status": "TRUE",
        "stream_type": "image",
        "is_rewind": "TRUE",
        "category": "空港",
        "poi": "東京国際空港（羽田）1",
        "poi_detail": "",
        "provider": "JAL天気予報",
        "provider_url": "https://weather.jal.co.jp/livecam/index.html",
        "address": "東京都大田区羽田空港",
        "last_updated": "2024-04-11 13:06:48"
      }
    },
    {
      "type": "Feature",
      "geometry": {
        "type": "Point",
        "coordinates": [
          139.715987,
          35.56126
        ]
      },
      "properties": {
        "stream_title": "JAL-天気情報（東京国際空港（羽田）2）",
        "stream_url": "https://weather.jal.co.jp/livecam/spot.html?camid=410000161",
        "stream_status": "TRUE",
        "stream_type": "image",
        "is_rewind": "TRUE",
        "category": "空港",
        "poi": "東京国際空港（羽田）2",
        "poi_detail": "",
        "provider": "JAL天気予報",
        "provider_url": "https://weather.jal.co.jp/livecam/index.html",
        "address": "東京都大田区羽田空港",
        "last_updated": "2024-04-11 13:06:36"
      }
    },
    {
      "type": "Feature",
      "geometry": {
        "type": "Point",
        "coordinates": [
          139.715987,
          35.56126
        ]
      },
      "properties": {
        "stream_title": "JAL-天気情報(東京国際空港（羽田）3)",
        "stream_url": "https://weather.jal.co.jp/livecam/spot.html?camid=410000151",
        "stream_status": "TRUE",
        "stream_type": "image",
        "is_rewind": "TRUE",
        "category": "空港",
        "poi": "東京国際空港（羽田）3",
        "poi_detail": "",
        "provider": "JAL天気予報",
        "provider_url": "https://weather.jal.co.jp/livecam/index.html",
        "address": "東京都大田区羽田空港",
        "last_updated": "2024-04-11 13:12:11"
      }
    },
    {
      "type": "Feature",
      "geometry": {
        "type": "Point",
        "coordinates": [
          139.715987,
          35.56126
        ]
      },
      "properties": {
        "stream_title": "JAL-天気情報(東京国際空港（羽田）4)",
        "stream_url": "https://weather.jal.co.jp/livecam/spot.html?camid=410000150",
        "stream_status": "TRUE",
        "stream_type": "image",
        "is_rewind": "TRUE",
        "category": "空港",
        "poi": "東京国際空港（羽田）4",
        "poi_detail": "",
        "provider": "JAL天気予報",
        "provider_url": "https://weather.jal.co.jp/livecam/index.html",
        "address": "東京都大田区羽田空港",
        "last_updated": "2024-04-11 14:14:51"
      }
    },
    {
      "type": "Feature",
      "geometry": {
        "type": "Point",
        "coordinates": [
          135.519994,
          34.686394
        ]
      },
      "properties": {
        "stream_title": "JAL-天気情報（大阪国際空港（伊丹））",
        "stream_url": "https://weather.jal.co.jp/livecam/spot.html?camid=410000153",
        "stream_status": "TRUE",
        "stream_type": "image",
        "is_rewind": "TRUE",
        "category": "空港",
        "poi": "大阪国際空港（伊丹）",
        "poi_detail": "",
        "provider": "JAL天気予報",
        "provider_url": "https://weather.jal.co.jp/livecam/index.html",
        "address": "大阪府豊中市螢池西町3丁目555",
        "last_updated": "2024-04-11 13:14:17"
      }
    },
    {
      "type": "Feature",
      "geometry": {
        "type": "Point",
        "coordinates": [
          135.519994,
          34.686394
        ]
      },
      "properties": {
        "stream_title": "JAL-天気情報（関西国際空港）",
        "stream_url": "https://weather.jal.co.jp/livecam/spot.html?camid=410000158",
        "stream_status": "TRUE",
        "stream_type": "image",
        "is_rewind": "TRUE",
        "category": "空港",
        "poi": "関西国際空港",
        "poi_detail": "",
        "provider": "JAL天気予報",
        "provider_url": "https://weather.jal.co.jp/livecam/index.html",
        "address": "大阪府泉佐野市泉州空港北1",
        "last_updated": "2024-04-11 13:16:15"
      }
    },
    {
      "type": "Feature",
      "geometry": {
        "type": "Point",
        "coordinates": [
          141.695934,
          42.783915
        ]
      },
      "properties": {
        "stream_title": "JAL-天気情報（新千歳空港）",
        "stream_url": "https://weather.jal.co.jp/livecam/spot.html?camid=410000156",
        "stream_status": "TRUE",
        "stream_type": "image",
        "is_rewind": "TRUE",
        "category": "空港",
        "poi": "新千歳空港",
        "poi_detail": "",
        "provider": "JAL天気予報",
        "provider_url": "https://weather.jal.co.jp/livecam/index.html",
        "address": "北海道千歳市美々",
        "last_updated": "2024-04-11 13:17:30"
      }
    },
    {
      "type": "Feature",
      "geometry": {
        "type": "Point",
        "coordinates": [
          130.414372,
          33.590787
        ]
      },
      "properties": {
        "stream_title": "JAL-天気情報（福岡空港）",
        "stream_url": "https://weather.jal.co.jp/livecam/spot.html?camid=410000155",
        "stream_status": "TRUE",
        "stream_type": "image",
        "is_rewind": "TRUE",
        "category": "空港",
        "poi": "福岡空港",
        "poi_detail": "",
        "provider": "JAL天気予報",
        "provider_url": "https://weather.jal.co.jp/livecam/index.html",
        "address": "福岡県福岡市博多区下臼井778-1",
        "last_updated": "2024-04-11 14:13:27"
      }
    },
    {
      "type": "Feature",
      "geometry": {
        "type": "Point",
        "coordinates": [
          127.651985,
          26.210713
        ]
      },
      "properties": {
        "stream_title": "JAL-天気情報（那覇空港）",
        "stream_url": "https://weather.jal.co.jp/livecam/spot.html?camid=410000154",
        "stream_status": "TRUE",
        "stream_type": "image",
        "is_rewind": "TRUE",
        "category": "空港",
        "poi": "那覇空港",
        "poi_detail": "",
        "provider": "JAL天気予報",
        "provider_url": "https://weather.jal.co.jp/livecam/index.html",
        "address": "沖縄県那覇市字鏡水150",
        "last_updated": "2024-04-11 13:19:25"
      }
    },
    {
      "type": "Feature",
      "geometry": {
        "type": "Point",
        "coordinates": [
          144.38167,
          42.984856
        ]
      },
      "properties": {
        "stream_title": "JAL-天気情報（たんちょう釧路空港）",
        "stream_url": "https://weather.jal.co.jp/livecam/spot.html?camid=410000164",
        "stream_status": "TRUE",
        "stream_type": "image",
        "is_rewind": "TRUE",
        "category": "空港",
        "poi": "たんちょう釧路空港",
        "poi_detail": "",
        "provider": "JAL天気予報",
        "provider_url": "https://weather.jal.co.jp/livecam/index.html",
        "address": "北海道釧路市鶴丘2",
        "last_updated": "2024-04-11 18:54:05"
      }
    },
    {
      "type": "Feature",
      "geometry": {
        "type": "Point",
        "coordinates": [
          132.88449,
          35.414944
        ]
      },
      "properties": {
        "stream_title": "JAL-天気情報（出雲縁結び空港）",
        "stream_url": "https://weather.jal.co.jp/livecam/spot.html?camid=410000169",
        "stream_status": "TRUE",
        "stream_type": "image",
        "is_rewind": "TRUE",
        "category": "空港",
        "poi": "出雲縁結び空港",
        "poi_detail": "",
        "provider": "JAL天気予報",
        "provider_url": "https://weather.jal.co.jp/livecam/index.html",
        "address": "島根県出雲市斐川町沖洲2633-1",
        "last_updated": "2024-04-11 14:14:22"
      }
    },
    {
      "type": "Feature",
      "geometry": {
        "type": "Point",
        "coordinates": [
          131.612605,
          33.238128
        ]
      },
      "properties": {
        "stream_title": "JAL-天気情報（大分空港）",
        "stream_url": "https://weather.jal.co.jp/livecam/spot.html?camid=410000168",
        "stream_status": "TRUE",
        "stream_type": "image",
        "is_rewind": "TRUE",
        "category": "空港",
        "poi": "大分空港",
        "poi_detail": "",
        "provider": "JAL天気予報",
        "provider_url": "https://weather.jal.co.jp/livecam/index.html",
        "address": "大分県国東市安岐町下原13",
        "last_updated": "2024-04-11 14:14:45"
      }
    },
    {
      "type": "Feature",
      "geometry": {
        "type": "Point",
        "coordinates": [
          141.340882,
          43.090693
        ]
      },
      "properties": {
        "stream_title": "ＪＲ札幌駅 ｜ ライブカメラ ｜ ＳＴＶ札幌テレビ",
        "stream_url": "https://www.stv.jp/webcam/jrsapporosta/index.html",
        "stream_status": "TRUE",
        "stream_type": "image",
        "is_rewind": "FALSE",
        "category": "鉄道",
        "poi": "ＪＲ札幌駅",
        "poi_detail": "北海道札幌市北区 札幌医療リハビリ専門学校",
        "provider": "札幌テレビ",
        "provider_url": "https://www.stv.jp/webcam/index.html",
        "address": "北海道札幌市北区北六条西四丁目",
        "last_updated": "2024-04-11 16:21:52"
      }
    },
    {
      "type": "Feature",
      "geometry": {
        "type": "Point",
        "coordinates": [
          130.557339,
          31.596789
        ]
      },
      "properties": {
        "stream_title": "KKB情報カメラ",
        "stream_url": "https://www.kkb.co.jp/sakurajima_image2/kkb_camera.php",
        "stream_status": "TRUE",
        "stream_type": "image",
        "is_rewind": "TRUE",
        "category": "海岸",
        "poi": "桜島",
        "poi_detail": "",
        "provider": "KKB情報カメラ",
        "provider_url": "https://www.kkb.co.jp/chuoueki_image/kkb_camera.php",
        "address": "鹿児島県鹿児島市与次郎2丁目2-2",
        "last_updated": "2024-04-11 16:38:24"
      }
    },
    {
      "type": "Feature",
      "geometry": {
        "type": "Point",
        "coordinates": [
          139.698204,
          36.719861
        ]
      },
      "properties": {
        "stream_title": "頭部日光駅前ライブカメラ",
        "stream_url": "http://www.bussanshokai.com/camera/index.shtml",
        "stream_status": "TRUE",
        "stream_type": "image",
        "is_rewind": "FALSE",
        "category": "鉄道",
        "poi": "東武日光駅",
        "poi_detail": "金谷ホテルベーカリー東武日光駅前店 ラ・セゾン",
        "provider": "日光物産商会｜日光国立公園　神橋のすぐそば",
        "provider_url": "https://www.bussanshokai.com/",
        "address": "栃木県日光市松原町1-7",
        "last_updated": "2024-04-11 18:35:37"
      }
    },
    {
      "type": "Feature",
      "geometry": {
        "type": "Point",
        "coordinates": [
          136.66594,
          35.510588
        ]
      },
      "properties": {
        "stream_title": "根尾川ライブカメラ",
        "stream_url": "https://neogawa.org/camera/entei.jpg",
        "stream_status": "TRUE",
        "stream_type": "image",
        "is_rewind": "FALSE",
        "category": "河川",
        "poi": "根尾川",
        "poi_detail": "漁協事務所前",
        "provider": "根尾川筋漁業同組合",
        "provider_url": "https://neogawa.org/index.html",
        "address": "岐阜県本巣市山口897",
        "last_updated": "2024-04-08 18:01:36"
      }
    },
    {
      "type": "Feature",
      "geometry": {
        "type": "Point",
        "coordinates": [
          136.5682,
          35.486948
        ]
      },
      "properties": {
        "stream_title": "カメラ画像　越美山系土石流情報-川上上流（揖斐川町坂内川上）",
        "stream_url": "https://www.cbr.mlit.go.jp/etsumi/dosekiryu/frmCamera81.html?202404081742",
        "stream_status": "TRUE",
        "stream_type": "image",
        "is_rewind": "FALSE",
        "category": "河川",
        "poi": "坂内川",
        "poi_detail": "川上上流（揖斐川町坂内川上）",
        "provider": "国土交通省中部地方整備局 越美山系砂防事務所",
        "provider_url": "https://www.cbr.mlit.go.jp/etsumi/",
        "address": "岐阜県揖斐郡揖斐川町",
        "last_updated": "2024-04-08 18:51:06"
      }
    },
    {
      "type": "Feature",
      "geometry": {
        "type": "Point",
        "coordinates": [
          136.5682,
          35.486948
        ]
      },
      "properties": {
        "stream_title": "カメラ画像　越美山系土石流情報-川上カメラ（揖斐川町坂内川上）",
        "stream_url": "https://www.cbr.mlit.go.jp/etsumi/dosekiryu/frmCamera51.html?202404081752",
        "stream_status": "TRUE",
        "stream_type": "image",
        "is_rewind": "FALSE",
        "category": "河川",
        "poi": "坂内川",
        "poi_detail": "川上カメラ（揖斐川町坂内川上）",
        "provider": "国土交通省中部地方整備局 越美山系砂防事務所",
        "provider_url": "https://www.cbr.mlit.go.jp/etsumi/",
        "address": "岐阜県揖斐郡揖斐川町",
        "last_updated": "2024-04-08 18:51:16"
      }
    },
    {
      "type": "Feature",
      "geometry": {
        "type": "Point",
        "coordinates": [
          136.5682,
          35.486948
        ]
      },
      "properties": {
        "stream_title": "カメラ画像　越美山系土石流情報-川上堰堤（揖斐川町坂内）",
        "stream_url": "https://www.cbr.mlit.go.jp/etsumi/dosekiryu/frmCamera78.html?202404081812",
        "stream_status": "TRUE",
        "stream_type": "image",
        "is_rewind": "FALSE",
        "category": "河川",
        "poi": "揖斐川",
        "poi_detail": "川上堰堤（揖斐川町坂内）",
        "provider": "国土交通省中部地方整備局 越美山系砂防事務所",
        "provider_url": "https://www.cbr.mlit.go.jp/etsumi/",
        "address": "岐阜県揖斐郡揖斐川町",
        "last_updated": "2024-04-08 18:52:09"
      }
    },
    {
      "type": "Feature",
      "geometry": {
        "type": "Point",
        "coordinates": [
          136.5682,
          35.486948
        ]
      },
      "properties": {
        "stream_title": "カメラ画像　越美山系土石流情報-坂内広瀬カメラ（揖斐川町坂内広瀬）",
        "stream_url": "https://www.cbr.mlit.go.jp/etsumi/dosekiryu/frmCamera76.html?202404081742",
        "stream_status": "TRUE",
        "stream_type": "image",
        "is_rewind": "FALSE",
        "category": "道路",
        "poi": "坂内広瀬",
        "poi_detail": "坂内広瀬カメラ（揖斐川町坂内広瀬）",
        "provider": "国土交通省中部地方整備局 越美山系砂防事務所",
        "provider_url": "https://www.cbr.mlit.go.jp/etsumi/",
        "address": "岐阜県揖斐郡揖斐川町",
        "last_updated": "2024-04-08 18:52:24"
      }
    },
    {
      "type": "Feature",
      "geometry": {
        "type": "Point",
        "coordinates": [
          136.5682,
          35.486948
        ]
      },
      "properties": {
        "stream_title": "カメラ画像　越美山系土石流情報-大谷川合流点カメラ（揖斐川町坂内広瀬）",
        "stream_url": "https://www.cbr.mlit.go.jp/etsumi/dosekiryu/frmCamera53.html?202404081742",
        "stream_status": "TRUE",
        "stream_type": "image",
        "is_rewind": "FALSE",
        "category": "河川",
        "poi": "大谷川",
        "poi_detail": "大谷川合流点カメラ（揖斐川町坂内広瀬）",
        "provider": "国土交通省中部地方整備局 越美山系砂防事務所",
        "provider_url": "https://www.cbr.mlit.go.jp/etsumi/",
        "address": "岐阜県揖斐郡揖斐川町坂内広瀬",
        "last_updated": "2024-04-08 18:52:37"
      }
    },
    {
      "type": "Feature",
      "geometry": {
        "type": "Point",
        "coordinates": [
          136.5682,
          35.486948
        ]
      },
      "properties": {
        "stream_title": "カメラ画像　越美山系土石流情報-坂内振興事務所（揖斐川町坂内）",
        "stream_url": "https://www.cbr.mlit.go.jp/etsumi/dosekiryu/frmCamera74.html?202404081742",
        "stream_status": "TRUE",
        "stream_type": "image",
        "is_rewind": "FALSE",
        "category": "その他",
        "poi": "坂内川",
        "poi_detail": "坂内振興事務所（揖斐川町坂内）",
        "provider": "国土交通省中部地方整備局 越美山系砂防事務所",
        "provider_url": "https://www.cbr.mlit.go.jp/etsumi/",
        "address": "岐阜県揖斐郡揖斐川町坂内広瀬924",
        "last_updated": "2024-04-08 18:56:02"
      }
    },
    {
      "type": "Feature",
      "geometry": {
        "type": "Point",
        "coordinates": [
          136.5682,
          35.486948
        ]
      },
      "properties": {
        "stream_title": "カメラ画像　越美山系土石流情報-大谷川上流（揖斐川町坂内広瀬）",
        "stream_url": "https://www.cbr.mlit.go.jp/etsumi/dosekiryu/frmCamera80.html?202404081742",
        "stream_status": "TRUE",
        "stream_type": "image",
        "is_rewind": "FALSE",
        "category": "河川",
        "poi": "大谷川",
        "poi_detail": "大谷川上流（揖斐川町坂内広瀬）",
        "provider": "国土交通省中部地方整備局 越美山系砂防事務所",
        "provider_url": "https://www.cbr.mlit.go.jp/etsumi/",
        "address": "岐阜県揖斐郡揖斐川町坂内広瀬",
        "last_updated": "2024-04-08 18:53:07"
      }
    },
    {
      "type": "Feature",
      "geometry": {
        "type": "Point",
        "coordinates": [
          136.5682,
          35.486948
        ]
      },
      "properties": {
        "stream_title": "カメラ画像　越美山系土石流情報-白川合流点カメラ（揖斐川町坂内坂本）",
        "stream_url": "https://www.cbr.mlit.go.jp/etsumi/dosekiryu/frmCamera54.html?202404081742",
        "stream_status": "TRUE",
        "stream_type": "image",
        "is_rewind": "FALSE",
        "category": "河川",
        "poi": "揖斐川",
        "poi_detail": "白川合流点カメラ（揖斐川町坂内坂本）",
        "provider": "国土交通省中部地方整備局 越美山系砂防事務所",
        "provider_url": "https://www.cbr.mlit.go.jp/etsumi/",
        "address": "岐阜県揖斐郡揖斐川町",
        "last_updated": "2024-04-08 18:53:22"
      }
    },
    {
      "type": "Feature",
      "geometry": {
        "type": "Point",
        "coordinates": [
          136.5682,
          35.486948
        ]
      },
      "properties": {
        "stream_title": "カメラ画像　越美山系土石流情報-西横山カメラ（揖斐川町西横山）",
        "stream_url": "https://www.cbr.mlit.go.jp/etsumi/dosekiryu/frmCamera55.html?202404081742",
        "stream_status": "TRUE",
        "stream_type": "image",
        "is_rewind": "FALSE",
        "category": "その他",
        "poi": "西横山",
        "poi_detail": "西横山カメラ（揖斐川町西横山）",
        "provider": "国土交通省中部地方整備局 越美山系砂防事務所",
        "provider_url": "https://www.cbr.mlit.go.jp/etsumi/",
        "address": "岐阜県揖斐郡揖斐川町",
        "last_updated": "2024-04-08 18:53:36"
      }
    },
    {
      "type": "Feature",
      "geometry": {
        "type": "Point",
        "coordinates": [
          136.5682,
          35.486948
        ]
      },
      "properties": {
        "stream_title": "カメラ画像　越美山系土石流情報-外津汲カメラ（揖斐川町外津汲）",
        "stream_url": "https://www.cbr.mlit.go.jp/etsumi/dosekiryu/frmCamera60.html?202404081742",
        "stream_status": "TRUE",
        "stream_type": "image",
        "is_rewind": "FALSE",
        "category": "河川",
        "poi": "揖斐川",
        "poi_detail": "外津汲カメラ（揖斐川町外津汲）",
        "provider": "国土交通省中部地方整備局 越美山系砂防事務所",
        "provider_url": "https://www.cbr.mlit.go.jp/etsumi/",
        "address": "岐阜県揖斐郡揖斐川町",
        "last_updated": "2024-04-08 18:53:51"
      }
    },
    {
      "type": "Feature",
      "geometry": {
        "type": "Point",
        "coordinates": [
          136.5682,
          35.486948
        ]
      },
      "properties": {
        "stream_title": "カメラ画像　越美山系土石流情報-下谷第一堰堤カメラ（揖斐川町東津汲）",
        "stream_url": "https://www.cbr.mlit.go.jp/etsumi/dosekiryu/frmCamera83.html?202404081742",
        "stream_status": "TRUE",
        "stream_type": "image",
        "is_rewind": "FALSE",
        "category": "河川",
        "poi": "下谷第一砂防堰堤",
        "poi_detail": "下谷第一堰堤カメラ（揖斐川町東津汲）",
        "provider": "国土交通省中部地方整備局 越美山系砂防事務所",
        "provider_url": "https://www.cbr.mlit.go.jp/etsumi/",
        "address": "岐阜県揖斐郡揖斐川町東津汲1445-1",
        "last_updated": "2024-04-08 18:54:14"
      }
    },
    {
      "type": "Feature",
      "geometry": {
        "type": "Point",
        "coordinates": [
          136.5682,
          35.486948
        ]
      },
      "properties": {
        "stream_title": "カメラ画像　越美山系土石流情報-東津汲カメラ（揖斐川町東津汲）",
        "stream_url": "https://www.cbr.mlit.go.jp/etsumi/dosekiryu/frmCamera58.html?202404081742",
        "stream_status": "TRUE",
        "stream_type": "image",
        "is_rewind": "FALSE",
        "category": "河川",
        "poi": "揖斐川",
        "poi_detail": "東津汲カメラ（揖斐川町東津汲）",
        "provider": "国土交通省中部地方整備局 越美山系砂防事務所",
        "provider_url": "https://www.cbr.mlit.go.jp/etsumi/",
        "address": "岐阜県揖斐郡揖斐川町",
        "last_updated": "2024-04-08 18:54:29"
      }
    },
    {
      "type": "Feature",
      "geometry": {
        "type": "Point",
        "coordinates": [
          136.5682,
          35.486948
        ]
      },
      "properties": {
        "stream_title": "カメラ画像　越美山系土石流情報-西津汲カメラ（揖斐川町西津汲）",
        "stream_url": "https://www.cbr.mlit.go.jp/etsumi/dosekiryu/frmCamera75.html?202404081742",
        "stream_status": "TRUE",
        "stream_type": "image",
        "is_rewind": "FALSE",
        "category": "河川",
        "poi": "揖斐川",
        "poi_detail": "西津汲カメラ（揖斐川町西津汲）",
        "provider": "国土交通省中部地方整備局 越美山系砂防事務所",
        "provider_url": "https://www.cbr.mlit.go.jp/etsumi/",
        "address": "岐阜県揖斐郡揖斐川町",
        "last_updated": "2024-04-08 18:54:42"
      }
    },
    {
      "type": "Feature",
      "geometry": {
        "type": "Point",
        "coordinates": [
          136.5682,
          35.486948
        ]
      },
      "properties": {
        "stream_title": "カメラ画像　越美山系土石流情報-小津下流カメラ（揖斐川町小津）",
        "stream_url": "https://www.cbr.mlit.go.jp/etsumi/dosekiryu/frmCamera77.html?202404081742",
        "stream_status": "TRUE",
        "stream_type": "image",
        "is_rewind": "FALSE",
        "category": "河川",
        "poi": "小津川",
        "poi_detail": "小津下流カメラ（揖斐川町小津）",
        "provider": "国土交通省中部地方整備局 越美山系砂防事務所",
        "provider_url": "https://www.cbr.mlit.go.jp/etsumi/",
        "address": "岐阜県揖斐郡揖斐川町",
        "last_updated": "2024-04-08 18:54:55"
      }
    },
    {
      "type": "Feature",
      "geometry": {
        "type": "Point",
        "coordinates": [
          136.5682,
          35.486948
        ]
      },
      "properties": {
        "stream_title": "カメラ画像　越美山系土石流情報-小津カメラ（揖斐川町小津）",
        "stream_url": "https://www.cbr.mlit.go.jp/etsumi/dosekiryu/frmCamera59.html?202404081742",
        "stream_status": "TRUE",
        "stream_type": "image",
        "is_rewind": "FALSE",
        "category": "河川",
        "poi": "小津川",
        "poi_detail": "小津カメラ（揖斐川町小津）",
        "provider": "国土交通省中部地方整備局 越美山系砂防事務所",
        "provider_url": "https://www.cbr.mlit.go.jp/etsumi/",
        "address": "岐阜県揖斐郡揖斐川町",
        "last_updated": "2024-04-08 18:55:07"
      }
    },
    {
      "type": "Feature",
      "geometry": {
        "type": "Point",
        "coordinates": [
          136.683018,
          35.493334
        ]
      },
      "properties": {
        "stream_title": "カメラ画像　越美山系土石流情報-本巣市役所（本巣市文殊）",
        "stream_url": "https://www.cbr.mlit.go.jp/etsumi/dosekiryu/frmCamera71.html?202404081742",
        "stream_status": "TRUE",
        "stream_type": "image",
        "is_rewind": "FALSE",
        "category": "その他",
        "poi": "本巣市役所",
        "poi_detail": "本巣市役所（本巣市文殊）",
        "provider": "国土交通省中部地方整備局 越美山系砂防事務所",
        "provider_url": "https://www.cbr.mlit.go.jp/etsumi/",
        "address": "岐阜県本巣市文殊324",
        "last_updated": "2024-04-08 18:55:19"
      }
    },
    {
      "type": "Feature",
      "geometry": {
        "type": "Point",
        "coordinates": [
          136.58895,
          35.606328
        ]
      },
      "properties": {
        "stream_title": "カメラ画像　越美山系土石流情報-水鳥カメラ（本巣市根尾水鳥）",
        "stream_url": "https://www.cbr.mlit.go.jp/etsumi/dosekiryu/frmCamera61.html?202404081742",
        "stream_status": "TRUE",
        "stream_type": "image",
        "is_rewind": "FALSE",
        "category": "河川",
        "poi": "根尾川",
        "poi_detail": "水鳥カメラ（本巣市根尾水鳥）",
        "provider": "国土交通省中部地方整備局 越美山系砂防事務所",
        "provider_url": "https://www.cbr.mlit.go.jp/etsumi/",
        "address": "岐阜県本巣市根尾水鳥",
        "last_updated": "2024-04-08 18:39:47"
      }
    },
    {
      "type": "Feature",
      "geometry": {
        "type": "Point",
        "coordinates": [
          136.628911,
          35.620737
        ]
      },
      "properties": {
        "stream_title": "カメラ画像　越美山系土石流情報-樽見カメラ（本巣市根尾樽見）",
        "stream_url": "https://www.cbr.mlit.go.jp/etsumi/dosekiryu/frmCamera62.html?202404081742",
        "stream_status": "TRUE",
        "stream_type": "image",
        "is_rewind": "FALSE",
        "category": "河川",
        "poi": "根尾川",
        "poi_detail": "樽見カメラ（本巣市根尾樽見）",
        "provider": "国土交通省中部地方整備局 越美山系砂防事務所",
        "provider_url": "https://www.cbr.mlit.go.jp/etsumi/",
        "address": "岐阜県本巣市根尾板所",
        "last_updated": "2024-04-08 18:41:26"
      }
    },
    {
      "type": "Feature",
      "geometry": {
        "type": "Point",
        "coordinates": [
          136.628911,
          35.620737
        ]
      },
      "properties": {
        "stream_title": "カメラ画像　越美山系土石流情報-根尾総合支所（本巣市根尾）",
        "stream_url": "https://www.cbr.mlit.go.jp/etsumi/dosekiryu/frmCamera70.html?202404081742",
        "stream_status": "TRUE",
        "stream_type": "image",
        "is_rewind": "FALSE",
        "category": "河川",
        "poi": "根尾川",
        "poi_detail": "根尾総合支所（本巣市根尾）",
        "provider": "国土交通省中部地方整備局 越美山系砂防事務所",
        "provider_url": "https://www.cbr.mlit.go.jp/etsumi/",
        "address": "岐阜県本巣市根尾板所625-1",
        "last_updated": "2024-04-08 18:42:46"
      }
    },
    {
      "type": "Feature",
      "geometry": {
        "type": "Point",
        "coordinates": [
          136.623397,
          35.647734
        ]
      },
      "properties": {
        "stream_title": "カメラ画像　越美山系土石流情報-板屋カメラ（本巣市根尾板屋）",
        "stream_url": "https://www.cbr.mlit.go.jp/etsumi/dosekiryu/frmCamera63.html?202404081742",
        "stream_status": "TRUE",
        "stream_type": "image",
        "is_rewind": "FALSE",
        "category": "河川",
        "poi": "根尾東谷川",
        "poi_detail": "板屋カメラ（本巣市根尾板屋）",
        "provider": "国土交通省中部地方整備局 越美山系砂防事務所",
        "provider_url": "https://www.cbr.mlit.go.jp/etsumi/",
        "address": "岐阜県本巣市根尾東板屋",
        "last_updated": "2024-04-08 18:56:04"
      }
    },
    {
      "type": "Feature",
      "geometry": {
        "type": "Point",
        "coordinates": [
          136.678771,
          35.483052
        ]
      },
      "properties": {
        "stream_title": "カメラ画像　越美山系土石流情報-大井カメラ（本巣市根尾大井）",
        "stream_url": "https://www.cbr.mlit.go.jp/etsumi/dosekiryu/frmCamera67.html?202404081742",
        "stream_status": "TRUE",
        "stream_type": "image",
        "is_rewind": "FALSE",
        "category": "河川",
        "poi": "根尾川",
        "poi_detail": "大井カメラ（本巣市根尾大井）",
        "provider": "国土交通省中部地方整備局 越美山系砂防事務所",
        "provider_url": "https://www.cbr.mlit.go.jp/etsumi/",
        "address": "岐阜県本巣市",
        "last_updated": "2024-04-08 18:45:28"
      }
    },
    {
      "type": "Feature",
      "geometry": {
        "type": "Point",
        "coordinates": [
          136.678771,
          35.483052
        ]
      },
      "properties": {
        "stream_title": "カメラ画像　越美山系土石流情報-八谷カメラ（本巣市根尾大井）",
        "stream_url": "https://www.cbr.mlit.go.jp/etsumi/dosekiryu/frmCamera69.html?202404081742",
        "stream_status": "TRUE",
        "stream_type": "image",
        "is_rewind": "FALSE",
        "category": "河川",
        "poi": "根尾川",
        "poi_detail": "八谷カメラ（本巣市根尾大井）",
        "provider": "国土交通省中部地方整備局 越美山系砂防事務所",
        "provider_url": "https://www.cbr.mlit.go.jp/etsumi/",
        "address": "岐阜県本巣市",
        "last_updated": "2024-04-08 18:46:17"
      }
    },
    {
      "type": "Feature",
      "geometry": {
        "type": "Point",
        "coordinates": [
          136.678771,
          35.483052
        ]
      },
      "properties": {
        "stream_title": "カメラ画像　越美山系土石流情報根尾長島（本巣市根尾長島）",
        "stream_url": "https://www.cbr.mlit.go.jp/etsumi/dosekiryu/frmCamera79.html?202404081742",
        "stream_status": "TRUE",
        "stream_type": "image",
        "is_rewind": "FALSE",
        "category": "河川",
        "poi": "根尾川",
        "poi_detail": "根尾長島（本巣市根尾長島）",
        "provider": "国土交通省中部地方整備局 越美山系砂防事務所",
        "provider_url": "https://www.cbr.mlit.go.jp/etsumi/",
        "address": "岐阜県本巣市",
        "last_updated": "2024-04-08 18:55:32"
      }
    },
    {
      "type": "Feature",
      "geometry": {
        "type": "Point",
        "coordinates": [
          136.678771,
          35.483052
        ]
      },
      "properties": {
        "stream_title": "カメラ画像　越美山系土石流情報-能郷カメラ（本巣市根尾能郷）",
        "stream_url": "https://www.cbr.mlit.go.jp/etsumi/dosekiryu/frmCamera68.html?202404081742",
        "stream_status": "TRUE",
        "stream_type": "image",
        "is_rewind": "FALSE",
        "category": "河川",
        "poi": "根尾川",
        "poi_detail": "能郷カメラ（本巣市根尾能郷）",
        "provider": "国土交通省中部地方整備局 越美山系砂防事務所",
        "provider_url": "https://www.cbr.mlit.go.jp/etsumi/",
        "address": "岐阜県本巣市",
        "last_updated": "2024-04-08 18:48:12"
      }
    },
    {
      "type": "Feature",
      "geometry": {
        "type": "Point",
        "coordinates": [
          136.638601,
          35.653561
        ]
      },
      "properties": {
        "stream_title": "カメラ画像　越美山系土石流情報-東小鹿カメラ（本巣市根尾東小鹿）",
        "stream_url": "https://www.cbr.mlit.go.jp/etsumi/dosekiryu/frmCamera64.html?202404081742",
        "stream_status": "TRUE",
        "stream_type": "image",
        "is_rewind": "FALSE",
        "category": "河川",
        "poi": "根尾東谷川",
        "poi_detail": "東小鹿カメラ（本巣市根尾東小鹿）",
        "provider": "国土交通省中部地方整備局 越美山系砂防事務所",
        "provider_url": "https://www.cbr.mlit.go.jp/etsumi/",
        "address": "岐阜県本巣市根尾小鹿",
        "last_updated": "2024-04-08 18:49:15"
      }
    },
    {
      "type": "Feature",
      "geometry": {
        "type": "Point",
        "coordinates": [
          136.678771,
          35.483052
        ]
      },
      "properties": {
        "stream_title": "カメラ画像　越美山系土石流情報-松田カメラ（本巣市根尾松田）",
        "stream_url": "https://www.cbr.mlit.go.jp/etsumi/dosekiryu/frmCamera65.html?202404081742",
        "stream_status": "TRUE",
        "stream_type": "image",
        "is_rewind": "FALSE",
        "category": "河川",
        "poi": "根尾東谷川",
        "poi_detail": "松田カメラ（本巣市根尾松田）",
        "provider": "国土交通省中部地方整備局 越美山系砂防事務所",
        "provider_url": "https://www.cbr.mlit.go.jp/etsumi/",
        "address": "岐阜県本巣市",
        "last_updated": "2024-04-08 18:50:03"
      }
    },
    {
      "type": "Feature",
      "geometry": {
        "type": "Point",
        "coordinates": [
          136.678771,
          35.483052
        ]
      },
      "properties": {
        "stream_title": "カメラ画像　越美山系土石流情報-下大須カメラ（本巣市根尾下大須）",
        "stream_url": "https://www.cbr.mlit.go.jp/etsumi/dosekiryu/frmCamera66.html?202404081852",
        "stream_status": "TRUE",
        "stream_type": "image",
        "is_rewind": "FALSE",
        "category": "河川",
        "poi": "根尾東谷川",
        "poi_detail": "下大須カメラ（本巣市根尾下大須）",
        "provider": "国土交通省中部地方整備局 越美山系砂防事務所",
        "provider_url": "https://www.cbr.mlit.go.jp/etsumi/",
        "address": "岐阜県本巣市",
        "last_updated": "2024-04-08 18:55:57"
      }
    },
    {
      "type": "Feature",
      "geometry": {
        "type": "Point",
        "coordinates": [
          140.955573,
          42.321438
        ]
      },
      "properties": {
        "stream_title": "室蘭 ｜ ライブカメラ ｜ ＳＴＶ札幌テレビ",
        "stream_url": "https://www.stv.jp/webcam/muroran/index.html",
        "stream_status": "TRUE",
        "stream_type": "image",
        "is_rewind": "FALSE",
        "category": "河川",
        "poi": "室蘭",
        "poi_detail": "測量山展望台",
        "provider": "ＳＴＶ札幌テレビ 放送（北海道）",
        "provider_url": "https://www.stv.jp/index.html",
        "address": "北海道室蘭市清水町一丁目",
        "last_updated": "2024-04-10 23:15:39"
      }
    },
    {
      "type": "Feature",
      "geometry": {
        "type": "Point",
        "coordinates": [
          141.35389,
          43.061414
        ]
      },
      "properties": {
        "stream_title": "札幌 ＳＴＶ本社 ｜ ライブカメラ ｜ ＳＴＶ札幌テレビ",
        "stream_url": "https://www.stv.jp/webcam/sapporo/index.html",
        "stream_status": "TRUE",
        "stream_type": "image",
        "is_rewind": "FALSE",
        "category": "その他",
        "poi": "札幌",
        "poi_detail": "ＳＴＶ札幌テレビ放送会館の屋上鉄塔",
        "provider": "ＳＴＶ札幌テレビ 放送（北海道）",
        "provider_url": "https://www.stv.jp/index.html",
        "address": "北海道札幌市中央区北一条西八丁目",
        "last_updated": "2024-04-10 23:18:04"
      }
    },
    {
      "type": "Feature",
      "geometry": {
        "type": "Point",
        "coordinates": [
          139.785832,
          35.615344
        ]
      },
      "properties": {
        "stream_title": "青海埠頭ライブカメラ映像（青海縦貫線（中防方面））",
        "stream_url": "https://www.portal-tokyoport.jp/camera_detail.php?cid=1&id=1",
        "stream_status": "TRUE",
        "stream_type": "image",
        "is_rewind": "FALSE",
        "category": "道路",
        "poi": "青海縦貫線（中防方面）",
        "poi_detail": "",
        "provider": "東京港ポータルサイト",
        "provider_url": "https://www.portal-tokyoport.jp/",
        "address": "東京都江東区青海四丁目",
        "last_updated": "2024-04-11 12:14:19"
      }
    },
    {
      "type": "Feature",
      "geometry": {
        "type": "Point",
        "coordinates": [
          139.785832,
          35.615344
        ]
      },
      "properties": {
        "stream_title": "青海埠頭ライブカメラ映像　青海縦貫線（テレコムセンター方面）",
        "stream_url": "https://www.portal-tokyoport.jp/camera_detail.php?cid=1&id=2",
        "stream_status": "TRUE",
        "stream_type": "image",
        "is_rewind": "FALSE",
        "category": "道路",
        "poi": "青海縦貫線（テレコムセンター方面）",
        "poi_detail": "",
        "provider": "東京港ポータルサイト",
        "provider_url": "https://www.portal-tokyoport.jp/",
        "address": "東京都江東区青海四丁目",
        "last_updated": "2024-04-11 13:02:54"
      }
    },
    {
      "type": "Feature",
      "geometry": {
        "type": "Point",
        "coordinates": [
          139.784844,
          35.608994
        ]
      },
      "properties": {
        "stream_title": "青海埠頭ライブカメラ映像　青海三丁目交差点付近",
        "stream_url": "https://www.portal-tokyoport.jp/camera_detail.php?cid=1&id=3",
        "stream_status": "TRUE",
        "stream_type": "image",
        "is_rewind": "FALSE",
        "category": "道路",
        "poi": "青海三丁目交差点付近",
        "poi_detail": "",
        "provider": "東京港ポータルサイト",
        "provider_url": "https://www.portal-tokyoport.jp/",
        "address": "東京都江東区青海三丁目",
        "last_updated": "2024-04-11 12:15:17"
      }
    },
    {
      "type": "Feature",
      "geometry": {
        "type": "Point",
        "coordinates": [
          139.785832,
          35.615344
        ]
      },
      "properties": {
        "stream_title": "青海埠頭ライブカメラ映像　青海公共埠頭背後道路1",
        "stream_url": "https://www.portal-tokyoport.jp/camera_detail.php?cid=1&id=4",
        "stream_status": "TRUE",
        "stream_type": "image",
        "is_rewind": "FALSE",
        "category": "道路",
        "poi": "青海公共埠頭背後道路1",
        "poi_detail": "",
        "provider": "東京港ポータルサイト",
        "provider_url": "https://www.portal-tokyoport.jp/",
        "address": "東京都江東区青海四丁目",
        "last_updated": "2024-04-11 12:15:24"
      }
    },
    {
      "type": "Feature",
      "geometry": {
        "type": "Point",
        "coordinates": [
          139.785832,
          35.615344
        ]
      },
      "properties": {
        "stream_title": "青海埠頭ライブカメラ映像　青海公共埠頭背後道路2",
        "stream_url": "https://www.portal-tokyoport.jp/camera_detail.php?cid=1&id=5",
        "stream_status": "TRUE",
        "stream_type": "image",
        "is_rewind": "FALSE",
        "category": "道路",
        "poi": "青海公共埠頭背後道路2",
        "poi_detail": "",
        "provider": "東京港ポータルサイト",
        "provider_url": "https://www.portal-tokyoport.jp/",
        "address": "東京都江東区青海四丁目",
        "last_updated": "2024-04-11 12:15:29"
      }
    },
    {
      "type": "Feature",
      "geometry": {
        "type": "Point",
        "coordinates": [
          139.794155,
          35.597163
        ]
      },
      "properties": {
        "stream_title": "青海埠頭ライブカメラ映像　「青海一丁目」交差点付近（中防方面）",
        "stream_url": "https://www.portal-tokyoport.jp/camera_detail.php?cid=1&id=6",
        "stream_status": "TRUE",
        "stream_type": "image",
        "is_rewind": "FALSE",
        "category": "道路",
        "poi": "「青海一丁目」交差点付近（中防方面）",
        "poi_detail": "",
        "provider": "東京港ポータルサイト",
        "provider_url": "https://www.portal-tokyoport.jp/",
        "address": "東京都江東区海の森一丁目",
        "last_updated": "2024-04-11 12:15:37"
      }
    },
    {
      "type": "Feature",
      "geometry": {
        "type": "Point",
        "coordinates": [
          139.7889,
          35.6095855
        ]
      },
      "properties": {
        "stream_title": "青海埠頭ライブカメラ映像　青海公共埠頭車両待機場",
        "stream_url": "https://www.portal-tokyoport.jp/camera_detail.php?cid=1&id=7",
        "stream_status": "TRUE",
        "stream_type": "image",
        "is_rewind": "FALSE",
        "category": "海岸",
        "poi": "青海公共埠頭車両待機場",
        "poi_detail": "",
        "provider": "東京港ポータルサイト",
        "provider_url": "https://www.portal-tokyoport.jp/",
        "address": "東京都江東区青海四丁目7-1",
        "last_updated": "2024-04-11 12:15:44"
      }
    },
    {
      "type": "Feature",
      "geometry": {
        "type": "Point",
        "coordinates": [
          139.691717,
          35.689568
        ]
      },
      "properties": {
        "stream_title": "品川埠頭ライブカメラ映像　品川コンテナセンター前",
        "stream_url": "https://www.portal-tokyoport.jp/camera_detail.php?cid=2&id=1",
        "stream_status": "TRUE",
        "stream_type": "image",
        "is_rewind": "FALSE",
        "category": "道路",
        "poi": "品川コンテナセンター前",
        "poi_detail": "",
        "provider": "東京港ポータルサイト",
        "provider_url": "https://www.portal-tokyoport.jp/",
        "address": "東京都港区港南五丁目10-1 品川内貿上屋",
        "last_updated": "2024-04-11 13:03:12"
      }
    },
    {
      "type": "Feature",
      "geometry": {
        "type": "Point",
        "coordinates": [
          139.691717,
          35.689568
        ]
      },
      "properties": {
        "stream_title": "品川埠頭ライブカメラ映像　品川埠頭背後道路（芝浦方面）",
        "stream_url": "https://www.portal-tokyoport.jp/camera_detail.php?cid=2&id=3",
        "stream_status": "TRUE",
        "stream_type": "image",
        "is_rewind": "FALSE",
        "category": "海岸",
        "poi": "品川埠頭背後道路（芝浦方面）",
        "poi_detail": "",
        "provider": "東京港ポータルサイト",
        "provider_url": "https://www.portal-tokyoport.jp/",
        "address": "東京都港区港南五丁目10-1 品川内貿上屋",
        "last_updated": "2024-04-11 12:18:35"
      }
    },
    {
      "type": "Feature",
      "geometry": {
        "type": "Point",
        "coordinates": [
          139.691717,
          35.689568
        ]
      },
      "properties": {
        "stream_title": "品川埠頭ライブカメラ映像　東京入管前道路",
        "stream_url": "https://www.portal-tokyoport.jp/camera_detail.php?cid=2&id=4",
        "stream_status": "TRUE",
        "stream_type": "image",
        "is_rewind": "FALSE",
        "category": "道路",
        "poi": "東京入管前道路",
        "poi_detail": "",
        "provider": "東京港ポータルサイト",
        "provider_url": "https://www.portal-tokyoport.jp/",
        "address": "東京都港区港南五丁目12",
        "last_updated": "2024-04-11 12:20:08"
      }
    },
    {
      "type": "Feature",
      "geometry": {
        "type": "Point",
        "coordinates": [
          139.691717,
          35.689568
        ]
      },
      "properties": {
        "stream_title": "品川埠頭ライブカメラ映像　品川埠頭線",
        "stream_url": "https://www.portal-tokyoport.jp/camera_detail.php?cid=2&id=5",
        "stream_status": "TRUE",
        "stream_type": "image",
        "is_rewind": "FALSE",
        "category": "道路",
        "poi": "品川埠頭線",
        "poi_detail": "",
        "provider": "東京港ポータルサイト",
        "provider_url": "https://www.portal-tokyoport.jp/",
        "address": "東京都港区港南五丁目10",
        "last_updated": "2024-04-11 12:21:24"
      }
    },
    {
      "type": "Feature",
      "geometry": {
        "type": "Point",
        "coordinates": [
          139.73025,
          35.609066
        ]
      },
      "properties": {
        "stream_title": "大井埠頭ライブカメラ映像　北部陸橋南側方面",
        "stream_url": "https://www.portal-tokyoport.jp/camera_detail.php?cid=3&id=1",
        "stream_status": "TRUE",
        "stream_type": "image",
        "is_rewind": "FALSE",
        "category": "河川",
        "poi": "北部陸橋南側方面",
        "poi_detail": "",
        "provider": "東京港ポータルサイト",
        "provider_url": "https://www.portal-tokyoport.jp/",
        "address": "東京都品川区八潮4",
        "last_updated": "2024-04-11 12:29:15"
      }
    },
    {
      "type": "Feature",
      "geometry": {
        "type": "Point",
        "coordinates": [
          139.73025,
          35.609066
        ]
      },
      "properties": {
        "stream_title": "大井埠頭ライブカメラ映像　「北部陸橋上」交差点",
        "stream_url": "https://www.portal-tokyoport.jp/camera_detail.php?cid=3&id=2",
        "stream_status": "TRUE",
        "stream_type": "image",
        "is_rewind": "FALSE",
        "category": "道路",
        "poi": "「北部陸橋上」交差点",
        "poi_detail": "",
        "provider": "東京港ポータルサイト",
        "provider_url": "https://www.portal-tokyoport.jp/",
        "address": "東京都品川区八潮4",
        "last_updated": "2024-04-11 12:36:05"
      }
    },
    {
      "type": "Feature",
      "geometry": {
        "type": "Point",
        "coordinates": [
          139.73025,
          35.609066
        ]
      },
      "properties": {
        "stream_title": "大井埠頭ライブカメラ映像　北部陸橋上交差点方面",
        "stream_url": "https://www.portal-tokyoport.jp/camera_detail.php?cid=3&id=3",
        "stream_status": "TRUE",
        "stream_type": "image",
        "is_rewind": "FALSE",
        "category": "道路",
        "poi": "北部陸橋上交差点方面",
        "poi_detail": "",
        "provider": "東京港ポータルサイト",
        "provider_url": "https://www.portal-tokyoport.jp/",
        "address": "東京都品川区八潮4",
        "last_updated": "2024-04-11 12:36:01"
      }
    },
    {
      "type": "Feature",
      "geometry": {
        "type": "Point",
        "coordinates": [
          139.73025,
          35.609066
        ]
      },
      "properties": {
        "stream_title": "大井埠頭ライブカメラ映像　北部陸橋下交差点周辺",
        "stream_url": "https://www.portal-tokyoport.jp/camera_detail.php?cid=3&id=4",
        "stream_status": "TRUE",
        "stream_type": "image",
        "is_rewind": "FALSE",
        "category": "道路",
        "poi": "北部陸橋下交差点周辺",
        "poi_detail": "",
        "provider": "東京港ポータルサイト",
        "provider_url": "https://www.portal-tokyoport.jp/",
        "address": "東京都品川区八潮4",
        "last_updated": "2024-04-11 12:42:53"
      }
    },
    {
      "type": "Feature",
      "geometry": {
        "type": "Point",
        "coordinates": [
          139.766565,
          35.5953784
        ]
      },
      "properties": {
        "stream_title": "大井埠頭ライブカメラ映像　「八潮二丁目」交差点",
        "stream_url": "https://www.portal-tokyoport.jp/camera_detail.php?cid=3&id=5",
        "stream_status": "TRUE",
        "stream_type": "image",
        "is_rewind": "FALSE",
        "category": "道路",
        "poi": "「八潮二丁目」交差点",
        "poi_detail": "",
        "provider": "東京港ポータルサイト",
        "provider_url": "https://www.portal-tokyoport.jp/",
        "address": "東京都品川区八潮二丁目5",
        "last_updated": "2024-04-11 12:42:49"
      }
    },
    {
      "type": "Feature",
      "geometry": {
        "type": "Point",
        "coordinates": [
          139.757943,
          35.6081159
        ]
      },
      "properties": {
        "stream_title": "大井埠頭ライブカメラ映像　みなとが丘ふ頭公園付近",
        "stream_url": "https://www.portal-tokyoport.jp/camera_detail.php?cid=3&id=6",
        "stream_status": "TRUE",
        "stream_type": "image",
        "is_rewind": "FALSE",
        "category": "道路",
        "poi": "みなとが丘ふ頭公園付近",
        "poi_detail": "",
        "provider": "東京港ポータルサイト",
        "provider_url": "https://www.portal-tokyoport.jp/",
        "address": "東京都品川区八潮三丁目1-7",
        "last_updated": "2024-04-11 13:02:28"
      }
    },
    {
      "type": "Feature",
      "geometry": {
        "type": "Point",
        "coordinates": [
          139.691717,
          35.689568
        ]
      },
      "properties": {
        "stream_title": "大井埠頭ライブカメラ映像　「大井税関前」交差点",
        "stream_url": "https://www.portal-tokyoport.jp/camera_detail.php?cid=3&id=7",
        "stream_status": "TRUE",
        "stream_type": "image",
        "is_rewind": "FALSE",
        "category": "道路",
        "poi": "「大井税関前」交差点",
        "poi_detail": "",
        "provider": "東京港ポータルサイト",
        "provider_url": "https://www.portal-tokyoport.jp/",
        "address": "東京都大田区東海四丁目1-10",
        "last_updated": "2024-04-11 13:02:57"
      }
    },
    {
      "type": "Feature",
      "geometry": {
        "type": "Point",
        "coordinates": [
          139.691717,
          35.689568
        ]
      },
      "properties": {
        "stream_title": "大井埠頭ライブカメラ映像　「大井税関前」交差点2",
        "stream_url": "https://www.portal-tokyoport.jp/camera_detail.php?cid=3&id=8",
        "stream_status": "TRUE",
        "stream_type": "image",
        "is_rewind": "FALSE",
        "category": "道路",
        "poi": "「大井税関前」交差点2",
        "poi_detail": "",
        "provider": "東京港ポータルサイト",
        "provider_url": "https://www.portal-tokyoport.jp/",
        "address": "東京都大田区東海四丁目1-10",
        "last_updated": "2024-04-11 12:53:50"
      }
    },
    {
      "type": "Feature",
      "geometry": {
        "type": "Point",
        "coordinates": [
          139.73025,
          35.609066
        ]
      },
      "properties": {
        "stream_title": "大井埠頭ライブカメラ映像　「大井中央陸橋」交差点方面",
        "stream_url": "https://www.portal-tokyoport.jp/camera_detail.php?cid=3&id=9",
        "stream_status": "TRUE",
        "stream_type": "image",
        "is_rewind": "FALSE",
        "category": "道路",
        "poi": "「大井中央陸橋」交差点方面",
        "poi_detail": "",
        "provider": "東京港ポータルサイト",
        "provider_url": "https://www.portal-tokyoport.jp/",
        "address": "東京都品川区八潮",
        "last_updated": "2024-04-11 12:54:00"
      }
    },
    {
      "type": "Feature",
      "geometry": {
        "type": "Point",
        "coordinates": [
          139.691717,
          35.689568
        ]
      },
      "properties": {
        "stream_title": "大井埠頭ライブカメラ映像　「野鳥公園東」交差点(城南島方面)",
        "stream_url": "https://www.portal-tokyoport.jp/camera_detail.php?cid=3&id=10",
        "stream_status": "TRUE",
        "stream_type": "image",
        "is_rewind": "FALSE",
        "category": "道路",
        "poi": "「野鳥公園東」交差点(城南島方面)",
        "poi_detail": "",
        "provider": "東京港ポータルサイト",
        "provider_url": "https://www.portal-tokyoport.jp/",
        "address": "東京都大田区東海三丁目1",
        "last_updated": "2024-04-11 12:53:41"
      }
    },
    {
      "type": "Feature",
      "geometry": {
        "type": "Point",
        "coordinates": [
          139.691717,
          35.689568
        ]
      },
      "properties": {
        "stream_title": "大井埠頭ライブカメラ映像　「野鳥公園東」交差点(城南島方面・拡大)",
        "stream_url": "https://www.portal-tokyoport.jp/camera_detail.php?cid=3&id=11",
        "stream_status": "TRUE",
        "stream_type": "image",
        "is_rewind": "FALSE",
        "category": "道路",
        "poi": "「野鳥公園東」交差点(城南島方面・拡大)",
        "poi_detail": "",
        "provider": "東京港ポータルサイト",
        "provider_url": "https://www.portal-tokyoport.jp/",
        "address": "東京都大田区東海三丁目1",
        "last_updated": "2024-04-11 13:02:48"
      }
    },
    {
      "type": "Feature",
      "geometry": {
        "type": "Point",
        "coordinates": [
          139.691717,
          35.689568
        ]
      },
      "properties": {
        "stream_title": "大井埠頭ライブカメラ映像　「野鳥公園東」交差点付近(国道357号方面)",
        "stream_url": "https://www.portal-tokyoport.jp/camera_detail.php?cid=3&id=12",
        "stream_status": "TRUE",
        "stream_type": "image",
        "is_rewind": "FALSE",
        "category": "道路",
        "poi": "「野鳥公園東」交差点付近(国道357号方面)",
        "poi_detail": "",
        "provider": "東京港ポータルサイト",
        "provider_url": "https://www.portal-tokyoport.jp/",
        "address": "東京都大田区東海三丁目1",
        "last_updated": "2024-04-11 12:55:07"
      }
    },
    {
      "type": "Feature",
      "geometry": {
        "type": "Point",
        "coordinates": [
          139.764875,
          35.5949254
        ]
      },
      "properties": {
        "stream_title": "大井埠頭ライブカメラ映像　南部陸橋下交差点付近",
        "stream_url": "https://www.portal-tokyoport.jp/camera_detail.php?cid=3&id=13",
        "stream_status": "TRUE",
        "stream_type": "image",
        "is_rewind": "FALSE",
        "category": "道路",
        "poi": "南部陸橋下交差点付近",
        "poi_detail": "",
        "provider": "東京港ポータルサイト",
        "provider_url": "https://www.portal-tokyoport.jp/",
        "address": "東京都品川区八潮三丁目3",
        "last_updated": "2024-04-11 12:58:55"
      }
    },
    {
      "type": "Feature",
      "geometry": {
        "type": "Point",
        "coordinates": [
          139.764875,
          35.5949254
        ]
      },
      "properties": {
        "stream_title": "大井埠頭ライブカメラ映像　「南部陸橋東詰」交差点付近（大井埠頭方面）",
        "stream_url": "https://www.portal-tokyoport.jp/camera_detail.php?cid=3&id=14",
        "stream_status": "TRUE",
        "stream_type": "image",
        "is_rewind": "FALSE",
        "category": "道路",
        "poi": "「南部陸橋東詰」交差点付近（大井埠頭方面）",
        "poi_detail": "",
        "provider": "東京港ポータルサイト",
        "provider_url": "https://www.portal-tokyoport.jp/",
        "address": "東京都品川区八潮三丁目3",
        "last_updated": "2024-04-11 12:59:26"
      }
    },
    {
      "type": "Feature",
      "geometry": {
        "type": "Point",
        "coordinates": [
          139.764875,
          35.5949254
        ]
      },
      "properties": {
        "stream_title": "大井埠頭ライブカメラ映像　「南部陸橋東詰」交差点付近（環七交差点方面）",
        "stream_url": "https://www.portal-tokyoport.jp/camera_detail.php?cid=3&id=15",
        "stream_status": "TRUE",
        "stream_type": "image",
        "is_rewind": "FALSE",
        "category": "道路",
        "poi": "「南部陸橋東詰」交差点付近（環七交差点方面）",
        "poi_detail": "",
        "provider": "東京港ポータルサイト",
        "provider_url": "https://www.portal-tokyoport.jp/",
        "address": "東京都品川区八潮三丁目3",
        "last_updated": "2024-04-11 13:01:58"
      }
    },
    {
      "type": "Feature",
      "geometry": {
        "type": "Point",
        "coordinates": [
          139.691717,
          35.689568
        ]
      },
      "properties": {
        "stream_title": "大井埠頭ライブカメラ映像　大井車両待機場",
        "stream_url": "https://www.portal-tokyoport.jp/camera_detail.php?cid=3&id=16",
        "stream_status": "TRUE",
        "stream_type": "image",
        "is_rewind": "FALSE",
        "category": "道路",
        "poi": "大井車両待機場",
        "poi_detail": "",
        "provider": "東京港ポータルサイト",
        "provider_url": "https://www.portal-tokyoport.jp/",
        "address": "東京都大田区東海四丁目6",
        "last_updated": "2024-04-11 13:02:13"
      }
    },
    {
      "type": "Feature",
      "geometry": {
        "type": "Point",
        "coordinates": [
          139.691717,
          35.689568
        ]
      },
      "properties": {
        "stream_title": "大井埠頭ライブカメラ映像　大井時間貸しシャーシプール",
        "stream_url": "https://www.portal-tokyoport.jp/camera_detail.php?cid=3&id=17",
        "stream_status": "TRUE",
        "stream_type": "image",
        "is_rewind": "FALSE",
        "category": "河川",
        "poi": "大井時間貸しシャーシプール",
        "poi_detail": "",
        "provider": "東京港ポータルサイト",
        "provider_url": "https://www.portal-tokyoport.jp/",
        "address": "東京都品川区八潮二丁目1-8",
        "last_updated": "2024-04-11 13:02:24"
      }
    },
    {
      "type": "Feature",
      "geometry": {
        "type": "Point",
        "coordinates": [
          141.047717,
          45.303062
        ]
      },
      "properties": {
        "stream_title": "STV札幌テレビ(礼文)",
        "stream_url": "https://www.stv.jp/webcam/rebun/index.html",
        "stream_status": "TRUE",
        "stream_type": "image",
        "is_rewind": "FALSE",
        "category": "海岸",
        "poi": "利尻富士",
        "poi_detail": "礼文町役場",
        "provider": "STV札幌テレビ",
        "provider_url": "https://www.stv.jp/webcam/index.html",
        "address": "北海道礼文郡礼文町大字香深村字トンナイ558-5",
        "last_updated": "2024-04-12 15:37:08"
      }
    },
    {
      "type": "Feature",
      "geometry": {
        "type": "Point",
        "coordinates": [
          141.659489,
          45.38739
        ]
      },
      "properties": {
        "stream_title": "STV札幌テレビ(稚内)",
        "stream_url": "https://www.stv.jp/webcam/wakkanai/index.html",
        "stream_status": "TRUE",
        "stream_type": "image",
        "is_rewind": "FALSE",
        "category": "海岸",
        "poi": "",
        "poi_detail": "稚内百年記念塔",
        "provider": "STV札幌テレビ",
        "provider_url": "https://www.stv.jp/webcam/index.html",
        "address": "北海道稚内市大字稚内村ヤムワッカナイ",
        "last_updated": "2024-04-12 15:37:18"
      }
    },
    {
      "type": "Feature",
      "geometry": {
        "type": "Point",
        "coordinates": [
          141.637009,
          43.940987
        ]
      },
      "properties": {
        "stream_title": "STV札幌テレビ(留萌)",
        "stream_url": "https://www.stv.jp/webcam/rumoi/index.html",
        "stream_status": "TRUE",
        "stream_type": "image",
        "is_rewind": "FALSE",
        "category": "海岸",
        "poi": "",
        "poi_detail": "留萌市役所",
        "provider": "STV札幌テレビ",
        "provider_url": "https://www.stv.jp/webcam/index.html",
        "address": "北海道留萌市幸町一丁目11-11",
        "last_updated": "2024-04-12 15:02:11"
      }
    },
    {
      "type": "Feature",
      "geometry": {
        "type": "Point",
        "coordinates": [
          142.365314,
          43.771404
        ]
      },
      "properties": {
        "stream_title": "STV札幌テレビ(旭川)",
        "stream_url": "https://www.stv.jp/webcam/asahikawa/index.html",
        "stream_status": "TRUE",
        "stream_type": "image",
        "is_rewind": "FALSE",
        "category": "道路",
        "poi": "新橋",
        "poi_detail": "",
        "provider": "STV札幌テレビ",
        "provider_url": "https://www.stv.jp/webcam/index.html",
        "address": "北海道旭川市九条通一丁目",
        "last_updated": "2024-04-12 11:02:35"
      }
    },
    {
      "type": "Feature",
      "geometry": {
        "type": "Point",
        "coordinates": [
          140.994605,
          43.1907527
        ]
      },
      "properties": {
        "stream_title": "STV札幌テレビ(小樽)",
        "stream_url": "https://www.stv.jp/webcam/otaru/index.html",
        "stream_status": "TRUE",
        "stream_type": "image",
        "is_rewind": "FALSE",
        "category": "河川",
        "poi": "",
        "poi_detail": "ホテルノルド小樽",
        "provider": "STV札幌テレビ",
        "provider_url": "https://www.stv.jp/webcam/index.html",
        "address": "北海道小樽市色内一丁目4-16",
        "last_updated": "2024-04-12 14:55:57"
      }
    },
    {
      "type": "Feature",
      "geometry": {
        "type": "Point",
        "coordinates": [
          140.95299,
          43.090599
        ]
      },
      "properties": {
        "stream_title": "STV札幌テレ(赤井川)",
        "stream_url": "https://www.stv.jp/webcam/yoichi/index.html",
        "stream_status": "TRUE",
        "stream_type": "image",
        "is_rewind": "FALSE",
        "category": "観光",
        "poi": "キロロリゾート・マウンテンセンター",
        "poi_detail": "",
        "provider": "STV札幌テレビ",
        "provider_url": "https://www.stv.jp/webcam/index.html",
        "address": "北海道余市郡赤井川村字常盤650",
        "last_updated": "2024-04-12 13:07:55"
      }
    },
    {
      "type": "Feature",
      "geometry": {
        "type": "Point",
        "coordinates": [
          140.12756,
          41.869244
        ]
      },
      "properties": {
        "stream_title": "STV札幌テレビ(江差)",
        "stream_url": "https://www.stv.jp/webcam/esashi/index.html",
        "stream_status": "TRUE",
        "stream_type": "image",
        "is_rewind": "FALSE",
        "category": "海岸",
        "poi": "",
        "poi_detail": "江差町公民館（対鴎館）",
        "provider": "STV札幌テレビ",
        "provider_url": "https://www.stv.jp/webcam/index.html",
        "address": "北海道檜山郡江差町字上野町46",
        "last_updated": "2024-04-12 13:10:25"
      }
    },
    {
      "type": "Feature",
      "geometry": {
        "type": "Point",
        "coordinates": [
          140.729108,
          41.768712
        ]
      },
      "properties": {
        "stream_title": "STV札幌テレビ(函館)",
        "stream_url": "https://www.stv.jp/webcam/hakodate/index.html",
        "stream_status": "TRUE",
        "stream_type": "image",
        "is_rewind": "FALSE",
        "category": "海岸",
        "poi": "",
        "poi_detail": "函館山ＳＴＶテレビ函館送信所",
        "provider": "STV札幌テレビ",
        "provider_url": "https://www.stv.jp/webcam/index.html",
        "address": "北海道函館市函館山 テレビ送信所",
        "last_updated": "2024-04-12 13:14:20"
      }
    },
    {
      "type": "Feature",
      "geometry": {
        "type": "Point",
        "coordinates": [
          143.205281,
          42.934649
        ]
      },
      "properties": {
        "stream_title": "STV札幌テレビ(帯広)",
        "stream_url": "https://www.stv.jp/webcam/obihiro/index.html",
        "stream_status": "TRUE",
        "stream_type": "image",
        "is_rewind": "FALSE",
        "category": "河川",
        "poi": "十勝大橋",
        "poi_detail": "",
        "provider": "STV札幌テレビ",
        "provider_url": "https://www.stv.jp/webcam/index.html",
        "address": "北海道帯広市東一条北二丁目",
        "last_updated": "2024-04-12 13:16:11"
      }
    },
    {
      "type": "Feature",
      "geometry": {
        "type": "Point",
        "coordinates": [
          144.273422,
          44.020631
        ]
      },
      "properties": {
        "stream_title": "STV札幌テレビ(網走)",
        "stream_url": "https://www.stv.jp/webcam/abashiri/index.html",
        "stream_status": "TRUE",
        "stream_type": "image",
        "is_rewind": "FALSE",
        "category": "海岸",
        "poi": "",
        "poi_detail": "網走市役所",
        "provider": "STV札幌テレビ",
        "provider_url": "https://www.stv.jp/webcam/index.html",
        "address": "北海道網走市南六条東四丁目",
        "last_updated": "2024-04-12 13:17:18"
      }
    },
    {
      "type": "Feature",
      "geometry": {
        "type": "Point",
        "coordinates": [
          144.995659,
          44.0718701
        ]
      },
      "properties": {
        "stream_title": "STV札幌テレビ(知床)",
        "stream_url": "https://www.stv.jp/webcam/shiretoko/index.html",
        "stream_status": "TRUE",
        "stream_type": "image",
        "is_rewind": "FALSE",
        "category": "海岸",
        "poi": "ウトロ港",
        "poi_detail": "北こぶし知床　ホテル＆リゾート",
        "provider": "STV札幌テレビ",
        "provider_url": "https://www.stv.jp/webcam/index.html",
        "address": "北海道斜里郡斜里町ウトロ東172",
        "last_updated": "2024-04-12 14:42:06"
      }
    },
    {
      "type": "Feature",
      "geometry": {
        "type": "Point",
        "coordinates": [
          145.582903,
          43.330036
        ]
      },
      "properties": {
        "stream_title": "STV札幌テレビ(根室)",
        "stream_url": "https://www.stv.jp/webcam/nemuro/index.html",
        "stream_status": "TRUE",
        "stream_type": "image",
        "is_rewind": "FALSE",
        "category": "海岸",
        "poi": "北海道 根室市 花咲港",
        "poi_detail": "",
        "provider": "STV札幌テレビ",
        "provider_url": "https://www.stv.jp/webcam/index.html",
        "address": "北海道根室市",
        "last_updated": "2024-04-12 14:46:25"
      }
    },
    {
      "type": "Feature",
      "geometry": {
        "type": "Point",
        "coordinates": [
          142.768213,
          42.168355
        ]
      },
      "properties": {
        "stream_title": "STV札幌テレビ(浦河)",
        "stream_url": "https://www.stv.jp/webcam/urakawa/index.html",
        "stream_status": "TRUE",
        "stream_type": "image",
        "is_rewind": "FALSE",
        "category": "海岸",
        "poi": "浦河",
        "poi_detail": "",
        "provider": "STV札幌テレビ",
        "provider_url": "https://www.stv.jp/webcam/index.html",
        "address": "北海道浦河郡浦河町築地一丁目 浦河町役場",
        "last_updated": "2024-04-12 14:56:14"
      }
    },
    {
      "type": "Feature",
      "geometry": {
        "type": "Point",
        "coordinates": [
          141.695934,
          42.783915
        ]
      },
      "properties": {
        "stream_title": "STV札幌テレビ(新千歳空港ターミナルビル)",
        "stream_url": "https://www.stv.jp/webcam/shinchitose/index.html",
        "stream_status": "TRUE",
        "stream_type": "image",
        "is_rewind": "FALSE",
        "category": "空港",
        "poi": "新千歳空港ターミナル",
        "poi_detail": "",
        "provider": "STV札幌テレビ",
        "provider_url": "https://www.stv.jp/webcam/index.html",
        "address": "北海道千歳市美々987-22",
        "last_updated": "2024-04-13 21:39:51"
      }
    },
    {
      "type": "Feature",
      "geometry": {
        "type": "Point",
        "coordinates": [
          141.695934,
          42.783915
        ]
      },
      "properties": {
        "stream_title": "STV札幌テレビ(新千歳空港滑走路)",
        "stream_url": "https://www.stv.jp/webcam/shinchitose2/index.html",
        "stream_status": "TRUE",
        "stream_type": "image",
        "is_rewind": "FALSE",
        "category": "空港",
        "poi": "新千歳空港滑走路の東側",
        "poi_detail": "",
        "provider": "STV札幌テレビ",
        "provider_url": "https://www.stv.jp/webcam/index.html",
        "address": "北海道千歳市美々",
        "last_updated": "2024-04-12 14:57:46"
      }
    },
    {
      "type": "Feature",
      "geometry": {
        "type": "Point",
        "coordinates": [
          141.35389,
          43.061414
        ]
      },
      "properties": {
        "stream_title": "STV札幌テレビ(札幌大通公園)",
        "stream_url": "https://www.stv.jp/webcam/ohdori4/index.html",
        "stream_status": "TRUE",
        "stream_type": "image",
        "is_rewind": "FALSE",
        "category": "観光",
        "poi": "",
        "poi_detail": "明治安田生命札幌大通ビル",
        "provider": "STV札幌テレビ",
        "provider_url": "https://www.stv.jp/webcam/index.html",
        "address": "北海道札幌市中央区大通西三丁目",
        "last_updated": "2024-04-12 15:06:34"
      }
    },
    {
      "type": "Feature",
      "geometry": {
        "type": "Point",
        "coordinates": [
          141.563165,
          42.985255
        ]
      },
      "properties": {
        "stream_title": "STV札幌テレビ(北広島)",
        "stream_url": "https://www.stv.jp/webcam/kitahiroshima/index.html",
        "stream_status": "TRUE",
        "stream_type": "image",
        "is_rewind": "FALSE",
        "category": "鉄道",
        "poi": "",
        "poi_detail": "北広島市役所",
        "provider": "STV札幌テレビ",
        "provider_url": "https://www.stv.jp/webcam/index.html",
        "address": "北海道北広島市中央四丁目2-1",
        "last_updated": "2024-04-12 15:36:47"
      }
    },
    {
      "type": "Feature",
      "geometry": {
        "type": "Point",
        "coordinates": [
          138.383023,
          34.976906
        ]
      },
      "properties": {
        "stream_title": "【LIVE】静岡市さった峠　交通の要衝 - YouTube",
        "stream_url": "https://www.youtube.com/watch?v=6S4qvf97cbQ",
        "stream_status": "TRUE",
        "stream_type": "video",
        "is_rewind": "TRUE",
        "category": "道路",
        "poi": "静岡市さった峠「交通の要衝」",
        "poi_detail": "",
        "provider": "静岡市さった峠 ライブカメラ - YouTube",
        "provider_url": "https://www.youtube.com/@user-wn8rm5iq7e",
        "address": "静岡県静岡市清水区由比西倉澤",
        "last_updated": "2024-04-13 19:24:29"
      }
    },
    {
      "type": "Feature",
      "geometry": {
        "type": "Point",
        "coordinates": [
          138.383023,
          34.976906
        ]
      },
      "properties": {
        "stream_title": "【LIVE】静岡市さった峠　広重の富士山 / Mt. Fuji (World Heritage Site): Live Streaming in Shizuoka City - YouTube",
        "stream_url": "https://www.youtube.com/watch?v=GsD9QQEKSzQ",
        "stream_status": "TRUE",
        "stream_type": "video",
        "is_rewind": "TRUE",
        "category": "道路",
        "poi": "静岡市さった峠の「広重の富士山」",
        "poi_detail": "",
        "provider": "静岡市さった峠 ライブカメラ - YouTube",
        "provider_url": "https://www.youtube.com/@user-wn8rm5iq7e",
        "address": "静岡県静岡市清水区由比西倉澤",
        "last_updated": "2024-04-13 19:25:49"
      }
    },
    {
      "type": "Feature",
      "geometry": {
        "type": "Point",
        "coordinates": [
          133.934894,
          34.661759
        ]
      },
      "properties": {
        "stream_title": "いぶきの里スキー場 | 本日のゲレンデ",
        "stream_url": "https://www.ibukinosato.co.jp/gelande/index.php",
        "stream_status": "TRUE",
        "stream_type": "image",
        "is_rewind": "FALSE",
        "category": "観光",
        "poi": "いぶきの里スキー場",
        "poi_detail": "",
        "provider": "いぶきの里スキー場",
        "provider_url": "https://www.ibukinosato.co.jp/",
        "address": "岡山県新見市千屋花見1336-1",
        "last_updated": "2024-04-13 19:28:43"
      }
    },
    {
      "type": "Feature",
      "geometry": {
        "type": "Point",
        "coordinates": [
          130.854088,
          33.571816
        ]
      },
      "properties": {
        "stream_title": "英彦山神宮(下宮)",
        "stream_url": "http://hikosan.aa4.netvolante.jp:1250/view/view.shtml?id=50368&imagepath=%2Fmjpg%2Fvideo.mjpg&size=1",
        "stream_status": "TRUE",
        "stream_type": "image",
        "is_rewind": "FALSE",
        "category": "観光",
        "poi": "英彦山神宮(下宮)",
        "poi_detail": "",
        "provider": "英彦山神宮",
        "provider_url": "https://hikosanjingu.or.jp/camera/",
        "address": "福岡県田川郡添田町英彦山1",
        "last_updated": "2024-04-13 19:38:27"
      }
    },
    {
      "type": "Feature",
      "geometry": {
        "type": "Point",
        "coordinates": [
          130.854088,
          33.571816
        ]
      },
      "properties": {
        "stream_title": "英彦山神宮(奉幣殿)",
        "stream_url": "http://hikosan.aa4.netvolante.jp:1230/aca/index.html#view",
        "stream_status": "TRUE",
        "stream_type": "image",
        "is_rewind": "FALSE",
        "category": "観光",
        "poi": "英彦山神宮(奉幣殿)",
        "poi_detail": "",
        "provider": "英彦山神宮",
        "provider_url": "https://hikosanjingu.or.jp/camera/",
        "address": "福岡県田川郡添田町英彦山1",
        "last_updated": "2024-04-13 19:45:18"
      }
    },
    {
      "type": "Feature",
      "geometry": {
        "type": "Point",
        "coordinates": [
          130.854088,
          33.571816
        ]
      },
      "properties": {
        "stream_title": "英彦山神宮(参道)",
        "stream_url": "http://hikosan.aa4.netvolante.jp:1210/view/view.shtml?id=75290&imagepath=%2Fmjpg%2Fvideo.mjpg&size=1",
        "stream_status": "TRUE",
        "stream_type": "image",
        "is_rewind": "FALSE",
        "category": "観光",
        "poi": "英彦山神宮(参道)",
        "poi_detail": "",
        "provider": "英彦山神宮",
        "provider_url": "https://hikosanjingu.or.jp/camera/",
        "address": "福岡県田川郡添田町英彦山1",
        "last_updated": "2024-04-13 19:43:42"
      }
    },
    {
      "type": "Feature",
      "geometry": {
        "type": "Point",
        "coordinates": [
          130.854088,
          33.571816
        ]
      },
      "properties": {
        "stream_title": "英彦山神宮(授与所)",
        "stream_url": "http://hikosan.aa4.netvolante.jp:81/view/view.shtml?id=34134&imagepath=%2Fmjpg%2Fvideo.mjpg&size=1",
        "stream_status": "TRUE",
        "stream_type": "image",
        "is_rewind": "FALSE",
        "category": "観光",
        "poi": "英彦山神宮(授与所)",
        "poi_detail": "",
        "provider": "英彦山神宮",
        "provider_url": "https://hikosanjingu.or.jp/camera/",
        "address": "福岡県田川郡添田町英彦山1",
        "last_updated": "2024-04-13 19:44:21"
      }
    },
    {
      "type": "Feature",
      "geometry": {
        "type": "Point",
        "coordinates": [
          130.854088,
          33.571816
        ]
      },
      "properties": {
        "stream_title": "英彦山神宮(社務所)",
        "stream_url": "http://hikosan.aa4.netvolante.jp:82/#view",
        "stream_status": "TRUE",
        "stream_type": "image",
        "is_rewind": "FALSE",
        "category": "観光",
        "poi": "英彦山神宮",
        "poi_detail": "",
        "provider": "英彦山神宮",
        "provider_url": "https://hikosanjingu.or.jp/camera/",
        "address": "福岡県田川郡添田町英彦山1",
        "last_updated": "2024-04-13 19:45:02"
      }
    },
    {
      "type": "Feature",
      "geometry": {
        "type": "Point",
        "coordinates": [
          132.766103,
          33.841646
        ]
      },
      "properties": {
        "stream_title": "えひめの道ライブカメラ(（国）319号（四国中央市新宮町馬立）)",
        "stream_url": "https://www.pref.ehime.jp/dkanri/details.html?1_15",
        "stream_status": "TRUE",
        "stream_type": "image",
        "is_rewind": "FALSE",
        "category": "道路",
        "poi": "（国）319号（四国中央市新宮町馬立）",
        "poi_detail": "",
        "provider": "えひめの道ライブカメラ",
        "provider_url": "https://www.pref.ehime.jp/dkanri/index.html",
        "address": "愛媛県四国中央市新宮町馬立1144",
        "last_updated": "2024-04-13 20:43:06"
      }
    },
    {
      "type": "Feature",
      "geometry": {
        "type": "Point",
        "coordinates": [
          132.766103,
          33.841646
        ]
      },
      "properties": {
        "stream_title": "えひめの道ライブカメラ(法皇トンネル（金砂町平野山側）)",
        "stream_url": "https://www.pref.ehime.jp/dkanri/details.html?1_13",
        "stream_status": "TRUE",
        "stream_type": "image",
        "is_rewind": "FALSE",
        "category": "道路",
        "poi": "法皇トンネル（金砂町平野山側）",
        "poi_detail": "",
        "provider": "えひめの道ライブカメラ",
        "provider_url": "https://www.pref.ehime.jp/dkanri/index.html",
        "address": "愛媛県四国中央市金砂町平野山232",
        "last_updated": "2024-04-13 21:02:17"
      }
    },
    {
      "type": "Feature",
      "geometry": {
        "type": "Point",
        "coordinates": [
          132.766103,
          33.841646
        ]
      },
      "properties": {
        "stream_title": "えひめの道ライブカメラ(（主）高知伊予三島線（富郷町津根山）)",
        "stream_url": "https://www.pref.ehime.jp/dkanri/details.html?1_41",
        "stream_status": "TRUE",
        "stream_type": "image",
        "is_rewind": "FALSE",
        "category": "道路",
        "poi": "高知伊予三島線（富郷町津根山）",
        "poi_detail": "",
        "provider": "えひめの道ライブカメラ",
        "provider_url": "https://www.pref.ehime.jp/dkanri/index.html",
        "address": "愛媛県四国中央市",
        "last_updated": "2024-04-13 19:58:41"
      }
    },
    {
      "type": "Feature",
      "geometry": {
        "type": "Point",
        "coordinates": [
          132.766103,
          33.841646
        ]
      },
      "properties": {
        "stream_title": "えひめの道ライブカメラ(壬生川新居浜野田線JRアンダー南側)",
        "stream_url": "https://www.pref.ehime.jp/dkanri/details.html?1_18",
        "stream_status": "TRUE",
        "stream_type": "image",
        "is_rewind": "FALSE",
        "category": "道路",
        "poi": "壬生川新居浜野田線JRアンダー南側",
        "poi_detail": "",
        "provider": "えひめの道ライブカメラ",
        "provider_url": "https://www.pref.ehime.jp/dkanri/index.html",
        "address": "愛媛県新居浜市坂井町3丁目甲3456-1",
        "last_updated": "2024-04-13 20:00:15"
      }
    },
    {
      "type": "Feature",
      "geometry": {
        "type": "Point",
        "coordinates": [
          132.766103,
          33.841646
        ]
      },
      "properties": {
        "stream_title": "えひめの道ライブカメラ(壬生川新居浜野田線JRアンダー北側)",
        "stream_url": "https://www.pref.ehime.jp/dkanri/details.html?1_17",
        "stream_status": "TRUE",
        "stream_type": "image",
        "is_rewind": "FALSE",
        "category": "道路",
        "poi": "壬生川新居浜野田線JRアンダー北側",
        "poi_detail": "",
        "provider": "えひめの道ライブカメラ",
        "provider_url": "https://www.pref.ehime.jp/dkanri/index.html",
        "address": "愛媛県新居浜市坂井町3丁目甲3456-1",
        "last_updated": "2024-04-13 20:01:36"
      }
    },
    {
      "type": "Feature",
      "geometry": {
        "type": "Point",
        "coordinates": [
          132.766103,
          33.841646
        ]
      },
      "properties": {
        "stream_title": "えひめの道ライブカメラ(寒風山トンネル（西条市側）)",
        "stream_url": "https://www.pref.ehime.jp/dkanri/details.html?2_19",
        "stream_status": "TRUE",
        "stream_type": "image",
        "is_rewind": "FALSE",
        "category": "道路",
        "poi": "寒風山トンネル（西条市側）",
        "poi_detail": "",
        "provider": "えひめの道ライブカメラ",
        "provider_url": "https://www.pref.ehime.jp/dkanri/index.html",
        "address": "愛媛県西条市藤之石己 国道194号",
        "last_updated": "2024-04-13 20:03:10"
      }
    },
    {
      "type": "Feature",
      "geometry": {
        "type": "Point",
        "coordinates": [
          132.766103,
          33.841646
        ]
      },
      "properties": {
        "stream_title": "えひめの道ライブカメラ(新居浜別子山線（新居浜市大永山)",
        "stream_url": "https://www.pref.ehime.jp/dkanri/details.html?2_14",
        "stream_status": "TRUE",
        "stream_type": "image",
        "is_rewind": "FALSE",
        "category": "道路",
        "poi": "新居浜別子山線（新居浜市大永山",
        "poi_detail": "",
        "provider": "えひめの道ライブカメラ",
        "provider_url": "https://www.pref.ehime.jp/dkanri/index.html",
        "address": "愛媛県新居浜市",
        "last_updated": "2024-04-13 20:05:08"
      }
    },
    {
      "type": "Feature",
      "geometry": {
        "type": "Point",
        "coordinates": [
          132.766103,
          33.841646
        ]
      },
      "properties": {
        "stream_title": "えひめの道ライブカメラ(壬生川新居浜野田線（新居浜市一宮）)",
        "stream_url": "https://www.pref.ehime.jp/dkanri/details.html?2_40",
        "stream_status": "TRUE",
        "stream_type": "image",
        "is_rewind": "FALSE",
        "category": "道路",
        "poi": "壬生川新居浜野田線（新居浜市一宮）",
        "poi_detail": "",
        "provider": "えひめの道ライブカメラ",
        "provider_url": "https://www.pref.ehime.jp/dkanri/index.html",
        "address": "愛媛県新居浜市宮西町4-46",
        "last_updated": "2024-04-13 20:07:32"
      }
    },
    {
      "type": "Feature",
      "geometry": {
        "type": "Point",
        "coordinates": [
          132.766103,
          33.841646
        ]
      },
      "properties": {
        "stream_title": "えひめの道ライブカメラ(新居浜角野線JRアンダー南側)",
        "stream_url": "https://www.pref.ehime.jp/dkanri/details.html?2_21",
        "stream_status": "TRUE",
        "stream_type": "image",
        "is_rewind": "FALSE",
        "category": "道路",
        "poi": "新居浜角野線JRアンダー南側",
        "poi_detail": "",
        "provider": "えひめの道ライブカメラ",
        "provider_url": "https://www.pref.ehime.jp/dkanri/index.html",
        "address": "愛媛県新居浜市坂井町2丁目3",
        "last_updated": "2024-04-13 20:19:00"
      }
    },
    {
      "type": "Feature",
      "geometry": {
        "type": "Point",
        "coordinates": [
          132.766103,
          33.841646
        ]
      },
      "properties": {
        "stream_title": "えひめの道ライブカメラ(新居浜角野線JRアンダー北側)",
        "stream_url": "https://www.pref.ehime.jp/dkanri/details.html?2_20",
        "stream_status": "TRUE",
        "stream_type": "image",
        "is_rewind": "FALSE",
        "category": "道路",
        "poi": "新居浜角野線JRアンダー北側",
        "poi_detail": "",
        "provider": "えひめの道ライブカメラ",
        "provider_url": "https://www.pref.ehime.jp/dkanri/index.html",
        "address": "愛媛県新居浜市坂井町3丁目8-61",
        "last_updated": "2024-04-13 20:20:43"
      }
    },
    {
      "type": "Feature",
      "geometry": {
        "type": "Point",
        "coordinates": [
          132.766103,
          33.841646
        ]
      },
      "properties": {
        "stream_title": "えひめの道ライブカメラ(西条久万線（西条市西之川）)",
        "stream_url": "https://www.pref.ehime.jp/dkanri/details.html?2_42",
        "stream_status": "TRUE",
        "stream_type": "image",
        "is_rewind": "FALSE",
        "category": "道路",
        "poi": "西条久万線（西条市西之川）",
        "poi_detail": "",
        "provider": "えひめの道ライブカメラ",
        "provider_url": "https://www.pref.ehime.jp/dkanri/index.html",
        "address": "愛媛県西条市",
        "last_updated": "2024-04-13 20:22:41"
      }
    },
    {
      "type": "Feature",
      "geometry": {
        "type": "Point",
        "coordinates": [
          132.766103,
          33.841646
        ]
      },
      "properties": {
        "stream_title": "えひめの道ライブカメラ(西条港線JRアンダー南側)",
        "stream_url": "https://www.pref.ehime.jp/dkanri/details.html?2_23",
        "stream_status": "TRUE",
        "stream_type": "image",
        "is_rewind": "FALSE",
        "category": "道路",
        "poi": "西条港線JRアンダー南側",
        "poi_detail": "",
        "provider": "えひめの道ライブカメラ",
        "provider_url": "https://www.pref.ehime.jp/dkanri/index.html",
        "address": "愛媛県西条市大町1412-2",
        "last_updated": "2024-04-13 20:24:56"
      }
    },
    {
      "type": "Feature",
      "geometry": {
        "type": "Point",
        "coordinates": [
          132.766103,
          33.841646
        ]
      },
      "properties": {
        "stream_title": "えひめの道ライブカメラ(西条港線JRアンダー北側)",
        "stream_url": "https://www.pref.ehime.jp/dkanri/details.html?2_22",
        "stream_status": "TRUE",
        "stream_type": "image",
        "is_rewind": "FALSE",
        "category": "道路",
        "poi": "西条港線JRアンダー北側",
        "poi_detail": "",
        "provider": "えひめの道ライブカメラ",
        "provider_url": "https://www.pref.ehime.jp/dkanri/index.html",
        "address": "愛媛県西条市神拝甲121",
        "last_updated": "2024-04-13 20:25:56"
      }
    },
    {
      "type": "Feature",
      "geometry": {
        "type": "Point",
        "coordinates": [
          132.765556,
          33.839157
        ]
      },
      "properties": {
        "stream_title": "えひめの道ライブカメラ(水ヶ峠トンネル(今治市側))",
        "stream_url": "https://www.pref.ehime.jp/dkanri/details.html?3_2",
        "stream_status": "TRUE",
        "stream_type": "image",
        "is_rewind": "FALSE",
        "category": "道路",
        "poi": "水ヶ峠トンネル(今治市側)",
        "poi_detail": "",
        "provider": "えひめの道ライブカメラ",
        "provider_url": "https://www.pref.ehime.jp/dkanri/index.html",
        "address": "愛媛県松山市 国道317号線",
        "last_updated": "2024-04-13 20:27:19"
      }
    },
    {
      "type": "Feature",
      "geometry": {
        "type": "Point",
        "coordinates": [
          132.766103,
          33.841646
        ]
      },
      "properties": {
        "stream_title": "えひめの道ライブカメラ(（国）494号（東温市河之内）)",
        "stream_url": "https://www.pref.ehime.jp/dkanri/details.html?4_46",
        "stream_status": "TRUE",
        "stream_type": "image",
        "is_rewind": "FALSE",
        "category": "道路",
        "poi": "（国）494号（東温市河之内）\n",
        "poi_detail": "",
        "provider": "えひめの道ライブカメラ",
        "provider_url": "https://www.pref.ehime.jp/dkanri/index.html",
        "address": "愛媛県東温市河之内",
        "last_updated": "2024-04-13 20:29:15"
      }
    },
    {
      "type": "Feature",
      "geometry": {
        "type": "Point",
        "coordinates": [
          132.765556,
          33.839157
        ]
      },
      "properties": {
        "stream_title": "えひめの道ライブカメラ(水ヶ峠トンネル(松山市側))",
        "stream_url": "https://www.pref.ehime.jp/dkanri/details.html?4_1",
        "stream_status": "TRUE",
        "stream_type": "image",
        "is_rewind": "FALSE",
        "category": "道路",
        "poi": "水ヶ峠トンネル(松山市側)",
        "poi_detail": "",
        "provider": "えひめの道ライブカメラ",
        "provider_url": "https://www.pref.ehime.jp/dkanri/index.html",
        "address": "愛媛県松山市 国道317号線",
        "last_updated": "2024-04-13 20:30:11"
      }
    },
    {
      "type": "Feature",
      "geometry": {
        "type": "Point",
        "coordinates": [
          132.765556,
          33.839157
        ]
      },
      "properties": {
        "stream_title": "えひめの道ライブカメラ(（国）440号（松山市久谷町）)",
        "stream_url": "https://www.pref.ehime.jp/dkanri/details.html?4_24",
        "stream_status": "TRUE",
        "stream_type": "image",
        "is_rewind": "FALSE",
        "category": "道路",
        "poi": "（国）440号（松山市久谷町）",
        "poi_detail": "",
        "provider": "えひめの道ライブカメラ",
        "provider_url": "https://www.pref.ehime.jp/dkanri/index.html",
        "address": "愛媛県松山市 国道317号線",
        "last_updated": "2024-04-13 20:31:49"
      }
    },
    {
      "type": "Feature",
      "geometry": {
        "type": "Point",
        "coordinates": [
          132.765556,
          33.839157
        ]
      },
      "properties": {
        "stream_title": "えひめの道ライブカメラ(（一）湯山北条線JRアンダー東側)",
        "stream_url": "https://www.pref.ehime.jp/dkanri/details.html?4_26",
        "stream_status": "TRUE",
        "stream_type": "image",
        "is_rewind": "FALSE",
        "category": "道路",
        "poi": "（一）湯山北条線JRアンダー東側",
        "poi_detail": "",
        "provider": "えひめの道ライブカメラ",
        "provider_url": "https://www.pref.ehime.jp/dkanri/index.html",
        "address": "愛媛県松山市鹿峰163-1",
        "last_updated": "2024-04-13 20:33:58"
      }
    },
    {
      "type": "Feature",
      "geometry": {
        "type": "Point",
        "coordinates": [
          132.765556,
          33.839157
        ]
      },
      "properties": {
        "stream_title": "えひめの道ライブカメラ(（一）湯山北条線JRアンダー西側)",
        "stream_url": "https://www.pref.ehime.jp/dkanri/details.html?4_25",
        "stream_status": "TRUE",
        "stream_type": "image",
        "is_rewind": "FALSE",
        "category": "道路",
        "poi": "（一）湯山北条線JRアンダー西側",
        "poi_detail": "",
        "provider": "えひめの道ライブカメラ",
        "provider_url": "https://www.pref.ehime.jp/dkanri/index.html",
        "address": "愛媛県松山市鹿峰213",
        "last_updated": "2024-04-13 20:35:45"
      }
    },
    {
      "type": "Feature",
      "geometry": {
        "type": "Point",
        "coordinates": [
          132.766103,
          33.841646
        ]
      },
      "properties": {
        "stream_title": "えひめの道ライブカメラ(（国）379号（伊予郡砥部町玉谷）)",
        "stream_url": "https://www.pref.ehime.jp/dkanri/details.html?4_12",
        "stream_status": "TRUE",
        "stream_type": "image",
        "is_rewind": "FALSE",
        "category": "道路",
        "poi": "（国）379号（伊予郡砥部町玉谷）",
        "poi_detail": "",
        "provider": "えひめの道ライブカメラ",
        "provider_url": "https://www.pref.ehime.jp/dkanri/index.html",
        "address": "愛媛県伊予郡砥部町",
        "last_updated": "2024-04-13 20:38:27"
      }
    },
    {
      "type": "Feature",
      "geometry": {
        "type": "Point",
        "coordinates": [
          132.766103,
          33.841646
        ]
      },
      "properties": {
        "stream_title": "えひめの道ライブカメラ(峠御堂隧道（久万高原町側）)",
        "stream_url": "https://www.pref.ehime.jp/dkanri/details.html?5_38",
        "stream_status": "TRUE",
        "stream_type": "image",
        "is_rewind": "FALSE",
        "category": "道路",
        "poi": "峠御堂隧道（久万高原町側）",
        "poi_detail": "",
        "provider": "えひめの道ライブカメラ",
        "provider_url": "https://www.pref.ehime.jp/dkanri/index.html",
        "address": "愛媛県上浮穴郡久万高原町菅生",
        "last_updated": "2024-04-13 20:43:36"
      }
    },
    {
      "type": "Feature",
      "geometry": {
        "type": "Point",
        "coordinates": [
          132.766103,
          33.841646
        ]
      },
      "properties": {
        "stream_title": "えひめの道ライブカメラ(真弓トンネル（内子町側)",
        "stream_url": "https://www.pref.ehime.jp/dkanri/details.html?6_39",
        "stream_status": "TRUE",
        "stream_type": "image",
        "is_rewind": "FALSE",
        "category": "道路",
        "poi": "真弓トンネル（内子町側)",
        "poi_detail": "",
        "provider": "えひめの道ライブカメラ",
        "provider_url": "https://www.pref.ehime.jp/dkanri/index.html",
        "address": "愛媛県喜多郡内子町大平",
        "last_updated": "2024-04-13 20:43:31"
      }
    },
    {
      "type": "Feature",
      "geometry": {
        "type": "Point",
        "coordinates": [
          132.766103,
          33.841646
        ]
      },
      "properties": {
        "stream_title": "えひめの道ライブカメラ(（国）379号（内子町吉野川）)",
        "stream_url": "https://www.pref.ehime.jp/dkanri/details.html?6_288",
        "stream_status": "TRUE",
        "stream_type": "image",
        "is_rewind": "FALSE",
        "category": "道路",
        "poi": "（国）379号（内子町吉野川）",
        "poi_detail": "",
        "provider": "えひめの道ライブカメラ",
        "provider_url": "https://www.pref.ehime.jp/dkanri/index.html",
        "address": "愛媛県喜多郡内子町吉野川59",
        "last_updated": "2024-04-13 21:00:30"
      }
    },
    {
      "type": "Feature",
      "geometry": {
        "type": "Point",
        "coordinates": [
          132.766103,
          33.841646
        ]
      },
      "properties": {
        "stream_title": "えひめの道ライブカメラ(（国）197号（大洲市肱川町宇和川）)",
        "stream_url": "https://www.pref.ehime.jp/dkanri/details.html?6_7",
        "stream_status": "TRUE",
        "stream_type": "image",
        "is_rewind": "FALSE",
        "category": "道路",
        "poi": "（国）197号（大洲市肱川町宇和川）",
        "poi_detail": "",
        "provider": "えひめの道ライブカメラ",
        "provider_url": "https://www.pref.ehime.jp/dkanri/index.html",
        "address": "愛媛県大洲市肱川町宇和川588-1",
        "last_updated": "2024-04-13 20:48:25"
      }
    },
    {
      "type": "Feature",
      "geometry": {
        "type": "Point",
        "coordinates": [
          132.766103,
          33.841646
        ]
      },
      "properties": {
        "stream_title": "えひめの道ライブカメラ(（国）197号（大洲市鹿野川大橋付近））",
        "stream_url": "https://www.pref.ehime.jp/dkanri/details.html?6_49",
        "stream_status": "TRUE",
        "stream_type": "image",
        "is_rewind": "FALSE",
        "category": "道路",
        "poi": "（国）197号（大洲市鹿野川大橋付近））",
        "poi_detail": "",
        "provider": "えひめの道ライブカメラ",
        "provider_url": "https://www.pref.ehime.jp/dkanri/index.html",
        "address": "愛媛県大洲市肱川町山鳥坂282-1",
        "last_updated": "2024-04-13 20:51:04"
      }
    },
    {
      "type": "Feature",
      "geometry": {
        "type": "Point",
        "coordinates": [
          132.766103,
          33.841646
        ]
      },
      "properties": {
        "stream_title": "えひめの道ライブカメラ(（国）197号（大洲市菅田小学校付近）)",
        "stream_url": "https://www.pref.ehime.jp/dkanri/details.html?6_52",
        "stream_status": "TRUE",
        "stream_type": "image",
        "is_rewind": "FALSE",
        "category": "道路",
        "poi": "（国）197号（大洲市菅田小学校付近）",
        "poi_detail": "",
        "provider": "えひめの道ライブカメラ",
        "provider_url": "https://www.pref.ehime.jp/dkanri/index.html",
        "address": "愛媛県大洲市菅田町703",
        "last_updated": "2024-04-13 20:52:54"
      }
    },
    {
      "type": "Feature",
      "geometry": {
        "type": "Point",
        "coordinates": [
          132.766103,
          33.841646
        ]
      },
      "properties": {
        "stream_title": "えひめの道ライブカメラ(（国）197号（大洲市肱東中学校付近）)",
        "stream_url": "https://www.pref.ehime.jp/dkanri/details.html?6_51",
        "stream_status": "TRUE",
        "stream_type": "image",
        "is_rewind": "FALSE",
        "category": "道路",
        "poi": "国）197号（大洲市肱東中学校付近）",
        "poi_detail": "",
        "provider": "えひめの道ライブカメラ",
        "provider_url": "https://www.pref.ehime.jp/dkanri/index.html",
        "address": "愛媛県大洲市菅田町菅田1790",
        "last_updated": "2024-04-13 20:52:59"
      }
    },
    {
      "type": "Feature",
      "geometry": {
        "type": "Point",
        "coordinates": [
          132.766103,
          33.841646
        ]
      },
      "properties": {
        "stream_title": "えひめの道ライブカメラ(（主）大洲長浜線（大洲市春賀）)",
        "stream_url": "https://www.pref.ehime.jp/dkanri/details.html?6_500",
        "stream_status": "TRUE",
        "stream_type": "image",
        "is_rewind": "FALSE",
        "category": "道路",
        "poi": "（主）大洲長浜線（大洲市春賀）",
        "poi_detail": "",
        "provider": "えひめの道ライブカメラ",
        "provider_url": "https://www.pref.ehime.jp/dkanri/index.html",
        "address": "愛媛県大洲市 春賀甲375",
        "last_updated": "2024-04-13 20:54:16"
      }
    },
    {
      "type": "Feature",
      "geometry": {
        "type": "Point",
        "coordinates": [
          132.766103,
          33.841646
        ]
      },
      "properties": {
        "stream_title": "えひめの道ライブカメラ(（主）長浜中村線（大洲市多田）)",
        "stream_url": "https://www.pref.ehime.jp/dkanri/details.html?6_47",
        "stream_status": "TRUE",
        "stream_type": "image",
        "is_rewind": "FALSE",
        "category": "道路",
        "poi": "（主）長浜中村線（大洲市多田）",
        "poi_detail": "",
        "provider": "えひめの道ライブカメラ",
        "provider_url": "https://www.pref.ehime.jp/dkanri/index.html",
        "address": "愛媛県大洲市多田406",
        "last_updated": "2024-04-13 20:56:25"
      }
    },
    {
      "type": "Feature",
      "geometry": {
        "type": "Point",
        "coordinates": [
          132.766103,
          33.841646
        ]
      },
      "properties": {
        "stream_title": "えひめの道ライブカメラ(（一）大洲保内線（大洲市西大洲）)",
        "stream_url": "https://www.pref.ehime.jp/dkanri/details.html?6_48",
        "stream_status": "TRUE",
        "stream_type": "image",
        "is_rewind": "FALSE",
        "category": "道路",
        "poi": "（一）大洲保内線（大洲市西大洲）",
        "poi_detail": "",
        "provider": "えひめの道ライブカメラ",
        "provider_url": "https://www.pref.ehime.jp/dkanri/index.html",
        "address": "愛媛県大洲市1010-1 大洲市 西大洲甲",
        "last_updated": "2024-04-13 21:00:06"
      }
    },
    {
      "type": "Feature",
      "geometry": {
        "type": "Point",
        "coordinates": [
          132.766103,
          33.841646
        ]
      },
      "properties": {
        "stream_title": "えひめの道ライブカメラ(（国）441号（大洲市梅川）)",
        "stream_url": "https://www.pref.ehime.jp/dkanri/details.html?6_43",
        "stream_status": "TRUE",
        "stream_type": "image",
        "is_rewind": "FALSE",
        "category": "道路",
        "poi": "（国）441号（大洲市梅川）\n",
        "poi_detail": "",
        "provider": "えひめの道ライブカメラ",
        "provider_url": "https://www.pref.ehime.jp/dkanri/index.html",
        "address": "愛媛県大洲市梅川",
        "last_updated": "2024-04-13 21:38:42"
      }
    },
    {
      "type": "Feature",
      "geometry": {
        "type": "Point",
        "coordinates": [
          132.766103,
          33.841646
        ]
      },
      "properties": {
        "stream_title": "えひめの道ライブカメラ(八幡浜道路八幡浜東IC)",
        "stream_url": "https://www.pref.ehime.jp/dkanri/details.html?7_56",
        "stream_status": "TRUE",
        "stream_type": "image",
        "is_rewind": "FALSE",
        "category": "道路",
        "poi": "八幡浜道路八幡浜東IC",
        "poi_detail": "",
        "provider": "えひめの道ライブカメラ",
        "provider_url": "https://www.pref.ehime.jp/dkanri/index.html",
        "address": "愛媛県八幡浜市郷",
        "last_updated": "2024-04-13 21:39:21"
      }
    },
    {
      "type": "Feature",
      "geometry": {
        "type": "Point",
        "coordinates": [
          132.766103,
          33.841646
        ]
      },
      "properties": {
        "stream_title": "えひめの道ライブカメラ(八幡浜道路千丈トンネル（八幡浜IC側）)",
        "stream_url": "https://www.pref.ehime.jp/dkanri/details.html?7_55",
        "stream_status": "TRUE",
        "stream_type": "image",
        "is_rewind": "FALSE",
        "category": "道路",
        "poi": "八幡浜道路千丈トンネル（八幡浜IC側）",
        "poi_detail": "",
        "provider": "えひめの道ライブカメラ",
        "provider_url": "https://www.pref.ehime.jp/dkanri/index.html",
        "address": "愛媛県八幡浜市松柏 甲734-1",
        "last_updated": "2024-04-13 21:08:02"
      }
    },
    {
      "type": "Feature",
      "geometry": {
        "type": "Point",
        "coordinates": [
          132.766103,
          33.841646
        ]
      },
      "properties": {
        "stream_title": "えひめの道ライブカメラ(八幡浜道路八幡浜IC)",
        "stream_url": "https://www.pref.ehime.jp/dkanri/details.html?7_54",
        "stream_status": "TRUE",
        "stream_type": "image",
        "is_rewind": "FALSE",
        "category": "道路",
        "poi": "八幡浜道路八幡浜IC",
        "poi_detail": "",
        "provider": "えひめの道ライブカメラ",
        "provider_url": "https://www.pref.ehime.jp/dkanri/index.html",
        "address": "愛媛県八幡浜市大平",
        "last_updated": "2024-04-13 21:09:18"
      }
    },
    {
      "type": "Feature",
      "geometry": {
        "type": "Point",
        "coordinates": [
          132.766103,
          33.841646
        ]
      },
      "properties": {
        "stream_title": "えひめの道ライブカメラ(名坂道路保内IC)",
        "stream_url": "https://www.pref.ehime.jp/dkanri/details.html?7_53",
        "stream_status": "TRUE",
        "stream_type": "image",
        "is_rewind": "FALSE",
        "category": "道路",
        "poi": "名坂道路保内IC",
        "poi_detail": "",
        "provider": "えひめの道ライブカメラ",
        "provider_url": "https://www.pref.ehime.jp/dkanri/index.html",
        "address": "愛媛県八幡浜市保内町喜木",
        "last_updated": "2024-04-13 21:10:05"
      }
    },
    {
      "type": "Feature",
      "geometry": {
        "type": "Point",
        "coordinates": [
          132.766103,
          33.841646
        ]
      },
      "properties": {
        "stream_title": "えひめの道ライブカメラ(夜昼トンネル(大洲市側))",
        "stream_url": "https://www.pref.ehime.jp/dkanri/details.html?6_3",
        "stream_status": "TRUE",
        "stream_type": "image",
        "is_rewind": "FALSE",
        "category": "道路",
        "poi": "夜昼トンネル(大洲市側)\n",
        "poi_detail": "",
        "provider": "えひめの道ライブカメラ",
        "provider_url": "https://www.pref.ehime.jp/dkanri/index.html",
        "address": "愛媛県大洲市平野町野田",
        "last_updated": "2024-04-13 21:10:57"
      }
    },
    {
      "type": "Feature",
      "geometry": {
        "type": "Point",
        "coordinates": [
          132.766103,
          33.841646
        ]
      },
      "properties": {
        "stream_title": "えひめの道ライブカメラ(夜昼トンネル(八幡浜市側))",
        "stream_url": "https://www.pref.ehime.jp/dkanri/details.html?7_4",
        "stream_status": "TRUE",
        "stream_type": "image",
        "is_rewind": "FALSE",
        "category": "道路",
        "poi": "夜昼トンネル(八幡浜市側)",
        "poi_detail": "",
        "provider": "えひめの道ライブカメラ",
        "provider_url": "https://www.pref.ehime.jp/dkanri/index.html",
        "address": "愛媛県八幡浜市川之内1-543",
        "last_updated": "2024-04-13 21:11:53"
      }
    },
    {
      "type": "Feature",
      "geometry": {
        "type": "Point",
        "coordinates": [
          132.766103,
          33.841646
        ]
      },
      "properties": {
        "stream_title": "えひめの道ライブカメラ(笠置トンネル(八幡浜市側釜倉トンネル向き))",
        "stream_url": "https://www.pref.ehime.jp/dkanri/details.html?7_6",
        "stream_status": "TRUE",
        "stream_type": "image",
        "is_rewind": "FALSE",
        "category": "道路",
        "poi": "笠置トンネル(八幡浜市側釜倉トンネル向き)",
        "poi_detail": "",
        "provider": "えひめの道ライブカメラ",
        "provider_url": "https://www.pref.ehime.jp/dkanri/index.html",
        "address": "愛媛県八幡浜市川之内1-543",
        "last_updated": "2024-04-13 21:12:56"
      }
    },
    {
      "type": "Feature",
      "geometry": {
        "type": "Point",
        "coordinates": [
          132.766103,
          33.841646
        ]
      },
      "properties": {
        "stream_title": "えひめの道ライブカメラ(名坂トンネル（大平側）)",
        "stream_url": "https://www.pref.ehime.jp/dkanri/details.html?7_333",
        "stream_status": "TRUE",
        "stream_type": "image",
        "is_rewind": "FALSE",
        "category": "道路",
        "poi": "名坂トンネル（大平側）",
        "poi_detail": "",
        "provider": "えひめの道ライブカメラ",
        "provider_url": "https://www.pref.ehime.jp/dkanri/index.html",
        "address": "愛媛県八幡浜市大平",
        "last_updated": "2024-04-13 21:13:43"
      }
    },
    {
      "type": "Feature",
      "geometry": {
        "type": "Point",
        "coordinates": [
          132.766103,
          33.841646
        ]
      },
      "properties": {
        "stream_title": "えひめの道ライブカメラ(（国）378号（八幡浜市保内町磯崎）)",
        "stream_url": "https://www.pref.ehime.jp/dkanri/details.html?7_8",
        "stream_status": "TRUE",
        "stream_type": "image",
        "is_rewind": "FALSE",
        "category": "道路",
        "poi": "（国）378号（八幡浜市保内町磯崎）",
        "poi_detail": "",
        "provider": "えひめの道ライブカメラ",
        "provider_url": "https://www.pref.ehime.jp/dkanri/index.html",
        "address": "愛媛県八幡浜市保内町磯崎2017-4",
        "last_updated": "2024-04-13 21:38:48"
      }
    },
    {
      "type": "Feature",
      "geometry": {
        "type": "Point",
        "coordinates": [
          132.766103,
          33.841646
        ]
      },
      "properties": {
        "stream_title": "えひめの道ライブカメラ(横平トンネル（布喜川側）)",
        "stream_url": "https://www.pref.ehime.jp/dkanri/details.html?7_34",
        "stream_status": "TRUE",
        "stream_type": "image",
        "is_rewind": "FALSE",
        "category": "道路",
        "poi": "横平トンネル（布喜川側）",
        "poi_detail": "",
        "provider": "えひめの道ライブカメラ",
        "provider_url": "https://www.pref.ehime.jp/dkanri/index.html",
        "address": "愛媛県八幡浜市布喜川253",
        "last_updated": "2024-04-13 21:19:03"
      }
    },
    {
      "type": "Feature",
      "geometry": {
        "type": "Point",
        "coordinates": [
          132.766103,
          33.841646
        ]
      },
      "properties": {
        "stream_title": "えひめの道ライブカメラ(大峠トンネル（八幡浜市側）)",
        "stream_url": "https://www.pref.ehime.jp/dkanri/details.html?7_35",
        "stream_status": "TRUE",
        "stream_type": "image",
        "is_rewind": "FALSE",
        "category": "道路",
        "poi": "大峠トンネル（八幡浜市側）",
        "poi_detail": "",
        "provider": "えひめの道ライブカメラ",
        "provider_url": "https://www.pref.ehime.jp/dkanri/index.html",
        "address": "愛媛県八幡浜市保内町宮内",
        "last_updated": "2024-04-13 21:20:23"
      }
    },
    {
      "type": "Feature",
      "geometry": {
        "type": "Point",
        "coordinates": [
          132.766103,
          33.841646
        ]
      },
      "properties": {
        "stream_title": "えひめの道ライブカメラ(（国）197号（伊方町河内）)",
        "stream_url": "https://www.pref.ehime.jp/dkanri/details.html?7_31",
        "stream_status": "TRUE",
        "stream_type": "image",
        "is_rewind": "FALSE",
        "category": "道路",
        "poi": "（国）197号（伊方町河内）",
        "poi_detail": "",
        "provider": "えひめの道ライブカメラ",
        "provider_url": "https://www.pref.ehime.jp/dkanri/index.html",
        "address": "愛媛県西宇和郡伊方町河内1458",
        "last_updated": "2024-04-13 21:21:41"
      }
    },
    {
      "type": "Feature",
      "geometry": {
        "type": "Point",
        "coordinates": [
          132.766103,
          33.841646
        ]
      },
      "properties": {
        "stream_title": "えひめの道ライブカメラ(大久東トンネル（三崎側）)",
        "stream_url": "https://www.pref.ehime.jp/dkanri/details.html?7_32",
        "stream_status": "TRUE",
        "stream_type": "image",
        "is_rewind": "FALSE",
        "category": "道路",
        "poi": "大久東トンネル（三崎側）",
        "poi_detail": "",
        "provider": "えひめの道ライブカメラ",
        "provider_url": "https://www.pref.ehime.jp/dkanri/index.html",
        "address": "愛媛県西宇和郡伊方町大久",
        "last_updated": "2024-04-13 21:23:18"
      }
    },
    {
      "type": "Feature",
      "geometry": {
        "type": "Point",
        "coordinates": [
          132.766103,
          33.841646
        ]
      },
      "properties": {
        "stream_title": "えひめの道ライブカメラ(（国）197号（西予市城川町高野子）)",
        "stream_url": "https://www.pref.ehime.jp/dkanri/details.html?8_10",
        "stream_status": "TRUE",
        "stream_type": "image",
        "is_rewind": "FALSE",
        "category": "道路",
        "poi": "（国）197号（西予市城川町高野子）",
        "poi_detail": "",
        "provider": "えひめの道ライブカメラ",
        "provider_url": "https://www.pref.ehime.jp/dkanri/index.html",
        "address": "愛媛県北宇和郡鬼北町下鍵山54",
        "last_updated": "2024-04-13 21:26:22"
      }
    },
    {
      "type": "Feature",
      "geometry": {
        "type": "Point",
        "coordinates": [
          132.766103,
          33.841646
        ]
      },
      "properties": {
        "stream_title": "えひめの道ライブカメラ(（主）宇和野村線（西予市野村町河西）)",
        "stream_url": "https://www.pref.ehime.jp/dkanri/details.html?8_9",
        "stream_status": "TRUE",
        "stream_type": "image",
        "is_rewind": "FALSE",
        "category": "道路",
        "poi": "（主）宇和野村線（西予市野村町河西）",
        "poi_detail": "",
        "provider": "えひめの道ライブカメラ",
        "provider_url": "https://www.pref.ehime.jp/dkanri/index.html",
        "address": "愛媛県西予市野村町河西116",
        "last_updated": "2024-04-13 21:27:43"
      }
    },
    {
      "type": "Feature",
      "geometry": {
        "type": "Point",
        "coordinates": [
          132.766103,
          33.841646
        ]
      },
      "properties": {
        "stream_title": "えひめの道ライブカメラ(歯長隧道（西予市側）)",
        "stream_url": "https://www.pref.ehime.jp/dkanri/details.html?8_300",
        "stream_status": "TRUE",
        "stream_type": "image",
        "is_rewind": "FALSE",
        "category": "道路",
        "poi": "歯長隧道（西予市側）",
        "poi_detail": "",
        "provider": "えひめの道ライブカメラ",
        "provider_url": "https://www.pref.ehime.jp/dkanri/index.html",
        "address": "愛媛県西予市宇和町下川",
        "last_updated": "2024-04-13 21:28:50"
      }
    },
    {
      "type": "Feature",
      "geometry": {
        "type": "Point",
        "coordinates": [
          132.766103,
          33.841646
        ]
      },
      "properties": {
        "stream_title": "えひめの道ライブカメラ(笠置トンネル(西予市側))",
        "stream_url": "https://www.pref.ehime.jp/dkanri/details.html?8_5",
        "stream_status": "TRUE",
        "stream_type": "image",
        "is_rewind": "FALSE",
        "category": "道路",
        "poi": "笠置トンネル(西予市側)",
        "poi_detail": "",
        "provider": "えひめの道ライブカメラ",
        "provider_url": "https://www.pref.ehime.jp/dkanri/index.html",
        "address": "愛媛県西予市宇和町岩木",
        "last_updated": "2024-04-13 21:30:50"
      }
    },
    {
      "type": "Feature",
      "geometry": {
        "type": "Point",
        "coordinates": [
          132.766103,
          33.841646
        ]
      },
      "properties": {
        "stream_title": "えひめの道ライブカメラ(（主）広見三間宇和島線（三間町務田）)",
        "stream_url": "https://www.pref.ehime.jp/dkanri/details.html?9_44",
        "stream_status": "TRUE",
        "stream_type": "image",
        "is_rewind": "FALSE",
        "category": "道路",
        "poi": "（主）広見三間宇和島線（三間町務田）",
        "poi_detail": "",
        "provider": "えひめの道ライブカメラ",
        "provider_url": "https://www.pref.ehime.jp/dkanri/index.html",
        "address": "愛媛県宇和島市三間町務田1330 番外地",
        "last_updated": "2024-04-13 21:32:37"
      }
    },
    {
      "type": "Feature",
      "geometry": {
        "type": "Point",
        "coordinates": [
          132.766103,
          33.841646
        ]
      },
      "properties": {
        "stream_title": "えひめの道ライブカメラ(（国）197号（北宇和郡鬼北町日向谷）)",
        "stream_url": "https://www.pref.ehime.jp/dkanri/details.html?9_11",
        "stream_status": "TRUE",
        "stream_type": "image",
        "is_rewind": "FALSE",
        "category": "道路",
        "poi": "（国）197号（北宇和郡鬼北町日向谷）",
        "poi_detail": "",
        "provider": "えひめの道ライブカメラ",
        "provider_url": "https://www.pref.ehime.jp/dkanri/index.html",
        "address": "愛媛県北宇和郡鬼北町日向谷798 1504",
        "last_updated": "2024-04-13 21:35:22"
      }
    },
    {
      "type": "Feature",
      "geometry": {
        "type": "Point",
        "coordinates": [
          132.766103,
          33.841646
        ]
      },
      "properties": {
        "stream_title": "えひめの道ライブカメラ(（国）381号（北宇和郡鬼北町大字出目）)",
        "stream_url": "https://www.pref.ehime.jp/dkanri/details.html?9_45",
        "stream_status": "TRUE",
        "stream_type": "image",
        "is_rewind": "FALSE",
        "category": "道路",
        "poi": "（国）381号（北宇和郡鬼北町大字出目）",
        "poi_detail": "",
        "provider": "えひめの道ライブカメラ",
        "provider_url": "https://www.pref.ehime.jp/dkanri/index.html",
        "address": "愛媛県北宇和郡鬼北町出目3369-2",
        "last_updated": "2024-04-13 21:36:25"
      }
    },
    {
      "type": "Feature",
      "geometry": {
        "type": "Point",
        "coordinates": [
          132.766103,
          33.841646
        ]
      },
      "properties": {
        "stream_title": "えひめの道ライブカメラ(（国）320号（鬼北町水分）)",
        "stream_url": "https://www.pref.ehime.jp/dkanri/details.html?9_27",
        "stream_status": "TRUE",
        "stream_type": "image",
        "is_rewind": "FALSE",
        "category": "道路",
        "poi": "（国）320号（鬼北町水分）",
        "poi_detail": "",
        "provider": "えひめの道ライブカメラ",
        "provider_url": "https://www.pref.ehime.jp/dkanri/index.html",
        "address": "愛媛県北宇和郡鬼北町奈良",
        "last_updated": "2024-04-13 21:39:30"
      }
    },
    {
      "type": "Feature",
      "geometry": {
        "type": "Point",
        "coordinates": [
          135.755635,
          35.021279
        ]
      },
      "properties": {
        "stream_title": "由良川リアルタイム防災情報(西神崎)",
        "stream_url": "https://www.fukuchiyama.kkr.mlit.go.jp/CctvInfo.aspx?id=1&t=1713012417358",
        "stream_status": "TRUE",
        "stream_type": "image",
        "is_rewind": "FALSE",
        "category": "河川",
        "poi": "由良川(西神崎)",
        "poi_detail": "",
        "provider": "由良川リアルタイム防災情報",
        "provider_url": "https://www.fukuchiyama.kkr.mlit.go.jp/MapForm.aspx?m=4",
        "address": "京都府舞鶴市西神崎403-3",
        "last_updated": "2024-04-13 21:55:36"
      }
    },
    {
      "type": "Feature",
      "geometry": {
        "type": "Point",
        "coordinates": [
          135.755635,
          35.021279
        ]
      },
      "properties": {
        "stream_title": "由良川リアルタイム防災情報(浦江)",
        "stream_url": "https://www.fukuchiyama.kkr.mlit.go.jp/CctvInfo.aspx?id=2&t=1713012605740",
        "stream_status": "TRUE",
        "stream_type": "image",
        "is_rewind": "FALSE",
        "category": "河川",
        "poi": "由良川(浦江)",
        "poi_detail": "",
        "provider": "由良川リアルタイム防災情報",
        "provider_url": "https://www.fukuchiyama.kkr.mlit.go.jp/MapForm.aspx?m=5",
        "address": "京都府舞鶴市蒲江",
        "last_updated": "2024-04-13 22:30:20"
      }
    },
    {
      "type": "Feature",
      "geometry": {
        "type": "Point",
        "coordinates": [
          135.755635,
          35.021279
        ]
      },
      "properties": {
        "stream_title": "由良川リアルタイム防災情報(上海)",
        "stream_url": "https://www.fukuchiyama.kkr.mlit.go.jp/CctvInfo.aspx?id=4&t=1713012754402",
        "stream_status": "TRUE",
        "stream_type": "image",
        "is_rewind": "FALSE",
        "category": "河川",
        "poi": "由良川(上海)",
        "poi_detail": "",
        "provider": "由良川リアルタイム防災情報",
        "provider_url": "https://www.fukuchiyama.kkr.mlit.go.jp/MapForm.aspx?m=6",
        "address": "京都府舞鶴市上東",
        "last_updated": "2024-04-13 22:30:18"
      }
    },
    {
      "type": "Feature",
      "geometry": {
        "type": "Point",
        "coordinates": [
          135.755635,
          35.021279
        ]
      },
      "properties": {
        "stream_title": "由良川リアルタイム防災情報(大川橋)",
        "stream_url": "https://www.fukuchiyama.kkr.mlit.go.jp/CctvInfo.aspx?id=5&t=1713012840858",
        "stream_status": "TRUE",
        "stream_type": "image",
        "is_rewind": "FALSE",
        "category": "河川",
        "poi": "由良川(大川橋)",
        "poi_detail": "",
        "provider": "由良川リアルタイム防災情報",
        "provider_url": "https://www.fukuchiyama.kkr.mlit.go.jp/MapForm.aspx?m=7",
        "address": "京都府舞鶴市上東",
        "last_updated": "2024-04-13 22:30:22"
      }
    },
    {
      "type": "Feature",
      "geometry": {
        "type": "Point",
        "coordinates": [
          135.755635,
          35.021279
        ]
      },
      "properties": {
        "stream_title": "由良川リアルタイム防災情報(久田美)",
        "stream_url": "https://www.fukuchiyama.kkr.mlit.go.jp/CctvInfo.aspx?id=6&t=1713012989813",
        "stream_status": "TRUE",
        "stream_type": "image",
        "is_rewind": "FALSE",
        "category": "河川",
        "poi": "由良川(久田美)",
        "poi_detail": "",
        "provider": "由良川リアルタイム防災情報",
        "provider_url": "https://www.fukuchiyama.kkr.mlit.go.jp/MapForm.aspx?m=8",
        "address": "京都府舞鶴市久田美930",
        "last_updated": "2024-04-13 22:30:29"
      }
    },
    {
      "type": "Feature",
      "geometry": {
        "type": "Point",
        "coordinates": [
          135.755635,
          35.021279
        ]
      },
      "properties": {
        "stream_title": "由良川リアルタイム防災情報(岡田下橋)",
        "stream_url": "https://www.fukuchiyama.kkr.mlit.go.jp/CctvInfo.aspx?id=7&t=1713013106179",
        "stream_status": "TRUE",
        "stream_type": "image",
        "is_rewind": "FALSE",
        "category": "河川",
        "poi": "由良川(岡田下橋)",
        "poi_detail": "",
        "provider": "由良川リアルタイム防災情報",
        "provider_url": "https://www.fukuchiyama.kkr.mlit.go.jp/MapForm.aspx?m=9",
        "address": "京都府舞鶴市志高",
        "last_updated": "2024-04-13 22:30:27"
      }
    },
    {
      "type": "Feature",
      "geometry": {
        "type": "Point",
        "coordinates": [
          135.755635,
          35.021279
        ]
      },
      "properties": {
        "stream_title": "由良川リアルタイム防災情報(桑飼下)",
        "stream_url": "https://www.fukuchiyama.kkr.mlit.go.jp/CctvInfo.aspx?id=8&t=1713013216331",
        "stream_status": "TRUE",
        "stream_type": "image",
        "is_rewind": "FALSE",
        "category": "河川",
        "poi": "由良川(桑飼下)",
        "poi_detail": "",
        "provider": "由良川リアルタイム防災情報",
        "provider_url": "https://www.fukuchiyama.kkr.mlit.go.jp/MapForm.aspx?m=10",
        "address": "京都府舞鶴市桑飼下216",
        "last_updated": "2024-04-13 22:30:50"
      }
    },
    {
      "type": "Feature",
      "geometry": {
        "type": "Point",
        "coordinates": [
          135.755635,
          35.021279
        ]
      },
      "properties": {
        "stream_title": "由良川リアルタイム防災情報(桑飼上)",
        "stream_url": "https://www.fukuchiyama.kkr.mlit.go.jp/CctvInfo.aspx?id=9&t=1713013633095",
        "stream_status": "TRUE",
        "stream_type": "image",
        "is_rewind": "FALSE",
        "category": "河川",
        "poi": "由良川(桑飼上)",
        "poi_detail": "",
        "provider": "由良川リアルタイム防災情報",
        "provider_url": "https://www.fukuchiyama.kkr.mlit.go.jp/MapForm.aspx?m=11",
        "address": "京都府舞鶴市桑飼上1190-1",
        "last_updated": "2024-04-13 22:31:03"
      }
    },
    {
      "type": "Feature",
      "geometry": {
        "type": "Point",
        "coordinates": [
          135.755635,
          35.021279
        ]
      },
      "properties": {
        "stream_title": "由良川リアルタイム防災情報(二箇取水場)",
        "stream_url": "https://www.fukuchiyama.kkr.mlit.go.jp/CctvInfo.aspx?id=10&t=1713013721495",
        "stream_status": "TRUE",
        "stream_type": "image",
        "is_rewind": "FALSE",
        "category": "河川",
        "poi": "由良川(二箇取水場)",
        "poi_detail": "",
        "provider": "由良川リアルタイム防災情報",
        "provider_url": "https://www.fukuchiyama.kkr.mlit.go.jp/MapForm.aspx?m=12",
        "address": "京都府福知山市大江町二箇258",
        "last_updated": "2024-04-13 22:31:08"
      }
    },
    {
      "type": "Feature",
      "geometry": {
        "type": "Point",
        "coordinates": [
          135.755635,
          35.021279
        ]
      },
      "properties": {
        "stream_title": "由良川リアルタイム防災情報(大雲橋)",
        "stream_url": "https://www.fukuchiyama.kkr.mlit.go.jp/CctvInfo.aspx?id=13&t=1713013790275",
        "stream_status": "TRUE",
        "stream_type": "image",
        "is_rewind": "FALSE",
        "category": "河川",
        "poi": "由良川(大雲橋)",
        "poi_detail": "",
        "provider": "由良川リアルタイム防災情報",
        "provider_url": "https://www.fukuchiyama.kkr.mlit.go.jp/MapForm.aspx?m=13",
        "address": "京都府福知山市大江町南有路1294-5",
        "last_updated": "2024-04-13 22:30:56"
      }
    },
    {
      "type": "Feature",
      "geometry": {
        "type": "Point",
        "coordinates": [
          135.755635,
          35.021279
        ]
      },
      "properties": {
        "stream_title": "由良川リアルタイム防災情報(二箇)",
        "stream_url": "https://www.fukuchiyama.kkr.mlit.go.jp/CctvInfo.aspx?id=12&t=1713013849066",
        "stream_status": "TRUE",
        "stream_type": "image",
        "is_rewind": "FALSE",
        "category": "河川",
        "poi": "由良川(二箇)",
        "poi_detail": "",
        "provider": "由良川リアルタイム防災情報",
        "provider_url": "https://www.fukuchiyama.kkr.mlit.go.jp/MapForm.aspx?m=14",
        "address": "京都府福知山市大江町二箇1781-2",
        "last_updated": "2024-04-13 22:31:11"
      }
    },
    {
      "type": "Feature",
      "geometry": {
        "type": "Point",
        "coordinates": [
          135.755635,
          35.021279
        ]
      },
      "properties": {
        "stream_title": "由良川リアルタイム防災情報(三河橋)",
        "stream_url": "https://www.fukuchiyama.kkr.mlit.go.jp/CctvInfo.aspx?id=11&t=1713013952509",
        "stream_status": "TRUE",
        "stream_type": "image",
        "is_rewind": "FALSE",
        "category": "河川",
        "poi": "由良川(三河橋)",
        "poi_detail": "",
        "provider": "由良川リアルタイム防災情報",
        "provider_url": "https://www.fukuchiyama.kkr.mlit.go.jp/MapForm.aspx?m=15",
        "address": "京都府福知山市大江町二箇",
        "last_updated": "2024-04-13 22:31:14"
      }
    },
    {
      "type": "Feature",
      "geometry": {
        "type": "Point",
        "coordinates": [
          135.755635,
          35.021279
        ]
      },
      "properties": {
        "stream_title": "由良川リアルタイム防災情報(下天津水質監視所)",
        "stream_url": "https://www.fukuchiyama.kkr.mlit.go.jp/CctvInfo.aspx?id=17&t=1713014031909",
        "stream_status": "TRUE",
        "stream_type": "image",
        "is_rewind": "FALSE",
        "category": "河川",
        "poi": "由良川(下天津水質監視所)",
        "poi_detail": "",
        "provider": "由良川リアルタイム防災情報",
        "provider_url": "https://www.fukuchiyama.kkr.mlit.go.jp/MapForm.aspx?m=16",
        "address": "京都府福知山市上天津108",
        "last_updated": "2024-04-13 22:31:19"
      }
    },
    {
      "type": "Feature",
      "geometry": {
        "type": "Point",
        "coordinates": [
          135.755635,
          35.021279
        ]
      },
      "properties": {
        "stream_title": "由良川リアルタイム防災情報(上天津)",
        "stream_url": "https://www.fukuchiyama.kkr.mlit.go.jp/CctvInfo.aspx?id=18&t=1713014085428",
        "stream_status": "TRUE",
        "stream_type": "image",
        "is_rewind": "FALSE",
        "category": "河川",
        "poi": "由良川(上天津)",
        "poi_detail": "",
        "provider": "由良川リアルタイム防災情報",
        "provider_url": "https://www.fukuchiyama.kkr.mlit.go.jp/MapForm.aspx?m=17",
        "address": "京都府福知山市荒河",
        "last_updated": "2024-04-13 22:31:17"
      }
    },
    {
      "type": "Feature",
      "geometry": {
        "type": "Point",
        "coordinates": [
          135.755635,
          35.021279
        ]
      },
      "properties": {
        "stream_title": "由良川リアルタイム防災情報(福知山水位観測所)",
        "stream_url": "https://www.fukuchiyama.kkr.mlit.go.jp/CctvInfo.aspx?id=19&t=1713014203904",
        "stream_status": "TRUE",
        "stream_type": "image",
        "is_rewind": "FALSE",
        "category": "河川",
        "poi": "由良川(福知山水位観測所)",
        "poi_detail": "",
        "provider": "由良川リアルタイム防災情報",
        "provider_url": "https://www.fukuchiyama.kkr.mlit.go.jp/MapForm.aspx?m=18",
        "address": "京都府福知山市寺",
        "last_updated": "2024-04-13 22:31:30"
      }
    },
    {
      "type": "Feature",
      "geometry": {
        "type": "Point",
        "coordinates": [
          135.755635,
          35.021279
        ]
      },
      "properties": {
        "stream_title": "由良川リアルタイム防災情報(福知山河川国道事務所)",
        "stream_url": "https://www.fukuchiyama.kkr.mlit.go.jp/CctvInfo.aspx?id=21&t=1713014321233",
        "stream_status": "TRUE",
        "stream_type": "image",
        "is_rewind": "FALSE",
        "category": "河川",
        "poi": "由良川(福知山河川国道事務所)",
        "poi_detail": "",
        "provider": "由良川リアルタイム防災情報",
        "provider_url": "https://www.fukuchiyama.kkr.mlit.go.jp/MapForm.aspx?m=19",
        "address": "京都府福知山市岡ノ32-20",
        "last_updated": "2024-04-13 22:31:35"
      }
    },
    {
      "type": "Feature",
      "geometry": {
        "type": "Point",
        "coordinates": [
          135.755635,
          35.021279
        ]
      },
      "properties": {
        "stream_title": "由良川リアルタイム防災情報(小貝)",
        "stream_url": "https://www.fukuchiyama.kkr.mlit.go.jp/CctvInfo.aspx?id=23&t=1713014424597",
        "stream_status": "TRUE",
        "stream_type": "image",
        "is_rewind": "FALSE",
        "category": "河川",
        "poi": "由良川(小貝)",
        "poi_detail": "",
        "provider": "由良川リアルタイム防災情報",
        "provider_url": "https://www.fukuchiyama.kkr.mlit.go.jp/MapForm.aspx?m=20",
        "address": "京都府綾部市高津町六路屋",
        "last_updated": "2024-04-13 22:31:28"
      }
    },
    {
      "type": "Feature",
      "geometry": {
        "type": "Point",
        "coordinates": [
          135.755635,
          35.021279
        ]
      },
      "properties": {
        "stream_title": "由良川リアルタイム防災情報(猪崎)",
        "stream_url": "https://www.fukuchiyama.kkr.mlit.go.jp/CctvInfo.aspx?id=20&t=1713014514602",
        "stream_status": "TRUE",
        "stream_type": "image",
        "is_rewind": "FALSE",
        "category": "河川",
        "poi": "由良川(猪崎)",
        "poi_detail": "",
        "provider": "由良川リアルタイム防災情報",
        "provider_url": "https://www.fukuchiyama.kkr.mlit.go.jp/MapForm.aspx?m=21",
        "address": "京都府福知山市猪崎",
        "last_updated": "2024-04-13 22:31:38"
      }
    },
    {
      "type": "Feature",
      "geometry": {
        "type": "Point",
        "coordinates": [
          135.755635,
          35.021279
        ]
      },
      "properties": {
        "stream_title": "由良川リアルタイム防災情報(以久田橋)",
        "stream_url": "https://www.fukuchiyama.kkr.mlit.go.jp/CctvInfo.aspx?id=24&t=1713014592654",
        "stream_status": "TRUE",
        "stream_type": "image",
        "is_rewind": "FALSE",
        "category": "河川",
        "poi": "由良川(以久田橋)",
        "poi_detail": "",
        "provider": "由良川リアルタイム防災情報",
        "provider_url": "https://www.fukuchiyama.kkr.mlit.go.jp/MapForm.aspx?m=22",
        "address": "京都府綾部市位田町岼",
        "last_updated": "2024-04-13 22:31:43"
      }
    },
    {
      "type": "Feature",
      "geometry": {
        "type": "Point",
        "coordinates": [
          135.755635,
          35.021279
        ]
      },
      "properties": {
        "stream_title": "由良川リアルタイム防災情報(丹波大橋)",
        "stream_url": "https://www.fukuchiyama.kkr.mlit.go.jp/CctvInfo.aspx?id=25&t=1713014661906",
        "stream_status": "TRUE",
        "stream_type": "image",
        "is_rewind": "FALSE",
        "category": "河川",
        "poi": "由良川(丹波大橋)",
        "poi_detail": "",
        "provider": "由良川リアルタイム防災情報",
        "provider_url": "https://www.fukuchiyama.kkr.mlit.go.jp/MapForm.aspx?m=23",
        "address": "京都府綾部市味方町久保勝",
        "last_updated": "2024-04-13 22:31:46"
      }
    },
    {
      "type": "Feature",
      "geometry": {
        "type": "Point",
        "coordinates": [
          139.488841,
          35.698886
        ]
      },
      "properties": {
        "stream_title": "キャンパスカメラ（動画バージョン）｜東京経済大学",
        "stream_url": "https://www.tku.ac.jp/camera/",
        "stream_status": "TRUE",
        "stream_type": "video",
        "is_rewind": "FALSE",
        "category": "その他",
        "poi": "東京経済大学国分寺キャンパス",
        "poi_detail": "",
        "provider": "東京経済大学",
        "provider_url": "https://www.tku.ac.jp/",
        "address": "東京都国分寺市南町一丁目7-34",
        "last_updated": "2024-04-13 22:30:08"
      }
    },
    {
      "type": "Feature",
      "geometry": {
        "type": "Point",
        "coordinates": [
          141.363662,
          43.076242
        ]
      },
      "properties": {
        "stream_title": "札幌丘珠空港",
        "stream_url": "https://www.okadama-airport.co.jp/camera_img/webcam.jpg",
        "stream_status": "TRUE",
        "stream_type": "image",
        "is_rewind": "FALSE",
        "category": "空港",
        "poi": "札幌丘珠空港",
        "poi_detail": "",
        "provider": "札幌丘珠空港",
        "provider_url": "https://www.okadama-airport.co.jp/",
        "address": "北海道札幌市東区丘珠町",
        "last_updated": "2024-04-13 22:41:14"
      }
    },
    {
      "type": "Feature",
      "geometry": {
        "type": "Point",
        "coordinates": [
          138.807857,
          35.487499
        ]
      },
      "properties": {
        "stream_title": "【LIVE】新倉山浅間公園・忠霊塔 展望デッキ ライブカメラ (Mt.Fuji Live Camera from Arakurayama Sengen Park Chureito Pagoda) - YouTube",
        "stream_url": "https://www.youtube.com/watch?v=6EfrnWWnDNI",
        "stream_status": "FALSE",
        "stream_type": "video",
        "is_rewind": "TRUE",
        "category": "観光",
        "poi": "新倉山浅間公園",
        "poi_detail": "",
        "provider": "TOURISM FUJIYOSHIDA - YouTube",
        "provider_url": "https://www.youtube.com/@tourismfujiyoshida6718",
        "address": "山梨県富士吉田市浅間2丁目4-1",
        "last_updated": "2024-04-12 11:07:11"
      }
    },
    {
      "type": "Feature",
      "geometry": {
        "type": "Point",
        "coordinates": [
          136.912479,
          37.230874
        ]
      },
      "properties": {
        "stream_title": "【LIVE】能登鹿島駅周辺（能登さくら駅）石川県穴水町 - YouTube",
        "stream_url": "https://www.youtube.com/watch?v=THy9p2xJSek",
        "stream_status": "TRUE",
        "stream_type": "video",
        "is_rewind": "TRUE",
        "category": "鉄道",
        "poi": "能登鹿島駅",
        "poi_detail": "",
        "provider": "穴水町公式チャンネル - YouTube",
        "provider_url": "https://www.youtube.com/@Anamizu_Town/streams",
        "address": "石川県鳳珠郡穴水町字曽福イ",
        "last_updated": "2024-04-12 11:08:25"
      }
    },
    {
      "type": "Feature",
      "geometry": {
        "type": "Point",
        "coordinates": [
          136.912479,
          37.230874
        ]
      },
      "properties": {
        "stream_title": "【LIVE】能登ワイン周辺ぶどう畑　石川県穴水町 - YouTube",
        "stream_url": "https://www.youtube.com/watch?v=rXwJr5g3rzI",
        "stream_status": "TRUE",
        "stream_type": "video",
        "is_rewind": "TRUE",
        "category": "観光",
        "poi": "能登ワイン周辺ぶどう畑",
        "poi_detail": "",
        "provider": "穴水町公式チャンネル - YouTube",
        "provider_url": "https://www.youtube.com/@Anamizu_Town/streams",
        "address": "石川県鳳珠郡穴水町字旭ケ丘5-1",
        "last_updated": "2024-04-12 11:07:12"
      }
    },
    {
      "type": "Feature",
      "geometry": {
        "type": "Point",
        "coordinates": [
          136.912479,
          37.230874
        ]
      },
      "properties": {
        "stream_title": "【LIVE】能登中居鋳物館周辺　石川県穴水町 - YouTube",
        "stream_url": "https://www.youtube.com/watch?v=juSylmIAFv4",
        "stream_status": "TRUE",
        "stream_type": "video",
        "is_rewind": "TRUE",
        "category": "海岸",
        "poi": "能登中居鋳物館",
        "poi_detail": "",
        "provider": "穴水町公式チャンネル - YouTube",
        "provider_url": "https://www.youtube.com/@Anamizu_Town/streams",
        "address": "石川県鳳珠郡穴水町字中居壱壱0",
        "last_updated": "2024-04-12 11:07:19"
      }
    },
    {
      "type": "Feature",
      "geometry": {
        "type": "Point",
        "coordinates": [
          140.500067,
          37.4076991
        ]
      },
      "properties": {
        "stream_title": "三春滝桜 ライブカメラ 【2024.3.27～配信開始　4月10日満開】 - YouTube",
        "stream_url": "https://www.youtube.com/watch?v=a49pXas0L4M",
        "stream_status": "TRUE",
        "stream_type": "video",
        "is_rewind": "TRUE",
        "category": "観光",
        "poi": "三春滝桜",
        "poi_detail": "",
        "provider": "TUFchannel - YouTube",
        "provider_url": "https://www.youtube.com/@TUFchannel/streams",
        "address": "福島県田村郡三春町大字滝字桜久保296",
        "last_updated": "2024-04-12 11:08:13"
      }
    },
    {
      "type": "Feature",
      "geometry": {
        "type": "Point",
        "coordinates": [
          136.221791,
          36.065244
        ]
      },
      "properties": {
        "stream_title": "日本の歴史公園100選　西山公園（福井県鯖江市） - YouTube",
        "stream_url": "https://www.youtube.com/watch?v=Vsoox52rygw",
        "stream_status": "TRUE",
        "stream_type": "video",
        "is_rewind": "TRUE",
        "category": "観光",
        "poi": "西山公園",
        "poi_detail": "",
        "provider": "さばスタLIVE - YouTube",
        "provider_url": "https://www.youtube.com/@live9487/streams",
        "address": "福井県鯖江市桜町3丁目8-10",
        "last_updated": "2024-04-15 18:17:49"
      }
    },
    {
      "type": "Feature",
      "geometry": {
        "type": "Point",
        "coordinates": [
          137.954083,
          35.827478
        ]
      },
      "properties": {
        "stream_title": "高遠城址公園　桜ライブカメラ - YouTube",
        "stream_url": "https://www.youtube.com/watch?v=zf9RIXD5bvA",
        "stream_status": "TRUE",
        "stream_type": "video",
        "is_rewind": "TRUE",
        "category": "観光",
        "poi": "高遠城址公園",
        "poi_detail": "",
        "provider": "伊那ケーブルテレビ情報カメラ - YouTube",
        "provider_url": "https://www.youtube.com/@user-so6dl5fx2j/streams",
        "address": "長野県伊那市高遠町西高遠810-1",
        "last_updated": "2024-04-12 15:07:22"
      }
    },
    {
      "type": "Feature",
      "geometry": {
        "type": "Point",
        "coordinates": [
          139.691717,
          35.689568
        ]
      },
      "properties": {
        "stream_title": "東京千鳥ヶ淵ライブカメラ - YouTube",
        "stream_url": "https://www.youtube.com/watch?v=slCbm8J9ngk",
        "stream_status": "TRUE",
        "stream_type": "video",
        "is_rewind": "FALSE",
        "category": "観光",
        "poi": "千鳥ケ淵",
        "poi_detail": "",
        "provider": "東京千鳥ヶ淵ライブカメラ - YouTube",
        "provider_url": "https://www.youtube.com/@user-iw4ts8xf3r",
        "address": "東京都千代田区三番町",
        "last_updated": "2024-04-12 15:30:52"
      }
    },
    {
      "type": "Feature",
      "geometry": {
        "type": "Point",
        "coordinates": [
          137.970922,
          36.238062
        ]
      },
      "properties": {
        "stream_title": "🔴松本城ライブカメラ#1「本丸庭園」/Matsumoto Castle Live Cam#1 \"Honmaru Garden\" - YouTube",
        "stream_url": "https://www.youtube.com/watch?v=gNzFeQ6GbYg",
        "stream_status": "FALSE",
        "stream_type": "video",
        "is_rewind": "TRUE",
        "category": "観光",
        "poi": "松本城",
        "poi_detail": "",
        "provider": "【公式】国宝松本城 / National Treasure \"Matsumoto Castle\" - YouTube",
        "provider_url": "https://www.youtube.com/@matsumoto-castle/streams",
        "address": "長野県松本市丸の内4-1",
        "last_updated": "2024-04-15 18:17:43"
      }
    },
    {
      "type": "Feature",
      "geometry": {
        "type": "Point",
        "coordinates": [
          137.970922,
          36.238062
        ]
      },
      "properties": {
        "stream_title": "🔴松本城ライブカメラ#3「本丸庭園しだれ桜」/Matsumoto Castle Live Cam#3 \"SAKURA\" - YouTube",
        "stream_url": "https://www.youtube.com/watch?v=3AT0G5dIBNI",
        "stream_status": "FALSE",
        "stream_type": "video",
        "is_rewind": "TRUE",
        "category": "観光",
        "poi": "松本城",
        "poi_detail": "",
        "provider": "【公式】国宝松本城 / National Treasure \"Matsumoto Castle\" - YouTube",
        "provider_url": "https://www.youtube.com/@matsumoto-castle/streams",
        "address": "長野県松本市丸の内4-1",
        "last_updated": "2024-04-15 18:17:46"
      }
    },
    {
      "type": "Feature",
      "geometry": {
        "type": "Point",
        "coordinates": [
          137.970922,
          36.238062
        ]
      },
      "properties": {
        "stream_title": "🔴松本城ライブカメラ#2「黒門」/Matsumoto Castle Live Cam#2 - View from \"Kuromon\" black gate. - YouTube",
        "stream_url": "https://www.youtube.com/watch?v=sbN0DbzoWH8",
        "stream_status": "TRUE",
        "stream_type": "video",
        "is_rewind": "TRUE",
        "category": "観光",
        "poi": "松本城",
        "poi_detail": "",
        "provider": "【公式】国宝松本城 / National Treasure \"Matsumoto Castle\" - YouTube",
        "provider_url": "https://www.youtube.com/@matsumoto-castle/streams",
        "address": "長野県松本市丸の内4-1",
        "last_updated": "2024-04-12 15:38:53"
      }
    },
    {
      "type": "Feature",
      "geometry": {
        "type": "Point",
        "coordinates": [
          133.052059,
          35.474303
        ]
      },
      "properties": {
        "stream_title": "【LIVE】桜が見ごろを迎えた『松江城』　島根県 - YouTube",
        "stream_url": "https://www.youtube.com/watch?v=RgwfzuerlNQ",
        "stream_status": "FALSE",
        "stream_type": "video",
        "is_rewind": "TRUE",
        "category": "観光",
        "poi": "松江城",
        "poi_detail": "",
        "provider": "1ちゃん!日本海テレビ - YouTube",
        "provider_url": "https://www.youtube.com/@NKT1CHANNEL/streams",
        "address": "島根県松江市殿町1-5",
        "last_updated": "2024-04-12 15:47:03"
      }
    },
    {
      "type": "Feature",
      "geometry": {
        "type": "Point",
        "coordinates": [
          134.238174,
          35.503704
        ]
      },
      "properties": {
        "stream_title": "【LIVE】大山 ますみず高原 - YouTube",
        "stream_url": "https://www.youtube.com/watch?v=2ugnw7n5ncs",
        "stream_status": "FALSE",
        "stream_type": "video",
        "is_rewind": "TRUE",
        "category": "山岳",
        "poi": "大山ますみず高原",
        "poi_detail": "",
        "provider": "1ちゃん!日本海テレビ - YouTube",
        "provider_url": "https://www.youtube.com/@NKT1CHANNEL/streams",
        "address": "鳥取県西伯郡伯耆町大内桝水高原1069-50",
        "last_updated": "2024-04-13 19:16:16"
      }
    },
    {
      "type": "Feature",
      "geometry": {
        "type": "Point",
        "coordinates": [
          132.079883,
          34.899255
        ]
      },
      "properties": {
        "stream_title": "【LIVE】道の駅　ゆうひパーク浜田 - YouTube",
        "stream_url": "https://www.youtube.com/watch?v=2LPSSyvj0nQ",
        "stream_status": "FALSE",
        "stream_type": "video",
        "is_rewind": "TRUE",
        "category": "海岸",
        "poi": "道の駅ゆうひパーク浜田",
        "poi_detail": "",
        "provider": "1ちゃん!日本海テレビ - YouTube",
        "provider_url": "https://www.youtube.com/@NKT1CHANNEL/streams",
        "address": "島根県浜田市原井町1203-1",
        "last_updated": "2024-04-12 15:55:17"
      }
    },
    {
      "type": "Feature",
      "geometry": {
        "type": "Point",
        "coordinates": [
          133.05053,
          35.472212
        ]
      },
      "properties": {
        "stream_title": "【LIVE】松江・宍道湖ライブカメラ - YouTube",
        "stream_url": "https://www.youtube.com/watch?v=ELFkEwpoNIY",
        "stream_status": "TRUE",
        "stream_type": "video",
        "is_rewind": "TRUE",
        "category": "その他",
        "poi": "宍道湖",
        "poi_detail": "",
        "provider": "1ちゃん!日本海テレビ - YouTube",
        "provider_url": "https://www.youtube.com/@NKT1CHANNEL/streams",
        "address": "島根県",
        "last_updated": "2024-04-12 15:56:51"
      }
    },
    {
      "type": "Feature",
      "geometry": {
        "type": "Point",
        "coordinates": [
          133.311705,
          36.213368
        ]
      },
      "properties": {
        "stream_title": "【LIVE】西郷港ライブカメラ　島根県隠岐の島町 - YouTube",
        "stream_url": "https://www.youtube.com/watch?v=d8KqEU3mUH4",
        "stream_status": "TRUE",
        "stream_type": "video",
        "is_rewind": "TRUE",
        "category": "海岸",
        "poi": "西郷港",
        "poi_detail": "",
        "provider": "1ちゃん!日本海テレビ - YouTube",
        "provider_url": "https://www.youtube.com/@NKT1CHANNEL/streams",
        "address": "島根県隠岐郡隠岐の島町中町目貫ノ四58",
        "last_updated": "2024-04-12 15:59:43"
      }
    },
    {
      "type": "Feature",
      "geometry": {
        "type": "Point",
        "coordinates": [
          133.330939,
          35.428136
        ]
      },
      "properties": {
        "stream_title": "【LIVE】野鳥たちで賑わう 米子水鳥公園 - YouTube",
        "stream_url": "https://www.youtube.com/watch?v=ak23Y7YxtEg",
        "stream_status": "TRUE",
        "stream_type": "video",
        "is_rewind": "TRUE",
        "category": "海岸",
        "poi": "米子水鳥公園",
        "poi_detail": "",
        "provider": "1ちゃん!日本海テレビ - YouTube",
        "provider_url": "https://www.youtube.com/@NKT1CHANNEL/streams",
        "address": "鳥取県米子市彦名新田665",
        "last_updated": "2024-04-12 16:01:05"
      }
    },
    {
      "type": "Feature",
      "geometry": {
        "type": "Point",
        "coordinates": [
          134.238174,
          35.503704
        ]
      },
      "properties": {
        "stream_title": "【LIVE】鳥取市街地カメラ - YouTube",
        "stream_url": "https://www.youtube.com/watch?v=pStPoy_tnGM",
        "stream_status": "TRUE",
        "stream_type": "video",
        "is_rewind": "TRUE",
        "category": "その他",
        "poi": "鳥取市",
        "poi_detail": "鳥取市田園町",
        "provider": "1ちゃん!日本海テレビ - YouTube",
        "provider_url": "https://www.youtube.com/@NKT1CHANNEL/streams",
        "address": "鳥取県鳥取市田園町",
        "last_updated": "2024-04-12 16:02:20"
      }
    },
    {
      "type": "Feature",
      "geometry": {
        "type": "Point",
        "coordinates": [
          133.934894,
          34.661759
        ]
      },
      "properties": {
        "stream_title": "鶴山公園 - YouTube",
        "stream_url": "https://www.youtube.com/watch?v=G61diEmt1_A",
        "stream_status": "TRUE",
        "stream_type": "video",
        "is_rewind": "TRUE",
        "category": "観光",
        "poi": "鶴山公園",
        "poi_detail": "",
        "provider": "津山市観光協会 - YouTube",
        "provider_url": "https://www.youtube.com/@user-ho5bk6mb5z/streams",
        "address": "岡山県津山市山下135",
        "last_updated": "2024-04-12 16:10:37"
      }
    },
    {
      "type": "Feature",
      "geometry": {
        "type": "Point",
        "coordinates": [
          136.612753,
          35.359365
        ]
      },
      "properties": {
        "stream_title": "大垣市 ～水の都～ ”river-scape” - YouTube",
        "stream_url": "https://www.youtube.com/watch?v=QrMX14cRd6w",
        "stream_status": "FALSE",
        "stream_type": "video",
        "is_rewind": "TRUE",
        "category": "河川",
        "poi": "大垣市",
        "poi_detail": "",
        "provider": "LIVE the SCAPE - YouTube",
        "provider_url": "https://www.youtube.com/@live-the-scape/streams",
        "address": "岐阜県大垣市",
        "last_updated": "2024-04-12 16:11:13"
      }
    },
    {
      "type": "Feature",
      "geometry": {
        "type": "Point",
        "coordinates": [
          136.5682,
          35.486948
        ]
      },
      "properties": {
        "stream_title": "揖斐川町(旧春日村) ～山の中の日常～ ”nature-scape” - YouTube",
        "stream_url": "https://www.youtube.com/watch?v=hCAqdd9_5Js",
        "stream_status": "FALSE",
        "stream_type": "video",
        "is_rewind": "TRUE",
        "category": "その他",
        "poi": "揖斐川町(旧春日村)",
        "poi_detail": "",
        "provider": "LIVE the SCAPE - YouTube",
        "provider_url": "https://www.youtube.com/@live-the-scape/streams",
        "address": "岐阜県揖斐郡揖斐川町春日",
        "last_updated": "2024-04-13 19:16:23"
      }
    },
    {
      "type": "Feature",
      "geometry": {
        "type": "Point",
        "coordinates": [
          137.821824,
          35.514703
        ]
      },
      "properties": {
        "stream_title": "飯田ケーブルテレビ麻績の里ライブカメラ のライブ配信 - YouTube",
        "stream_url": "https://www.youtube.com/watch?v=N5CCkNC_Owk",
        "stream_status": "TRUE",
        "stream_type": "video",
        "is_rewind": "TRUE",
        "category": "観光",
        "poi": "麻績の里",
        "poi_detail": "",
        "provider": "飯田ケーブルテレビ麻績の里ライブカメラ - YouTube",
        "provider_url": "https://www.youtube.com/@user-mk9qu8ro3u/streams",
        "address": "長野県飯田市座光寺2193-32",
        "last_updated": "2024-04-15 18:16:15"
      }
    },
    {
      "type": "Feature",
      "geometry": {
        "type": "Point",
        "coordinates": [
          140.260121,
          37.570606
        ]
      },
      "properties": {
        "stream_title": "岩代グラウンドから見る安達太良山 - YouTube",
        "stream_url": "https://www.youtube.com/watch?v=f5RKS6V9esI",
        "stream_status": "TRUE",
        "stream_type": "video",
        "is_rewind": "FALSE",
        "category": "山岳",
        "poi": "安達太良山",
        "poi_detail": "",
        "provider": "いわしろ夢現塾 - YouTube",
        "provider_url": "https://www.youtube.com/@user-kv1wd9je8f/streams",
        "address": "福島県郡山市熱海町石筵黒森",
        "last_updated": "2024-04-12 16:16:33"
      }
    },
    {
      "type": "Feature",
      "geometry": {
        "type": "Point",
        "coordinates": [
          139.642203,
          35.444688
        ]
      },
      "properties": {
        "stream_title": "🔴Live Cam Yokohama Japan /横浜汽車道ライブカメラ２ - YouTube",
        "stream_url": "https://www.youtube.com/watch?v=nWHiRk0INj0",
        "stream_status": "FALSE",
        "stream_type": "video",
        "is_rewind": "TRUE",
        "category": "海岸",
        "poi": "横浜汽車道",
        "poi_detail": "",
        "provider": "横浜汽車道ライブカメラ /Live Cam Yokohama Japan - YouTube",
        "provider_url": "https://www.youtube.com/@YokohamaLiveCam",
        "address": "神奈川県横浜市中区新港二丁目9",
        "last_updated": "2024-04-15 18:17:36"
      }
    },
    {
      "type": "Feature",
      "geometry": {
        "type": "Point",
        "coordinates": [
          139.642203,
          35.444688
        ]
      },
      "properties": {
        "stream_title": "🔴Live Cam Yokohama Japan :横浜汽車道ライブカメラ - YouTube",
        "stream_url": "https://www.youtube.com/watch?v=AIrD9DwGS6s",
        "stream_status": "FALSE",
        "stream_type": "video",
        "is_rewind": "TRUE",
        "category": "海岸",
        "poi": "横浜汽車道",
        "poi_detail": "",
        "provider": "横浜汽車道ライブカメラ /Live Cam Yokohama Japan - YouTube",
        "provider_url": "https://www.youtube.com/@YokohamaLiveCam",
        "address": "神奈川県横浜市中区新港二丁目9",
        "last_updated": "2024-04-15 18:17:39"
      }
    },
    {
      "type": "Feature",
      "geometry": {
        "type": "Point",
        "coordinates": [
          138.568379,
          35.663935
        ]
      },
      "properties": {
        "stream_title": "ライブカメラ　身延山　三門前広場 - YouTube",
        "stream_url": "https://www.youtube.com/watch?v=ElrK4VHP1V0",
        "stream_status": "TRUE",
        "stream_type": "video",
        "is_rewind": "TRUE",
        "category": "山岳",
        "poi": "身延山",
        "poi_detail": "",
        "provider": "NNS LiveCamera - YouTube",
        "provider_url": "https://www.youtube.com/@nnslivecamera5440/streams",
        "address": "山梨県南巨摩郡早川町初鹿島",
        "last_updated": "2024-04-13 19:16:37"
      }
    },
    {
      "type": "Feature",
      "geometry": {
        "type": "Point",
        "coordinates": [
          138.568379,
          35.663935
        ]
      },
      "properties": {
        "stream_title": "身延山久遠寺境内ライブカメラ LIVE Camera #身延山 #久遠寺 #ライブカメラ #livecam - YouTube",
        "stream_url": "https://www.youtube.com/watch?v=EjAS_uzVXaI",
        "stream_status": "TRUE",
        "stream_type": "video",
        "is_rewind": "TRUE",
        "category": "観光",
        "poi": "身延山久遠寺",
        "poi_detail": "身延山久遠寺境内の釈迦殿新納牌堂",
        "provider": "【公式】日蓮宗総本山 身延山久遠寺 - YouTube",
        "provider_url": "https://www.youtube.com/@minobusan/streams",
        "address": "山梨県南巨摩郡身延町身延3567",
        "last_updated": "2024-04-13 19:21:42"
      }
    },
    {
      "type": "Feature",
      "geometry": {
        "type": "Point",
        "coordinates": [
          135.755635,
          35.021279
        ]
      },
      "properties": {
        "stream_title": "【LIVE】笠置キャンプ場ライブカメラ／Kasagi campsite livecam - YouTube",
        "stream_url": "https://www.youtube.com/watch?v=jp8YydpqWJA",
        "stream_status": "TRUE",
        "stream_type": "video",
        "is_rewind": "TRUE",
        "category": "観光",
        "poi": "笠置大橋",
        "poi_detail": "",
        "provider": "笠置キャンプ場 Channel - YouTube",
        "provider_url": "https://www.youtube.com/@Channel-tf8sn/streams",
        "address": "京都府相楽郡笠置町笠置",
        "last_updated": "2024-04-15 18:16:31"
      }
    },
    {
      "type": "Feature",
      "geometry": {
        "type": "Point",
        "coordinates": [
          134.04339,
          34.34016
        ]
      },
      "properties": {
        "stream_title": "綾川町高山航空公園のライブ配信 - YouTube",
        "stream_url": "https://www.youtube.com/watch?v=hEQioVpPGms",
        "stream_status": "TRUE",
        "stream_type": "video",
        "is_rewind": "TRUE",
        "category": "観光",
        "poi": "高山航空公園",
        "poi_detail": "",
        "provider": "綾川町高山航空公園 - YouTube",
        "provider_url": "https://www.youtube.com/@user-hw1vm9bm6h",
        "address": "香川県綾歌郡綾川町東分乙390-17",
        "last_updated": "2024-04-13 19:25:15"
      }
    },
    {
      "type": "Feature",
      "geometry": {
        "type": "Point",
        "coordinates": [
          134.04339,
          34.34016
        ]
      },
      "properties": {
        "stream_title": "綾川町高山航空公園のライブ配信２ - YouTube",
        "stream_url": "https://www.youtube.com/watch?v=c2yEmi36pAc",
        "stream_status": "TRUE",
        "stream_type": "video",
        "is_rewind": "TRUE",
        "category": "観光",
        "poi": "高山航空公園",
        "poi_detail": "",
        "provider": "綾川町高山航空公園 - YouTube",
        "provider_url": "https://www.youtube.com/@user-hw1vm9bm6h",
        "address": "香川県綾歌郡綾川町東分乙390-17",
        "last_updated": "2024-04-13 19:25:18"
      }
    },
    {
      "type": "Feature",
      "geometry": {
        "type": "Point",
        "coordinates": [
          133.934894,
          34.661759
        ]
      },
      "properties": {
        "stream_title": "湯原温泉ライブカメラ　砂湯手前・湯原国際観光ホテル菊之湯の対岸にある毘沙門天・伏見稲荷の桜並木　岡山県真庭市 - YouTube",
        "stream_url": "https://www.youtube.com/watch?v=x_QaChqiMjk",
        "stream_status": "TRUE",
        "stream_type": "video",
        "is_rewind": "TRUE",
        "category": "観光",
        "poi": "湯原温泉",
        "poi_detail": "",
        "provider": "39K - YouTube",
        "provider_url": "https://www.youtube.com/@39k/streams",
        "address": "岡山県真庭市湯原温泉",
        "last_updated": "2024-04-13 19:42:09"
      }
    },
    {
      "type": "Feature",
      "geometry": {
        "type": "Point",
        "coordinates": [
          133.934894,
          34.661759
        ]
      },
      "properties": {
        "stream_title": "湯原温泉お天気ライブカメラ　青空・雨　岡山県真庭市 - YouTube",
        "stream_url": "https://www.youtube.com/watch?v=PbqxYObjHms",
        "stream_status": "TRUE",
        "stream_type": "video",
        "is_rewind": "TRUE",
        "category": "観光",
        "poi": "湯原温泉",
        "poi_detail": "",
        "provider": "39K - YouTube",
        "provider_url": "https://www.youtube.com/@39k/streams",
        "address": "岡山県真庭市湯原温泉",
        "last_updated": "2024-04-13 19:42:12"
      }
    },
    {
      "type": "Feature",
      "geometry": {
        "type": "Point",
        "coordinates": [
          140.562894,
          37.819095
        ]
      },
      "properties": {
        "stream_title": "桃畑（福島県伊達市ライブカメラ） - YouTube",
        "stream_url": "https://www.youtube.com/watch?v=PmdMkEqJu5A",
        "stream_status": "TRUE",
        "stream_type": "video",
        "is_rewind": "TRUE",
        "category": "観光",
        "poi": "桃畑",
        "poi_detail": "",
        "provider": "伊達市ライブカメラ - YouTube",
        "provider_url": "https://www.youtube.com/@user-gg1ze7bw5l",
        "address": "福島県伊達市箱崎字梁下一",
        "last_updated": "2024-06-05 16:54:41"
      }
    },
    {
      "type": "Feature",
      "geometry": {
        "type": "Point",
        "coordinates": [
          140.562894,
          37.819095
        ]
      },
      "properties": {
        "stream_title": "名峰　霊山（福島県伊達市ライブカメラ） - YouTube",
        "stream_url": "https://www.youtube.com/watch?v=YSxA8LKv8XA",
        "stream_status": "TRUE",
        "stream_type": "video",
        "is_rewind": "TRUE",
        "category": "観光",
        "poi": "霊山",
        "poi_detail": "",
        "provider": "伊達市ライブカメラ - YouTube",
        "provider_url": "https://www.youtube.com/@user-gg1ze7bw5l",
        "address": "福島県伊達市霊山町石田字釜ヶ平",
        "last_updated": "2024-04-13 19:42:22"
      }
    },
    {
      "type": "Feature",
      "geometry": {
        "type": "Point",
        "coordinates": [
          143.894806,
          43.803066
        ]
      },
      "properties": {
        "stream_title": "[LIVE]忠津鉄工所ライブ中継(オホーツク海、常呂の町並み、流氷、ところストーンアイス(ジュエリーアイス)、夕日、常南ビーチ) (HOKKAIDO KITAMI TOKORO LIVECAMERA) - YouTube",
        "stream_url": "https://www.youtube.com/watch?v=tZMic307Bxo",
        "stream_status": "TRUE",
        "stream_type": "video",
        "is_rewind": "TRUE",
        "category": "海岸",
        "poi": "ユーラス常呂能取ウインドファーム",
        "poi_detail": "忠津鉄工所",
        "provider": "fkaz55 - YouTube",
        "provider_url": "https://www.youtube.com/@fkaz55/streams",
        "address": "北海道北見市常呂町弁天18-43",
        "last_updated": "2024-04-13 19:40:23"
      }
    },
    {
      "type": "Feature",
      "geometry": {
        "type": "Point",
        "coordinates": [
          143.894806,
          43.803066
        ]
      },
      "properties": {
        "stream_title": "ユーラス常呂能取ウインドファーム(風力発電所)　ライブカメラ１ (HOKKAIDO KITAMI TOKORO Wind-power generation LIVECAMERA 1) - YouTube",
        "stream_url": "https://www.youtube.com/watch?v=VMYrGpZqZus",
        "stream_status": "TRUE",
        "stream_type": "video",
        "is_rewind": "TRUE",
        "category": "その他",
        "poi": "",
        "poi_detail": "北見市常呂町の高台",
        "provider": "fkaz55 - YouTube",
        "provider_url": "https://www.youtube.com/@fkaz55/streams",
        "address": "北海道北見市常呂町字東浜75",
        "last_updated": "2024-04-13 19:51:32"
      }
    },
    {
      "type": "Feature",
      "geometry": {
        "type": "Point",
        "coordinates": [
          143.894806,
          43.803066
        ]
      },
      "properties": {
        "stream_title": "[LIVE][北海道北見市常呂町]常呂町から東の空ライブ中継(常呂市街地区・100年記念塔・網走市方向) (HOKKAIDO KITAMI TOKORO LIVECAMERA) - YouTube",
        "stream_url": "https://www.youtube.com/watch?v=CIF4HjYCdFw",
        "stream_status": "FALSE",
        "stream_type": "video",
        "is_rewind": "TRUE",
        "category": "その他",
        "poi": "",
        "poi_detail": "北見市常呂町の高台",
        "provider": "fkaz55 - YouTube",
        "provider_url": "https://www.youtube.com/@fkaz55/streams",
        "address": "北海道北見市常呂町",
        "last_updated": "2024-04-13 19:48:20"
      }
    },
    {
      "type": "Feature",
      "geometry": {
        "type": "Point",
        "coordinates": [
          143.894806,
          43.803066
        ]
      },
      "properties": {
        "stream_title": "[LIVE]グローバル体験施設若原ライブカメラ(旧 虫夢ところ昆虫の家)　北海道北見市常呂町吉野 - YouTube",
        "stream_url": "https://www.youtube.com/watch?v=jdK8HRh4Ty4",
        "stream_status": "TRUE",
        "stream_type": "video",
        "is_rewind": "TRUE",
        "category": "観光",
        "poi": "グローバル体験施設 若原",
        "poi_detail": "",
        "provider": "fkaz55 - YouTube",
        "provider_url": "https://www.youtube.com/@fkaz55/streams",
        "address": "北海道北見市常呂町137",
        "last_updated": "2024-04-13 19:48:22"
      }
    },
    {
      "type": "Feature",
      "geometry": {
        "type": "Point",
        "coordinates": [
          143.894806,
          43.803066
        ]
      },
      "properties": {
        "stream_title": "[LIVE][北海道北見市常呂町]常呂町から南の空ライブ中継(イワケシュ山・大雪山・北見自治区方向) (HOKKAIDO KITAMI TOKORO LIVECAMERA) - YouTube",
        "stream_url": "https://www.youtube.com/watch?v=CgT8S2ZJCBM",
        "stream_status": "TRUE",
        "stream_type": "video",
        "is_rewind": "TRUE",
        "category": "その他",
        "poi": "",
        "poi_detail": "北見市常呂町の高台",
        "provider": "fkaz55 - YouTube",
        "provider_url": "https://www.youtube.com/@fkaz55/streams",
        "address": "北海道北見市常呂町",
        "last_updated": "2024-04-13 19:52:49"
      }
    },
    {
      "type": "Feature",
      "geometry": {
        "type": "Point",
        "coordinates": [
          141.214719,
          45.247459
        ]
      },
      "properties": {
        "stream_title": "ペシ岬-鴛泊フェリーターミナルよりLive - YouTube",
        "stream_url": "https://www.youtube.com/watch?v=iBwjkDhl9ys",
        "stream_status": "TRUE",
        "stream_type": "video",
        "is_rewind": "TRUE",
        "category": "海岸",
        "poi": "ペシ岬",
        "poi_detail": "鴛泊港フェリーターミナル",
        "provider": "利尻島_旅番屋 - YouTube",
        "provider_url": "https://www.youtube.com/@user-je6tq8tr7v/streams",
        "address": "北海道利尻郡利尻富士町鴛泊字港町235",
        "last_updated": "2024-04-13 20:07:15"
      }
    },
    {
      "type": "Feature",
      "geometry": {
        "type": "Point",
        "coordinates": [
          141.047717,
          45.303062
        ]
      },
      "properties": {
        "stream_title": "利尻島ライブカメラ（前浜） - YouTube",
        "stream_url": "https://www.youtube.com/watch?v=aqXQI-SRigk",
        "stream_status": "TRUE",
        "stream_type": "video",
        "is_rewind": "TRUE",
        "category": "海岸",
        "poi": "利尻島",
        "poi_detail": "礼文島",
        "provider": "利尻島_旅番屋 - YouTube",
        "provider_url": "https://www.youtube.com/@user-je6tq8tr7v/streams",
        "address": "北海道礼文郡礼文町",
        "last_updated": "2024-04-13 19:54:33"
      }
    },
    {
      "type": "Feature",
      "geometry": {
        "type": "Point",
        "coordinates": [
          141.047717,
          45.303062
        ]
      },
      "properties": {
        "stream_title": "利尻島ライブカメラ 前浜２ - YouTube",
        "stream_url": "https://www.youtube.com/watch?v=bAWueJBFcT0",
        "stream_status": "TRUE",
        "stream_type": "video",
        "is_rewind": "TRUE",
        "category": "海岸",
        "poi": "利尻島",
        "poi_detail": "礼文島",
        "provider": "利尻島_旅番屋 - YouTube",
        "provider_url": "https://www.youtube.com/@user-je6tq8tr7v/streams",
        "address": "北海道礼文郡礼文町",
        "last_updated": "2024-04-15 18:16:19"
      }
    },
    {
      "type": "Feature",
      "geometry": {
        "type": "Point",
        "coordinates": [
          141.214719,
          45.247459
        ]
      },
      "properties": {
        "stream_title": "利尻_旧本泊小学校Live配信 - YouTube",
        "stream_url": "https://www.youtube.com/watch?v=ag_nRE1jbXk",
        "stream_status": "TRUE",
        "stream_type": "video",
        "is_rewind": "TRUE",
        "category": "空港",
        "poi": "利尻空港",
        "poi_detail": "地域防災・複合交流施設 本泊小学校",
        "provider": "利尻島_旅番屋 - YouTube",
        "provider_url": "https://www.youtube.com/@user-je6tq8tr7v/streams",
        "address": "北海道利尻郡利尻富士町鴛泊字本泊155",
        "last_updated": "2024-05-07 17:20:05"
      }
    },
    {
      "type": "Feature",
      "geometry": {
        "type": "Point",
        "coordinates": [
          141.214719,
          45.247459
        ]
      },
      "properties": {
        "stream_title": "利尻島_ペシ岬Live配信！ - YouTube",
        "stream_url": "https://www.youtube.com/watch?v=Lvlm2e83hqM",
        "stream_status": "TRUE",
        "stream_type": "video",
        "is_rewind": "TRUE",
        "category": "海岸",
        "poi": "ペシ岬",
        "poi_detail": "旅番屋",
        "provider": "利尻島_旅番屋 - YouTube",
        "provider_url": "https://www.youtube.com/@user-je6tq8tr7v/streams",
        "address": "北海道利尻郡利尻富士町鴛泊字港町",
        "last_updated": "2024-04-13 19:59:14"
      }
    },
    {
      "type": "Feature",
      "geometry": {
        "type": "Point",
        "coordinates": [
          141.214719,
          45.247459
        ]
      },
      "properties": {
        "stream_title": "利尻島、海の玄関Live! - YouTube",
        "stream_url": "https://www.youtube.com/watch?v=8BwfUCuPcVE",
        "stream_status": "TRUE",
        "stream_type": "video",
        "is_rewind": "TRUE",
        "category": "海岸",
        "poi": "鴛泊港",
        "poi_detail": "利尻マリンホテル",
        "provider": "利尻島_旅番屋 - YouTube",
        "provider_url": "https://www.youtube.com/@user-je6tq8tr7v/streams",
        "address": "北海道利尻郡利尻富士町鴛泊字港町81-5",
        "last_updated": "2024-04-13 20:06:43"
      }
    },
    {
      "type": "Feature",
      "geometry": {
        "type": "Point",
        "coordinates": [
          140.994605,
          43.1907527
        ]
      },
      "properties": {
        "stream_title": "北海道の絶景を詰め込んだ天空の贅沢「小樽天狗山」 - YouTube",
        "stream_url": "https://www.youtube.com/watch?v=X5Ew8btlVbQ",
        "stream_status": "TRUE",
        "stream_type": "video",
        "is_rewind": "TRUE",
        "category": "海岸",
        "poi": "小樽天狗山",
        "poi_detail": "",
        "provider": "小樽天狗山ロープウエイ - YouTube",
        "provider_url": "https://www.youtube.com/@Otarutenguyamaropeway/streams",
        "address": "北海道小樽市天狗山",
        "last_updated": "2024-04-13 20:05:38"
      }
    },
    {
      "type": "Feature",
      "geometry": {
        "type": "Point",
        "coordinates": [
          141.340882,
          43.090693
        ]
      },
      "properties": {
        "stream_title": "ライブカメラ ＪＲ札幌駅 (ＳＴＶ札幌テレビ放送) Live Camera Sapporo Station , Hokkaido - YouTube",
        "stream_url": "https://www.youtube.com/watch?v=bQMP7-GzdIQ",
        "stream_status": "FALSE",
        "stream_type": "video",
        "is_rewind": "TRUE",
        "category": "鉄道",
        "poi": "JR札幌駅",
        "poi_detail": "札幌医療リハビリ専門学校",
        "provider": "TobetsuTown - YouTube",
        "provider_url": "https://www.youtube.com/@itjoho/streams",
        "address": "北海道札幌市北区北六条西一丁目3-1",
        "last_updated": "2024-04-13 20:07:46"
      }
    },
    {
      "type": "Feature",
      "geometry": {
        "type": "Point",
        "coordinates": [
          141.340882,
          43.090693
        ]
      },
      "properties": {
        "stream_title": "【#ライブカメラ】 情報カメラ #札幌 #JR札幌駅 #北海道【HBC】 - YouTube",
        "stream_url": "https://www.youtube.com/watch?v=O7aL3u5n1gQ",
        "stream_status": "TRUE",
        "stream_type": "video",
        "is_rewind": "TRUE",
        "category": "鉄道",
        "poi": "JR札幌駅",
        "poi_detail": "",
        "provider": "HBC 公式YouTube - YouTube",
        "provider_url": "https://www.youtube.com/@HBChokkaido/streams",
        "address": "北海道札幌市北区北六条西四丁目",
        "last_updated": "2024-04-15 16:52:33"
      }
    },
    {
      "type": "Feature",
      "geometry": {
        "type": "Point",
        "coordinates": [
          141.35389,
          43.061414
        ]
      },
      "properties": {
        "stream_title": "【LIVE】北海道・札幌ライブカメラ　大通公園・さっぽろテレビ塔＠さっぽろ創世スクエア　Sapporo Odori Park in Hokkaido　삿포로 라이브　札幌LIVE - YouTube",
        "stream_url": "https://www.youtube.com/watch?v=fZ4XElN2McU",
        "stream_status": "TRUE",
        "stream_type": "video",
        "is_rewind": "TRUE",
        "category": "その他",
        "poi": "札幌市",
        "poi_detail": "朝日新聞社 北海道支社",
        "provider": "朝日新聞LIVE - YouTube",
        "provider_url": "https://www.youtube.com/@LIVE-hr9eo/streams",
        "address": "北海道札幌市中央区北一条西一丁目6 さっぽろ創世スクエア 9階",
        "last_updated": "2024-04-15 16:55:51"
      }
    },
    {
      "type": "Feature",
      "geometry": {
        "type": "Point",
        "coordinates": [
          127.679001,
          26.2155596
        ]
      },
      "properties": {
        "stream_title": "【LIVE】沖縄ライブカメラ　那覇市内の現在の様子　眼下には「ゆいレール」　Okinawa, Naha　 오키나와、 나하 - YouTube",
        "stream_url": "https://www.youtube.com/watch?v=6HYjCFkmDPA",
        "stream_status": "TRUE",
        "stream_type": "video",
        "is_rewind": "TRUE",
        "category": "道路",
        "poi": "",
        "poi_detail": "朝日新聞 那覇総局",
        "provider": "朝日新聞LIVE - YouTube",
        "provider_url": "https://www.youtube.com/@LIVE-hr9eo/streams",
        "address": "沖縄県那覇市久茂地二丁目2-2 タイムスビル 10階",
        "last_updated": "2024-04-15 18:18:02"
      }
    },
    {
      "type": "Feature",
      "geometry": {
        "type": "Point",
        "coordinates": [
          139.715987,
          35.56126
        ]
      },
      "properties": {
        "stream_title": "【LIVE】東京国際空港（羽田空港）ライブカメラ＠朝日新聞社格納庫　第２ - YouTube",
        "stream_url": "https://www.youtube.com/watch?v=mYhkthVZUhY",
        "stream_status": "TRUE",
        "stream_type": "video",
        "is_rewind": "TRUE",
        "category": "空港",
        "poi": "羽田空港",
        "poi_detail": "朝日新聞社の格納庫",
        "provider": "朝日新聞LIVE - YouTube",
        "provider_url": "https://www.youtube.com/@LIVE-hr9eo/streams",
        "address": "東京都大田区羽田空港",
        "last_updated": "2024-04-15 16:59:09"
      }
    },
    {
      "type": "Feature",
      "geometry": {
        "type": "Point",
        "coordinates": [
          139.762796,
          35.673578
        ]
      },
      "properties": {
        "stream_title": "【LIVE】銀座ライブカメラ　数寄屋橋スクランブル交差点 Sukiyabashi crossing in Ginza, Tokyo 스키야바시 긴자 - YouTube",
        "stream_url": "https://www.youtube.com/watch?v=EuOZeHQmg-4",
        "stream_status": "TRUE",
        "stream_type": "video",
        "is_rewind": "TRUE",
        "category": "その他",
        "poi": "数寄屋橋のスクランブル交差点（銀座）",
        "poi_detail": "有楽町駅前の有楽町マリオン",
        "provider": "朝日新聞LIVE - YouTube",
        "provider_url": "https://www.youtube.com/@LIVE-hr9eo/streams",
        "address": "東京都千代田区有楽町二丁目5-1",
        "last_updated": "2024-04-15 17:02:04"
      }
    },
    {
      "type": "Feature",
      "geometry": {
        "type": "Point",
        "coordinates": [
          140.119561,
          35.606337
        ]
      },
      "properties": {
        "stream_title": "【LIVE】千葉県ライブカメラ　千葉市内の現在の様子　Chiba 지바 - YouTube",
        "stream_url": "https://www.youtube.com/watch?v=yXn9ZlZWBbk",
        "stream_status": "TRUE",
        "stream_type": "video",
        "is_rewind": "TRUE",
        "category": "道路",
        "poi": "千葉中央駅",
        "poi_detail": "朝日新聞社千葉総局",
        "provider": "朝日新聞LIVE - YouTube",
        "provider_url": "https://www.youtube.com/@LIVE-hr9eo/streams",
        "address": "千葉県千葉市中央区本千葉町15",
        "last_updated": "2024-04-15 17:05:38"
      }
    },
    {
      "type": "Feature",
      "geometry": {
        "type": "Point",
        "coordinates": [
          139.691717,
          35.689568
        ]
      },
      "properties": {
        "stream_title": "【LIVE】東京・築地ライブカメラ　湾岸やレインボーブリッジのある風景　 at Tsukiji, view of Tokyo waterfront and Rainbow bridge - YouTube",
        "stream_url": "https://www.youtube.com/watch?v=bKVGdsMVuMA",
        "stream_status": "TRUE",
        "stream_type": "video",
        "is_rewind": "TRUE",
        "category": "海岸",
        "poi": "築地",
        "poi_detail": "朝日新聞社東京本社",
        "provider": "朝日新聞LIVE - YouTube",
        "provider_url": "https://www.youtube.com/@LIVE-hr9eo/streams",
        "address": "東京都中央区築地五丁目3-2",
        "last_updated": "2024-04-15 18:16:23"
      }
    },
    {
      "type": "Feature",
      "geometry": {
        "type": "Point",
        "coordinates": [
          140.318781,
          35.776605
        ]
      },
      "properties": {
        "stream_title": "【LIVE】成田空港ライブカメラ　A滑走路(南側）＠朝日新聞成田支局 LIVE at Narita International airport - YouTube",
        "stream_url": "https://www.youtube.com/watch?v=wb2xVVPA_2o",
        "stream_status": "TRUE",
        "stream_type": "video",
        "is_rewind": "TRUE",
        "category": "空港",
        "poi": "成田空港Ａ滑走路",
        "poi_detail": "朝日新聞社成田支局",
        "provider": "朝日新聞LIVE - YouTube",
        "provider_url": "https://www.youtube.com/@LIVE-hr9eo/streams",
        "address": "千葉県成田市三里塚御料 1-1",
        "last_updated": "2024-04-15 17:12:49"
      }
    },
    {
      "type": "Feature",
      "geometry": {
        "type": "Point",
        "coordinates": [
          133.935692,
          34.666624
        ]
      },
      "properties": {
        "stream_title": "【LIVE】岡山後楽園ライブカメラ Okayama Korakuen Garden - YouTube",
        "stream_url": "https://www.youtube.com/watch?v=Mk-_-Nq7Mtw",
        "stream_status": "TRUE",
        "stream_type": "video",
        "is_rewind": "TRUE",
        "category": "観光",
        "poi": "岡山後楽園",
        "poi_detail": "福田茶屋",
        "provider": "朝日新聞LIVE - YouTube",
        "provider_url": "https://www.youtube.com/@LIVE-hr9eo/streams",
        "address": "岡山県岡山市北区後楽園1-5",
        "last_updated": "2024-04-15 17:17:01"
      }
    },
    {
      "type": "Feature",
      "geometry": {
        "type": "Point",
        "coordinates": [
          140.875781,
          38.2630654
        ]
      },
      "properties": {
        "stream_title": "【LIVE】仙台・広瀬通＠朝日新聞社仙台総局　Hirosedori street in Sendai - YouTube",
        "stream_url": "https://www.youtube.com/watch?v=ClAXk49nOSw",
        "stream_status": "TRUE",
        "stream_type": "video",
        "is_rewind": "TRUE",
        "category": "道路",
        "poi": "仙台市",
        "poi_detail": "朝日新聞仙台総局",
        "provider": "朝日新聞LIVE - YouTube",
        "provider_url": "https://www.youtube.com/@LIVE-hr9eo/streams",
        "address": "宮城県仙台市青葉区本町二丁目2-6",
        "last_updated": "2024-04-15 17:24:17"
      }
    },
    {
      "type": "Feature",
      "geometry": {
        "type": "Point",
        "coordinates": [
          139.715987,
          35.56126
        ]
      },
      "properties": {
        "stream_title": "【LIVE】東京国際空港（羽田空港）ライブカメラ＠朝日新聞社格納庫 - YouTube",
        "stream_url": "https://www.youtube.com/watch?v=CUGaNl8iOWQ",
        "stream_status": "TRUE",
        "stream_type": "video",
        "is_rewind": "TRUE",
        "category": "空港",
        "poi": "羽田空港",
        "poi_detail": "朝日新聞社の格納庫",
        "provider": "朝日新聞LIVE - YouTube",
        "provider_url": "https://www.youtube.com/@LIVE-hr9eo/streams",
        "address": "東京都大田区羽田空港",
        "last_updated": "2024-04-15 17:25:41"
      }
    },
    {
      "type": "Feature",
      "geometry": {
        "type": "Point",
        "coordinates": [
          130.558141,
          31.560185
        ]
      },
      "properties": {
        "stream_title": "【LIVE】鹿児島・桜島ライブカメラ SAKURAJIMA - The Active volcano in Japan - YouTube",
        "stream_url": "https://www.youtube.com/watch?v=G7R2pYUxzk0",
        "stream_status": "FALSE",
        "stream_type": "video",
        "is_rewind": "TRUE",
        "category": "山岳",
        "poi": "桜島",
        "poi_detail": "鹿児島県垂水市",
        "provider": "朝日新聞LIVE - YouTube",
        "provider_url": "https://www.youtube.com/@LIVE-hr9eo/streams",
        "address": "鹿児島県垂水市",
        "last_updated": "2024-04-15 17:27:01"
      }
    },
    {
      "type": "Feature",
      "geometry": {
        "type": "Point",
        "coordinates": [
          130.414372,
          33.590787
        ]
      },
      "properties": {
        "stream_title": "【LIVE】福岡・博多駅前ライブカメラ　Hakata station in Fukuoka, Kyushu 하카타 역 라이브 - YouTube",
        "stream_url": "https://www.youtube.com/watch?v=3D1NIpeZyBg",
        "stream_status": "TRUE",
        "stream_type": "video",
        "is_rewind": "TRUE",
        "category": "観光",
        "poi": "博多駅",
        "poi_detail": "朝日新聞社福岡本部",
        "provider": "朝日新聞LIVE - YouTube",
        "provider_url": "https://www.youtube.com/@LIVE-hr9eo/streams",
        "address": "福岡県福岡市博多区博多駅前2丁目1-1",
        "last_updated": "2024-04-15 17:28:13"
      }
    },
    {
      "type": "Feature",
      "geometry": {
        "type": "Point",
        "coordinates": [
          140.318781,
          35.776605
        ]
      },
      "properties": {
        "stream_title": "【LIVE】成田空港ライブカメラ　A滑走路（中央）＠朝日新聞成田支局 LIVE at Narita International airport - YouTube",
        "stream_url": "https://www.youtube.com/watch?v=LHIVB_u3NR8",
        "stream_status": "TRUE",
        "stream_type": "video",
        "is_rewind": "TRUE",
        "category": "空港",
        "poi": "成田空港",
        "poi_detail": "日新聞社成田支局",
        "provider": "朝日新聞LIVE - YouTube",
        "provider_url": "https://www.youtube.com/@LIVE-hr9eo/streams",
        "address": "千葉県成田市三里塚御料 1-1",
        "last_updated": "2024-04-15 17:28:53"
      }
    },
    {
      "type": "Feature",
      "geometry": {
        "type": "Point",
        "coordinates": [
          135.519994,
          34.686394
        ]
      },
      "properties": {
        "stream_title": "【LIVE】大阪国際空港（伊丹空港）ライブカメラ　＠朝日新聞社格納庫 - YouTube",
        "stream_url": "https://www.youtube.com/watch?v=Tjr2tG_Wg70",
        "stream_status": "TRUE",
        "stream_type": "video",
        "is_rewind": "TRUE",
        "category": "空港",
        "poi": "大阪国際空港（伊丹空港）",
        "poi_detail": "大阪国際空港 ANA格納庫",
        "provider": "朝日新聞LIVE - YouTube",
        "provider_url": "https://www.youtube.com/@LIVE-hr9eo/streams",
        "address": "大阪府豊中市走井3丁目7-13",
        "last_updated": "2024-04-15 17:30:06"
      }
    },
    {
      "type": "Feature",
      "geometry": {
        "type": "Point",
        "coordinates": [
          138.383259,
          34.975135
        ]
      },
      "properties": {
        "stream_title": "【LIVE】静岡ライブカメラ　現在の静岡市内　Shizuoka - YouTube",
        "stream_url": "https://www.youtube.com/watch?v=0DHvrnepYJ0",
        "stream_status": "TRUE",
        "stream_type": "video",
        "is_rewind": "TRUE",
        "category": "道路",
        "poi": "静岡市葵区・七間町通り",
        "poi_detail": "朝日新聞社静岡総局",
        "provider": "朝日新聞LIVE - YouTube",
        "provider_url": "https://www.youtube.com/@LIVE-hr9eo/streams",
        "address": "静岡県静岡市葵区追手町7-2",
        "last_updated": "2024-04-15 17:31:34"
      }
    },
    {
      "type": "Feature",
      "geometry": {
        "type": "Point",
        "coordinates": [
          135.519994,
          34.686394
        ]
      },
      "properties": {
        "stream_title": "【LIVE】大阪・中之島ライブカメラ＠朝日新聞大阪本社 - YouTube",
        "stream_url": "https://www.youtube.com/watch?v=Kuqke5LvI2Y",
        "stream_status": "TRUE",
        "stream_type": "video",
        "is_rewind": "TRUE",
        "category": "河川",
        "poi": "土佐堀川",
        "poi_detail": "朝日新聞大阪本社",
        "provider": "朝日新聞LIVE - YouTube",
        "provider_url": "https://www.youtube.com/@LIVE-hr9eo/streams",
        "address": "大阪府大阪市北区中之島2丁目3-18 中之島フェスティバルタワー",
        "last_updated": "2024-04-15 17:32:38"
      }
    },
    {
      "type": "Feature",
      "geometry": {
        "type": "Point",
        "coordinates": [
          141.354374,
          43.061972
        ]
      },
      "properties": {
        "stream_title": "【ライブカメラ】 - YouTube",
        "stream_url": "https://www.youtube.com/watch?v=GpUEzSGuxLQ",
        "stream_status": "TRUE",
        "stream_type": "video",
        "is_rewind": "TRUE",
        "category": "その他",
        "poi": "札幌市",
        "poi_detail": "",
        "provider": "TVh テレビ北海道 TV HOKKAIDO - YouTube",
        "provider_url": "https://www.youtube.com/@TVh7chHokkaido/streams",
        "address": "北海道札幌市",
        "last_updated": "2024-04-15 17:39:21"
      }
    },
    {
      "type": "Feature",
      "geometry": {
        "type": "Point",
        "coordinates": [
          141.354374,
          43.061972
        ]
      },
      "properties": {
        "stream_title": "【LIVE】札幌藻岩山 山頂展望台ライブカメラ／Live camera of SAPPORO Mt.MOIWA summit observation deck - YouTube",
        "stream_url": "https://www.youtube.com/watch?v=_AzhRg67CCk",
        "stream_status": "TRUE",
        "stream_type": "video",
        "is_rewind": "TRUE",
        "category": "その他",
        "poi": "藻岩山",
        "poi_detail": "札幌もいわ山ロープウェイ",
        "provider": "札幌もいわ山ロープウェイ【公式】 - YouTube",
        "provider_url": "https://www.youtube.com/@mt.moiwa.official",
        "address": "北海道札幌市",
        "last_updated": "2024-04-15 17:53:09"
      }
    },
    {
      "type": "Feature",
      "geometry": {
        "type": "Point",
        "coordinates": [
          141.354374,
          43.061972
        ]
      },
      "properties": {
        "stream_title": "【LIVE】札幌藻岩山 もいわ標高看板前ライブカメラ／Live camera of SAPPORO Mt.MOIWA around the summit altitude signboard - YouTube",
        "stream_url": "https://www.youtube.com/watch?v=toCF42I6VvQ",
        "stream_status": "FALSE",
        "stream_type": "video",
        "is_rewind": "TRUE",
        "category": "その他",
        "poi": "藻岩山",
        "poi_detail": "札幌もいわ山ロープウェイ",
        "provider": "札幌もいわ山ロープウェイ【公式】 - YouTube",
        "provider_url": "https://www.youtube.com/@mt.moiwa.official",
        "address": "北海道札幌市",
        "last_updated": "2024-04-15 17:54:26"
      }
    },
    {
      "type": "Feature",
      "geometry": {
        "type": "Point",
        "coordinates": [
          140.883999,
          42.858216
        ]
      },
      "properties": {
        "stream_title": "喜茂別町から見た羊蹄山 のライブ配信 - YouTube",
        "stream_url": "https://www.youtube.com/watch?v=ZwHcqfJsEwU",
        "stream_status": "TRUE",
        "stream_type": "video",
        "is_rewind": "TRUE",
        "category": "山岳",
        "poi": "羊蹄山",
        "poi_detail": "",
        "provider": "喜茂別町ライブカメラ - YouTube",
        "provider_url": "https://www.youtube.com/@user-sn5vn9jy6k/streams",
        "address": "北海道虻田郡京極町字川西",
        "last_updated": "2024-04-15 17:54:50"
      }
    },
    {
      "type": "Feature",
      "geometry": {
        "type": "Point",
        "coordinates": [
          140.68801,
          42.805036
        ]
      },
      "properties": {
        "stream_title": "Niseko View Plaza ライブカメラ - YouTube",
        "stream_url": "https://www.youtube.com/watch?v=WDLbFgfPGOI",
        "stream_status": "TRUE",
        "stream_type": "video",
        "is_rewind": "TRUE",
        "category": "山岳",
        "poi": "",
        "poi_detail": "道の駅ニセコビュープラザ",
        "provider": "ニセコリゾート観光協会 - YouTube",
        "provider_url": "https://www.youtube.com/@user-kj9qj9sd4f/streams",
        "address": "北海道虻田郡ニセコ町字元町77-10",
        "last_updated": "2024-04-15 18:05:19"
      }
    },
    {
      "type": "Feature",
      "geometry": {
        "type": "Point",
        "coordinates": [
          140.68801,
          42.805036
        ]
      },
      "properties": {
        "stream_title": "【LIVE!】ニセコ本田珈琲店 のライブカメラ Niseko Honda Coffee Live Camera - YouTube",
        "stream_url": "https://www.youtube.com/watch?v=sDKrfUJvIA4",
        "stream_status": "FALSE",
        "stream_type": "video",
        "is_rewind": "TRUE",
        "category": "山岳",
        "poi": "後方羊蹄山",
        "poi_detail": "ニセコ本田珈琲店",
        "provider": "本田珈琲店 - YouTube",
        "provider_url": "https://www.youtube.com/@user-ou6lk5rb5d/streams",
        "address": "北海道虻田郡ニセコ町字本通106-9",
        "last_updated": "2024-04-15 18:05:39"
      }
    },
    {
      "type": "Feature",
      "geometry": {
        "type": "Point",
        "coordinates": [
          139.491111,
          42.170699
        ]
      },
      "properties": {
        "stream_title": "【北海道最西端】奥尻島ライブカメラ＠ヒラキスポーツ【鍋釣岩】 - YouTube",
        "stream_url": "",
        "stream_status": "TRUE",
        "stream_type": "video",
        "is_rewind": "TRUE",
        "category": "海岸",
        "poi": "鍋釣岩",
        "poi_detail": "",
        "provider": "ニッチワークス DIY - YouTube",
        "provider_url": "https://www.youtube.com/@muradenX/streams",
        "address": "北海道奥尻郡奥尻町字奥尻",
        "last_updated": "2024-04-15 18:16:13"
      }
    },
    {
      "type": "Feature",
      "geometry": {
        "type": "Point",
        "coordinates": [
          140.572745,
          41.94913
        ]
      },
      "properties": {
        "stream_title": "きじひき高原ライブカメラ～函館方面～ - YouTube",
        "stream_url": "https://www.youtube.com/watch?v=0AkMnQW4XOk",
        "stream_status": "TRUE",
        "stream_type": "video",
        "is_rewind": "TRUE",
        "category": "山岳",
        "poi": "函館",
        "poi_detail": "きじひき高原パノラマ展望台",
        "provider": "【公式】北海道北斗市役所 - YouTube",
        "provider_url": "https://www.youtube.com/@user-ot1rm3vf6t/streams",
        "address": "北海道北斗市村山",
        "last_updated": "2024-04-16 14:52:51"
      }
    },
    {
      "type": "Feature",
      "geometry": {
        "type": "Point",
        "coordinates": [
          140.572745,
          41.94913
        ]
      },
      "properties": {
        "stream_title": "きじひき高原ライブカメラ～大沼方面～ - YouTube",
        "stream_url": "https://www.youtube.com/watch?v=_v5y5bpCAAw",
        "stream_status": "TRUE",
        "stream_type": "video",
        "is_rewind": "TRUE",
        "category": "山岳",
        "poi": "大沼",
        "poi_detail": "きじひき高原パノラマ展望台",
        "provider": "【公式】北海道北斗市役所 - YouTube",
        "provider_url": "https://www.youtube.com/@user-ot1rm3vf6t/streams",
        "address": "北海道北斗市村山",
        "last_updated": "2024-04-16 13:45:06"
      }
    },
    {
      "type": "Feature",
      "geometry": {
        "type": "Point",
        "coordinates": [
          141.033628,
          40.571653
        ]
      },
      "properties": {
        "stream_title": "十和田湖ライブカメラ - YouTube",
        "stream_url": "https://www.youtube.com/watch?v=itbukDFoHG8",
        "stream_status": "FALSE",
        "stream_type": "video",
        "is_rewind": "TRUE",
        "category": "河川",
        "poi": "十和田湖",
        "poi_detail": "十和田湖マリーナ",
        "provider": "十和田湖マリーナ - YouTube",
        "provider_url": "https://www.youtube.com/@user-jz1mr8md4i/streams",
        "address": "青森県十和田市大字奥瀬十田湖畔休屋486",
        "last_updated": "2024-04-16 13:48:37"
      }
    },
    {
      "type": "Feature",
      "geometry": {
        "type": "Point",
        "coordinates": [
          139.8475,
          39.886721
        ]
      },
      "properties": {
        "stream_title": "寒風山回転展望台のライブ配信 - YouTube",
        "stream_url": "https://www.youtube.com/watch?v=q4KnvTlsO7Y",
        "stream_status": "TRUE",
        "stream_type": "video",
        "is_rewind": "TRUE",
        "category": "その他",
        "poi": "寒風山回転展望台",
        "poi_detail": "",
        "provider": "寒風山回転展望台 - YouTube",
        "provider_url": "https://www.youtube.com/@user-cz7oz3io7b/streams",
        "address": "秋田県男鹿市脇本富永寒風山62-1",
        "last_updated": "2024-04-16 14:22:24"
      }
    },
    {
      "type": "Feature",
      "geometry": {
        "type": "Point",
        "coordinates": [
          140.102512,
          39.719929
        ]
      },
      "properties": {
        "stream_title": "ABS秋田放送　お天気カメラ　大森山（ABS's Weather Live Camera on Mt. Omoriyama ） - YouTube",
        "stream_url": "https://www.youtube.com/watch?v=OYxnAlmg3yw",
        "stream_status": "FALSE",
        "stream_type": "video",
        "is_rewind": "TRUE",
        "category": "海岸",
        "poi": "",
        "poi_detail": "大森山",
        "provider": "ABS秋田放送 - YouTube",
        "provider_url": "https://www.youtube.com/@ABS4ch/streams",
        "address": "秋田県秋田市浜田字大森山",
        "last_updated": "2024-04-16 14:45:06"
      }
    },
    {
      "type": "Feature",
      "geometry": {
        "type": "Point",
        "coordinates": [
          140.129255,
          39.716787
        ]
      },
      "properties": {
        "stream_title": "ABS秋田放送　お天気カメラ　秋田駅前（ABS's Weather Live Cameras in Akita station square ） - YouTube",
        "stream_url": "https://www.youtube.com/watch?v=ohs7kq00Vgw",
        "stream_status": "TRUE",
        "stream_type": "video",
        "is_rewind": "TRUE",
        "category": "鉄道",
        "poi": "ＪＲ秋田駅西口",
        "poi_detail": "ABS秋田放送本社の屋上",
        "provider": "ABS秋田放送 - YouTube",
        "provider_url": "https://www.youtube.com/@ABS4ch/streams",
        "address": "秋田県秋田市中通七丁目1-1−2",
        "last_updated": "2024-04-16 14:43:08"
      }
    },
    {
      "type": "Feature",
      "geometry": {
        "type": "Point",
        "coordinates": [
          140.061179,
          39.752253
        ]
      },
      "properties": {
        "stream_title": "ABS秋田放送　お天気カメラ　秋田港（ABS's Weather Live Camera in the Akita Port of Akita-shi） - YouTube",
        "stream_url": "https://www.youtube.com/watch?v=ZuL8xYZpKX4",
        "stream_status": "FALSE",
        "stream_type": "video",
        "is_rewind": "TRUE",
        "category": "海岸",
        "poi": "秋田港",
        "poi_detail": "秋田港",
        "provider": "ABS秋田放送 - YouTube",
        "provider_url": "https://www.youtube.com/@ABS4ch/streams",
        "address": "秋田県秋田市土崎港西一丁目",
        "last_updated": "2024-04-16 14:39:57"
      }
    },
    {
      "type": "Feature",
      "geometry": {
        "type": "Point",
        "coordinates": [
          140.102512,
          39.719929
        ]
      },
      "properties": {
        "stream_title": "ABS秋田放送　お天気カメラ　秋田空港 （ABS's Weather Live Camera in Akita Airport） - YouTube",
        "stream_url": "https://www.youtube.com/watch?v=0WMFElixNQ0",
        "stream_status": "TRUE",
        "stream_type": "video",
        "is_rewind": "TRUE",
        "category": "空港",
        "poi": "秋田空港",
        "poi_detail": "",
        "provider": "ABS秋田放送 - YouTube",
        "provider_url": "https://www.youtube.com/@ABS4ch/streams",
        "address": "秋田県秋田市雄和椿川字山籠49",
        "last_updated": "2024-04-16 14:43:03"
      }
    },
    {
      "type": "Feature",
      "geometry": {
        "type": "Point",
        "coordinates": [
          140.102512,
          39.719929
        ]
      },
      "properties": {
        "stream_title": "AABブレイキングニュース＆情報カメラライブ（AAB本社） - YouTube",
        "stream_url": "https://www.youtube.com/watch?v=JggH-oqueck",
        "stream_status": "TRUE",
        "stream_type": "video",
        "is_rewind": "FALSE",
        "category": "道路",
        "poi": "",
        "poi_detail": "秋田朝日放送㈱ 本社",
        "provider": "AAB秋田朝日放送 - YouTube",
        "provider_url": "https://www.youtube.com/@aab5ch",
        "address": "秋田県秋田市川尻町字大川反233-209",
        "last_updated": "2024-04-18 11:12:51"
      }
    },
    {
      "type": "Feature",
      "geometry": {
        "type": "Point",
        "coordinates": [
          141.154183,
          39.701795
        ]
      },
      "properties": {
        "stream_title": "IAT LIVE 盛岡情報カメラ #岩手 #ライブ配信 #盛岡 #IWATE #MORIOKA #JAPAN #MtIWATE(Iwatesan) - YouTube",
        "stream_url": "https://www.youtube.com/watch?v=PxHYFalgxAg",
        "stream_status": "TRUE",
        "stream_type": "video",
        "is_rewind": "FALSE",
        "category": "その他",
        "poi": "盛岡市",
        "poi_detail": "",
        "provider": "IAT岩手朝日テレビ - YouTube",
        "provider_url": "https://www.youtube.com/@IwateAsahiTV",
        "address": "岩手県盛岡市",
        "last_updated": "2024-04-18 12:04:29"
      }
    },
    {
      "type": "Feature",
      "geometry": {
        "type": "Point",
        "coordinates": [
          141.718954,
          39.0635178
        ]
      },
      "properties": {
        "stream_title": "【MITライブ配信】 - YouTube",
        "stream_url": "https://www.youtube.com/watch?v=LGK8FmpQGRU",
        "stream_status": "TRUE",
        "stream_type": "video",
        "is_rewind": "TRUE",
        "category": "その他",
        "poi": "",
        "poi_detail": "",
        "provider": "menkoichannel - YouTube",
        "provider_url": "https://www.youtube.com/@menkoichannel",
        "address": "岩手県大船渡市大船渡町字茶屋前55-7",
        "last_updated": "2024-04-18 16:08:16"
      }
    },
    {
      "type": "Feature",
      "geometry": {
        "type": "Point",
        "coordinates": [
          141.946133,
          39.639517
        ]
      },
      "properties": {
        "stream_title": "田舎の窓[宮古・刈屋/岩手-三陸]ライブカメラ：IWAMIN.TV - YouTube",
        "stream_url": "https://www.youtube.com/watch?v=LFzf9BvifJs",
        "stream_status": "TRUE",
        "stream_type": "video",
        "is_rewind": "TRUE",
        "category": "",
        "poi": "刈屋（旧：新里村刈屋）の山奥（旧：JR岩泉線中里駅周辺）",
        "poi_detail": "IWAMIN.TV 【新里 緑スタヂオ】",
        "provider": "IWAMIN.TV田舎の窓 - YouTube",
        "provider_url": "https://www.youtube.com/@inakamado/streams",
        "address": "岩手県宮古市江繋第5地割",
        "last_updated": "2024-04-18 11:54:40"
      }
    },
    {
      "type": "Feature",
      "geometry": {
        "type": "Point",
        "coordinates": [
          140.882113,
          38.256133
        ]
      },
      "properties": {
        "stream_title": "【LIVE】仙台駅前の様子　　　　　　　　　　　　　　　　　　　　　　　　　　【LIVE】突撃！ナマイキＴＶ「デパスパ一番のり！」同時配信（毎週月～金午前10時頃） - YouTube",
        "stream_url": "https://www.youtube.com/watch?v=AinAZQgQp_s",
        "stream_status": "TRUE",
        "stream_type": "video",
        "is_rewind": "FALSE",
        "category": "鉄道",
        "poi": "仙台駅",
        "poi_detail": "",
        "provider": "khb東日本放送 - YouTube",
        "provider_url": "https://www.youtube.com/@khb/streams",
        "address": "宮城県仙台市青葉区中央一丁目1-1",
        "last_updated": "2024-04-18 11:57:06"
      }
    },
    {
      "type": "Feature",
      "geometry": {
        "type": "Point",
        "coordinates": [
          140.881942,
          38.261702
        ]
      },
      "properties": {
        "stream_title": "ミヤギテレビ情報カメラ・仙台マークワン屋上 - YouTube",
        "stream_url": "https://www.youtube.com/watch?v=PcCg30tb25c",
        "stream_status": "TRUE",
        "stream_type": "video",
        "is_rewind": "FALSE",
        "category": "鉄道",
        "poi": "仙台駅",
        "poi_detail": "",
        "provider": "ミヤテレ【公式】チャンネル - YouTube",
        "provider_url": "https://www.youtube.com/@miyatele",
        "address": "宮城県仙台市青葉区中央一丁目2-3",
        "last_updated": "2024-04-18 11:58:27"
      }
    },
    {
      "type": "Feature",
      "geometry": {
        "type": "Point",
        "coordinates": [
          140.339605,
          38.255436
        ]
      },
      "properties": {
        "stream_title": "【24時間配信中】現在の山形市 - YouTube",
        "stream_url": "https://www.youtube.com/watch?v=J56hFFHTfls",
        "stream_status": "TRUE",
        "stream_type": "video",
        "is_rewind": "TRUE",
        "category": "その他",
        "poi": "山形市",
        "poi_detail": "山形放送株式会社（YBC）",
        "provider": "YBC山形放送公式チャンネル - YouTube",
        "provider_url": "https://www.youtube.com/@yamagatahoso",
        "address": "山形県山形市旅篭町2丁目5-12 山形メディアタワー",
        "last_updated": "2024-04-18 12:01:11"
      }
    },
    {
      "type": "Feature",
      "geometry": {
        "type": "Point",
        "coordinates": [
          140.391021,
          38.431292
        ]
      },
      "properties": {
        "stream_title": "【生配信】現在の山形空港 - YouTube",
        "stream_url": "https://www.youtube.com/watch?v=o3HewgWWtw0",
        "stream_status": "TRUE",
        "stream_type": "video",
        "is_rewind": "TRUE",
        "category": "空港",
        "poi": "山形空港",
        "poi_detail": "",
        "provider": "YBC山形放送公式チャンネル - YouTube",
        "provider_url": "https://www.youtube.com/@yamagatahoso",
        "address": "山形県東根市羽入 柏原新林3008",
        "last_updated": "2024-04-18 12:04:26"
      }
    },
    {
      "type": "Feature",
      "geometry": {
        "type": "Point",
        "coordinates": [
          139.836513,
          38.914386
        ]
      },
      "properties": {
        "stream_title": "現在の酒田市 - YouTube",
        "stream_url": "https://www.youtube.com/watch?v=OozjynN_Dd4",
        "stream_status": "TRUE",
        "stream_type": "video",
        "is_rewind": "TRUE",
        "category": "海岸",
        "poi": "酒田市",
        "poi_detail": "",
        "provider": "YBC山形放送公式チャンネル - YouTube",
        "provider_url": "https://www.youtube.com/@yamagatahoso",
        "address": "山形県酒田市",
        "last_updated": "2024-04-18 12:04:20"
      }
    },
    {
      "type": "Feature",
      "geometry": {
        "type": "Point",
        "coordinates": [
          127.651985,
          26.210713
        ]
      },
      "properties": {
        "stream_title": "QAB琉球朝日放送 ライブカメラ 那覇空港ほか",
        "stream_url": "https://www.qab.co.jp/movie/movie/live",
        "stream_status": "TRUE",
        "stream_type": "video",
        "is_rewind": "FALSE",
        "category": "空港",
        "poi": "那覇空港",
        "poi_detail": "",
        "provider": "Quebee",
        "provider_url": "https://www.qab.co.jp/movie/",
        "address": "沖縄県那覇市字鏡水150",
        "last_updated": "2024-04-18 16:28:19"
      }
    },
    {
      "type": "Feature",
      "geometry": {
        "type": "Point",
        "coordinates": [
          133.049814,
          35.467467
        ]
      },
      "properties": {
        "stream_title": "TSKライブカメラ | TSKさんいん中央テレビ",
        "stream_url": "https://tsk-tv.com/livecamera/",
        "stream_status": "TRUE",
        "stream_type": "image",
        "is_rewind": "FALSE",
        "category": "道路",
        "poi": "宍道湖",
        "poi_detail": "",
        "provider": "TSKさんいん中央テレビ",
        "provider_url": "https://tsk-tv.com/livecamera/",
        "address": "島根県松江市末次町86",
        "last_updated": "2024-04-18 17:08:57"
      }
    },
    {
      "type": "Feature",
      "geometry": {
        "type": "Point",
        "coordinates": [
          134.047797,
          34.3523966
        ]
      },
      "properties": {
        "stream_title": "サンポート高松ライブカメラ - YouTube",
        "stream_url": "https://www.youtube.com/watch?v=SQkm4hLoRb0",
        "stream_status": "TRUE",
        "stream_type": "video",
        "is_rewind": "TRUE",
        "category": "海岸",
        "poi": "サンポート高松",
        "poi_detail": "",
        "provider": "サンポート高松ライブカメラ by CMS - YouTube",
        "provider_url": "https://www.youtube.com/@byCMS",
        "address": "香川県高松市サンポート2-1",
        "last_updated": "2024-04-19 15:07:11"
      }
    },
    {
      "type": "Feature",
      "geometry": {
        "type": "Point",
        "coordinates": [
          134.092133,
          34.266706
        ]
      },
      "properties": {
        "stream_title": "川島カメラ",
        "stream_url": "https://www.cavy.co.jp/webcam/index.php?id=2",
        "stream_status": "TRUE",
        "stream_type": "image",
        "is_rewind": "FALSE",
        "category": "海岸",
        "poi": "川島",
        "poi_detail": "川島小学校",
        "provider": "ケーブルメディア四国",
        "provider_url": "https://www.cavy.co.jp/camera/",
        "address": "香川県高松市川島東町864-1",
        "last_updated": "2024-04-19 15:09:59"
      }
    },
    {
      "type": "Feature",
      "geometry": {
        "type": "Point",
        "coordinates": [
          134.004286,
          34.351236
        ]
      },
      "properties": {
        "stream_title": "愛染川カメラ",
        "stream_url": "https://www.cavy.co.jp/camera/",
        "stream_status": "TRUE",
        "stream_type": "image",
        "is_rewind": "FALSE",
        "category": "河川",
        "poi": "愛染川",
        "poi_detail": "香西ポンプ場",
        "provider": "ケーブルメディア四国",
        "provider_url": "https://www.cavy.co.jp/camera/",
        "address": "香川県高松市香西本町",
        "last_updated": "2024-04-20 16:20:37"
      }
    },
    {
      "type": "Feature",
      "geometry": {
        "type": "Point",
        "coordinates": [
          134.034463,
          34.348535
        ]
      },
      "properties": {
        "stream_title": "高松漁港カメラ",
        "stream_url": "https://www.cavy.co.jp/webcam/index.php?id=4",
        "stream_status": "TRUE",
        "stream_type": "image",
        "is_rewind": "FALSE",
        "category": "海岸",
        "poi": "高松漁港",
        "poi_detail": "西部分団第2屯所",
        "provider": "ケーブルメディア四国",
        "provider_url": "https://www.cavy.co.jp/camera/",
        "address": "香川県高松市瀬戸内町49",
        "last_updated": "2024-04-20 15:48:15"
      }
    },
    {
      "type": "Feature",
      "geometry": {
        "type": "Point",
        "coordinates": [
          134.06781,
          34.3396895
        ]
      },
      "properties": {
        "stream_title": "御坊川カメラ",
        "stream_url": "https://www.cavy.co.jp/webcam/index.php?id=5",
        "stream_status": "TRUE",
        "stream_type": "image",
        "is_rewind": "FALSE",
        "category": "河川",
        "poi": "御坊川",
        "poi_detail": "ロイヤルケア高松",
        "provider": "ケーブルメディア四国",
        "provider_url": "https://www.cavy.co.jp/camera/",
        "address": "香川県高松市福岡町四丁目28-27",
        "last_updated": "2024-04-20 15:49:52"
      }
    },
    {
      "type": "Feature",
      "geometry": {
        "type": "Point",
        "coordinates": [
          134.091682,
          34.328642
        ]
      },
      "properties": {
        "stream_title": "新川カメラ",
        "stream_url": "https://www.cavy.co.jp/webcam/index.php?id=6",
        "stream_status": "TRUE",
        "stream_type": "image",
        "is_rewind": "FALSE",
        "category": "河川",
        "poi": "新川",
        "poi_detail": "STNet",
        "provider": "ケーブルメディア四国",
        "provider_url": "https://www.cavy.co.jp/camera/",
        "address": "香川県高松市春日町1735-3",
        "last_updated": "2024-04-20 15:55:42"
      }
    },
    {
      "type": "Feature",
      "geometry": {
        "type": "Point",
        "coordinates": [
          133.946503,
          34.364798
        ]
      },
      "properties": {
        "stream_title": "亀水川カメラ",
        "stream_url": "https://www.cavy.co.jp/webcam/index.php?id=7",
        "stream_status": "TRUE",
        "stream_type": "image",
        "is_rewind": "FALSE",
        "category": "河川",
        "poi": "亀水川",
        "poi_detail": "旧下笠居西部保育所",
        "provider": "ケーブルメディア四国",
        "provider_url": "https://www.cavy.co.jp/camera/",
        "address": "香川県高松市亀水町1424-2",
        "last_updated": "2024-04-20 16:01:37"
      }
    },
    {
      "type": "Feature",
      "geometry": {
        "type": "Point",
        "coordinates": [
          134.028799,
          34.3463588
        ]
      },
      "properties": {
        "stream_title": "擂鉢谷川カメラ",
        "stream_url": "https://www.cavy.co.jp/webcam/index.php?id=8",
        "stream_status": "TRUE",
        "stream_type": "image",
        "is_rewind": "FALSE",
        "category": "河川",
        "poi": "擂鉢谷川",
        "poi_detail": "西部ポンプ場",
        "provider": "ケーブルメディア四国",
        "provider_url": "https://www.cavy.co.jp/camera/",
        "address": "香川県高松市瀬戸内町15-6",
        "last_updated": "2024-04-20 16:02:52"
      }
    },
    {
      "type": "Feature",
      "geometry": {
        "type": "Point",
        "coordinates": [
          134.109149,
          34.361222
        ]
      },
      "properties": {
        "stream_title": "屋島東町カメラ",
        "stream_url": "https://www.cavy.co.jp/webcam/index.php?id=9",
        "stream_status": "TRUE",
        "stream_type": "image",
        "is_rewind": "FALSE",
        "category": "道路",
        "poi": "屋島東町",
        "poi_detail": "屋島東小学校屋上",
        "provider": "ケーブルメディア四国",
        "provider_url": "https://www.cavy.co.jp/camera/",
        "address": "香川県高松市屋島東町942-1",
        "last_updated": "2024-04-20 16:17:42"
      }
    },
    {
      "type": "Feature",
      "geometry": {
        "type": "Point",
        "coordinates": [
          134.142566,
          34.377396
        ]
      },
      "properties": {
        "stream_title": "庵治カメラ",
        "stream_url": "https://www.cavy.co.jp/webcam/index.php?id=10",
        "stream_status": "TRUE",
        "stream_type": "image",
        "is_rewind": "FALSE",
        "category": "海岸",
        "poi": "庵治",
        "poi_detail": "高松市消防団庵治分団 第2部王の下屯所",
        "provider": "ケーブルメディア四国",
        "provider_url": "https://www.cavy.co.jp/camera/",
        "address": "香川県高松市庵治町",
        "last_updated": "2024-04-20 16:18:40"
      }
    },
    {
      "type": "Feature",
      "geometry": {
        "type": "Point",
        "coordinates": [
          133.966505,
          34.315284
        ]
      },
      "properties": {
        "stream_title": "国分寺カメラ",
        "stream_url": "https://www.cavy.co.jp/webcam/index.php?id=11",
        "stream_status": "TRUE",
        "stream_type": "image",
        "is_rewind": "FALSE",
        "category": "河川",
        "poi": "国分寺",
        "poi_detail": "高松市立新居公民館",
        "provider": "ケーブルメディア四国",
        "provider_url": "https://www.cavy.co.jp/camera/",
        "address": "香川県高松市国分寺町新居1820-1",
        "last_updated": "2024-04-20 16:20:32"
      }
    },
    {
      "type": "Feature",
      "geometry": {
        "type": "Point",
        "coordinates": [
          140.68801,
          42.805036
        ]
      },
      "properties": {
        "stream_title": "ニセコアンヌプリ国際スキー場",
        "stream_url": "https://annupuri.info/live/cam-1.jpg",
        "stream_status": "TRUE",
        "stream_type": "image",
        "is_rewind": "FALSE",
        "category": "山岳",
        "poi": "ニセコアンヌプリ国際スキー場",
        "poi_detail": "",
        "provider": "ニセコユナイテッド",
        "provider_url": "https://www.niseko.ne.jp/ja/livecamera/",
        "address": "北海道虻田郡ニセコ町字ニセコ485",
        "last_updated": "2024-04-21 13:52:12"
      }
    },
    {
      "type": "Feature",
      "geometry": {
        "type": "Point",
        "coordinates": [
          140.68801,
          42.805036
        ]
      },
      "properties": {
        "stream_title": "ニセコビレッジ（ニセコゴンドラ山麓駅舎）Niseko Village (Niseko Gondola Base Station Building) - YouTube",
        "stream_url": "https://www.youtube.com/watch?v=w_173GPVnwA",
        "stream_status": "TRUE",
        "stream_type": "video",
        "is_rewind": "TRUE",
        "category": "山岳",
        "poi": "ニセコビレッジ（ニセコゴンドラ山麓駅舎）",
        "poi_detail": "",
        "provider": "niseko village公式チャンネル - YouTube",
        "provider_url": "https://www.youtube.com/@PureZipLine/streams",
        "address": "北海道虻田郡ニセコ町字東山",
        "last_updated": "2024-04-21 13:56:36"
      }
    },
    {
      "type": "Feature",
      "geometry": {
        "type": "Point",
        "coordinates": [
          141.347907,
          43.0639406
        ]
      },
      "properties": {
        "stream_title": "ニセコビレッジ　(ザ・グリーンリーフ隣接コース)Niseko Village (Adjacent to The Green Leaf Course) - YouTube",
        "stream_url": "https://www.youtube.com/watch?v=ZYVfZpXO2_8",
        "stream_status": "TRUE",
        "stream_type": "video",
        "is_rewind": "FALSE",
        "category": "山岳",
        "poi": "ニセコビレッジ　(ザ・グリーンリーフ隣接コース)",
        "poi_detail": "",
        "provider": "niseko village公式チャンネル - YouTube",
        "provider_url": "https://www.youtube.com/@PureZipLine/streams",
        "address": "北海道 虻田郡虻田郡ニセコ町東山 温泉",
        "last_updated": "2024-04-21 13:57:32"
      }
    },
    {
      "type": "Feature",
      "geometry": {
        "type": "Point",
        "coordinates": [
          140.70554,
          42.884514
        ]
      },
      "properties": {
        "stream_title": "[4K] Live Camera - Niseko Hanazono Resort - YouTube",
        "stream_url": "https://www.youtube.com/watch?v=1ksmiy6EsDo",
        "stream_status": "TRUE",
        "stream_type": "video",
        "is_rewind": "FALSE",
        "category": "山岳",
        "poi": "ニセコHANAZONOリゾート",
        "poi_detail": "",
        "provider": "Hanazono Niseko Resort ニセコ HANAZONOリゾート - YouTube",
        "provider_url": "https://www.youtube.com/@HanazonoYoutube",
        "address": "北海道虻田郡倶知安町字岩尾別328-36",
        "last_updated": "2024-04-21 14:01:05"
      }
    },
    {
      "type": "Feature",
      "geometry": {
        "type": "Point",
        "coordinates": [
          138.999055,
          36.67865
        ]
      },
      "properties": {
        "stream_title": "ノルン水上スキー場ライブカメラ",
        "stream_url": "https://www.norn.co.jp/livecamera/index.html",
        "stream_status": "TRUE",
        "stream_type": "image",
        "is_rewind": "FALSE",
        "category": "山岳",
        "poi": "ノルン水上スキー場",
        "poi_detail": "",
        "provider": "ノルン水上スキー場",
        "provider_url": "https://www.norn.co.jp/",
        "address": "群馬県利根郡みなかみ町寺間479-139",
        "last_updated": "2024-04-21 14:06:16"
      }
    },
    {
      "type": "Feature",
      "geometry": {
        "type": "Point",
        "coordinates": [
          127.680975,
          26.212365
        ]
      },
      "properties": {
        "stream_title": "ライブカメラ | 【公式】ザ･ブセナテラス | 沖縄リゾートホテル",
        "stream_url": "https://www.terrace.co.jp/busena/livecam/",
        "stream_status": "TRUE",
        "stream_type": "image",
        "is_rewind": "FALSE",
        "category": "海岸",
        "poi": "ザ･ブセナテラス | 沖縄リゾートホテル",
        "poi_detail": "",
        "provider": "【公式】ザ･ブセナテラス | 沖縄リゾートホテル",
        "provider_url": "https://www.terrace.co.jp/busena/",
        "address": "沖縄県名護市喜瀬1808",
        "last_updated": "2024-04-21 15:19:00"
      }
    },
    {
      "type": "Feature",
      "geometry": {
        "type": "Point",
        "coordinates": [
          141.07112,
          39.956511
        ]
      },
      "properties": {
        "stream_title": "APPI Kogen Ski Resort Live Camera - YouTube",
        "stream_url": "https://www.youtube.com/watch?v=0fd5xst6JUA",
        "stream_status": "FALSE",
        "stream_type": "video",
        "is_rewind": "TRUE",
        "category": "山岳",
        "poi": "安比高原スキー場ゲレンデ山麓",
        "poi_detail": "",
        "provider": "APPI Kogen Ski Resort ",
        "provider_url": "https://www.appi.co.jp/live_camera",
        "address": "岩手県八幡平市安比高原117",
        "last_updated": "2024-04-21 15:22:19"
      }
    },
    {
      "type": "Feature",
      "geometry": {
        "type": "Point",
        "coordinates": [
          141.07112,
          39.956511
        ]
      },
      "properties": {
        "stream_title": "APPI Kogen Ski Resort Live Camera @ TOP - YouTube",
        "stream_url": "https://www.youtube.com/watch?v=N6bv3FcZMXo",
        "stream_status": "FALSE",
        "stream_type": "video",
        "is_rewind": "TRUE",
        "category": "山岳",
        "poi": "安比高原スキー場山頂",
        "poi_detail": "",
        "provider": "APPI Kogen Ski Resort ",
        "provider_url": "https://www.appi.co.jp/live_camera",
        "address": "岩手県八幡平市安比高原117",
        "last_updated": "2024-04-21 15:23:19"
      }
    },
    {
      "type": "Feature",
      "geometry": {
        "type": "Point",
        "coordinates": [
          139.698204,
          36.719861
        ]
      },
      "properties": {
        "stream_title": "エーデルワイススキーリゾート",
        "stream_url": "https://edelsnow.com/live_camera.php",
        "stream_status": "TRUE",
        "stream_type": "image",
        "is_rewind": "FALSE",
        "category": "山岳",
        "poi": "エーデルワイススキーリゾート",
        "poi_detail": "",
        "provider": "エーデルワイススキーリゾート",
        "provider_url": "https://edelsnow.com/live_camera.php",
        "address": "栃木県日光市川治温泉高原鶏頂山",
        "last_updated": "2024-04-21 15:26:39"
      }
    },
    {
      "type": "Feature",
      "geometry": {
        "type": "Point",
        "coordinates": [
          140.121008,
          37.01977
        ]
      },
      "properties": {
        "stream_title": "国道4号 栃福橋",
        "stream_url": "https://www.ktr.mlit.go.jp/utunomiya/utunomiya_livecamera001.html",
        "stream_status": "TRUE",
        "stream_type": "image",
        "is_rewind": "FALSE",
        "category": "道路",
        "poi": "栃福橋",
        "poi_detail": "",
        "provider": "宇都宮国道事務所",
        "provider_url": "https://www.ktr.mlit.go.jp/utunomiya/utunomiya_index002.html",
        "address": "栃木県那須郡那須町大字豊原598",
        "last_updated": "2024-04-21 16:44:24"
      }
    },
    {
      "type": "Feature",
      "geometry": {
        "type": "Point",
        "coordinates": [
          140.121008,
          37.01977
        ]
      },
      "properties": {
        "stream_title": "国道4号　栃福橋南",
        "stream_url": "https://ktr.mlit.go.jp/utunomiya/utunomiya00306.html",
        "stream_status": "TRUE",
        "stream_type": "image",
        "is_rewind": "FALSE",
        "category": "道路",
        "poi": "栃福橋南",
        "poi_detail": "",
        "provider": "宇都宮国道事務所",
        "provider_url": "https://www.ktr.mlit.go.jp/utunomiya/utunomiya_index002.html",
        "address": "栃木県那須郡那須町大字豊原乙1958-1",
        "last_updated": "2024-04-21 16:51:51"
      }
    },
    {
      "type": "Feature",
      "geometry": {
        "type": "Point",
        "coordinates": [
          140.121008,
          37.01977
        ]
      },
      "properties": {
        "stream_title": "国道4号　柏沼チェーン着脱所",
        "stream_url": "https://www.ktr.mlit.go.jp/utunomiya/utunomiya00307.html",
        "stream_status": "TRUE",
        "stream_type": "image",
        "is_rewind": "FALSE",
        "category": "道路",
        "poi": "柏沼チェーン着脱所",
        "poi_detail": "",
        "provider": "宇都宮国道事務所",
        "provider_url": "https://www.ktr.mlit.go.jp/utunomiya/utunomiya_index002.html",
        "address": "栃木県那須郡那須町郡那須郡那須町豊原223",
        "last_updated": "2024-04-21 17:04:58"
      }
    },
    {
      "type": "Feature",
      "geometry": {
        "type": "Point",
        "coordinates": [
          137.691534,
          35.842455
        ]
      },
      "properties": {
        "stream_title": "ライブカメラ | 開田高原公式ページ",
        "stream_url": "https://kaidakogen.jp/livecamera/",
        "stream_status": "TRUE",
        "stream_type": "image",
        "is_rewind": "FALSE",
        "category": "山岳",
        "poi": "開田高原",
        "poi_detail": "開田高原　一本木亭",
        "provider": "開田高原公式ホームページ",
        "provider_url": "https://kaidakogen.jp/",
        "address": "長野県木曽郡木曽町開田高原末川5552-8",
        "last_updated": "2024-04-21 16:52:43"
      }
    },
    {
      "type": "Feature",
      "geometry": {
        "type": "Point",
        "coordinates": [
          140.467734,
          37.749957
        ]
      },
      "properties": {
        "stream_title": "Live Camera Axis M1135 - YouTube",
        "stream_url": "https://www.youtube.com/watch?v=NOg7HEJdj1M",
        "stream_status": "FALSE",
        "stream_type": "video",
        "is_rewind": "TRUE",
        "category": "道路",
        "poi": "株式会社カナン前の道路",
        "poi_detail": "株式会社カナン",
        "provider": "株式会社カナン",
        "provider_url": "https://kanan-hatori.co.jp/",
        "address": "福島県岩瀬郡岩瀬郡天栄村田良尾芝草1-3795",
        "last_updated": "2024-04-21 16:56:33"
      }
    },
    {
      "type": "Feature",
      "geometry": {
        "type": "Point",
        "coordinates": [
          138.841075,
          36.589843
        ]
      },
      "properties": {
        "stream_title": "四万温泉 柏屋カフェ周辺（新湯地区、桐木平商店街）のライブ映像",
        "stream_url": "https://www.onsen-cafe.com/camera",
        "stream_status": "TRUE",
        "stream_type": "image",
        "is_rewind": "FALSE",
        "category": "河川",
        "poi": "四万ブルーの四万川",
        "poi_detail": "四万温泉 柏屋カフェ",
        "provider": "四万温泉柏屋カフェ、四万温泉でランチ、スイーツ、コーヒー",
        "provider_url": "https://www.onsen-cafe.com/",
        "address": "群馬県吾妻郡中之条町四万4237-45",
        "last_updated": "2024-04-21 17:21:48"
      }
    },
    {
      "type": "Feature",
      "geometry": {
        "type": "Point",
        "coordinates": [
          138.841075,
          36.589843
        ]
      },
      "properties": {
        "stream_title": "ライブカメラ | 群馬 四万温泉柏屋旅館【公式サイト】",
        "stream_url": "https://www.kashiwaya.org/live/",
        "stream_status": "TRUE",
        "stream_type": "image",
        "is_rewind": "FALSE",
        "category": "道路",
        "poi": "四万温泉柏屋旅館",
        "poi_detail": "",
        "provider": "四万温泉柏屋旅館 貸切露天風呂が人気の群馬県の温泉旅館 | 公式サイト",
        "provider_url": "https://www.kashiwaya.org/",
        "address": "群馬県吾妻郡中之条町四万3829",
        "last_updated": "2024-04-21 17:22:30"
      }
    },
    {
      "type": "Feature",
      "geometry": {
        "type": "Point",
        "coordinates": [
          136.469361,
          35.008765
        ]
      },
      "properties": {
        "stream_title": "ライブカメラ | 御在所ロープウエイ",
        "stream_url": "https://www.gozaisho.co.jp/livecamera/",
        "stream_status": "TRUE",
        "stream_type": "image",
        "is_rewind": "FALSE",
        "category": "山岳",
        "poi": "御在所ロープウエイ",
        "poi_detail": "御在所ロープウエイ山上公園駅",
        "provider": "御在所ロープウエイ | 三重県菰野町 湯の山温泉 | 広がる大自然、大パノラマ、15分間の空中散歩",
        "provider_url": "https://www.gozaisho.co.jp/",
        "address": "三重県三重郡菰野町大字菰野 ロープウェイ山上公園駅",
        "last_updated": "2024-04-21 17:27:41"
      }
    },
    {
      "type": "Feature",
      "geometry": {
        "type": "Point",
        "coordinates": [
          138.253485,
          37.025265
        ]
      },
      "properties": {
        "stream_title": "赤倉観光リゾートスキー場｜ライブカメラ詳細｜上越妙高タウン情報",
        "stream_url": "https://www.joetsu.ne.jp/livecamera-detail?cid=59",
        "stream_status": "TRUE",
        "stream_type": "image",
        "is_rewind": "FALSE",
        "category": "山岳",
        "poi": "赤倉観光リゾートスキー場",
        "poi_detail": "",
        "provider": "ライブカメラ | 上越妙高タウン情報",
        "provider_url": "https://www.joetsu.ne.jp/livecamera",
        "address": "新潟県妙高市田切216",
        "last_updated": "2024-04-22 11:44:55"
      }
    },
    {
      "type": "Feature",
      "geometry": {
        "type": "Point",
        "coordinates": [
          137.686649,
          36.221169
        ]
      },
      "properties": {
        "stream_title": "ライブカメラ ｜ 上高地西糸屋山荘オフィシャルページ",
        "stream_url": "https://www.nishiitoya.com/camera/",
        "stream_status": "TRUE",
        "stream_type": "image",
        "is_rewind": "TRUE",
        "category": "山岳",
        "poi": "",
        "poi_detail": "上高地西糸屋山荘",
        "provider": "上高地西糸屋山荘オフィシャルページ",
        "provider_url": "https://www.nishiitoya.com/",
        "address": "長野県松本市安曇上高地4469-1",
        "last_updated": "2024-04-22 11:47:42"
      }
    },
    {
      "type": "Feature",
      "geometry": {
        "type": "Point",
        "coordinates": [
          138.158896,
          35.995571
        ]
      },
      "properties": {
        "stream_title": "ライブカメラ | 長野の別荘地ならアルピコ蓼科高原リゾート【公式】",
        "stream_url": "https://www.alpico.co.jp/tateshina/livecamera/",
        "stream_status": "TRUE",
        "stream_type": "image",
        "is_rewind": "FALSE",
        "category": "道路",
        "poi": "",
        "poi_detail": "蓼科高原別荘地",
        "provider": "長野の別荘地ならアルピコ蓼科高原リゾート【公式】",
        "provider_url": "https://www.alpico.co.jp/tateshina/",
        "address": "長野県茅野市北山蓼科4035-2016",
        "last_updated": "2024-04-22 11:57:50"
      }
    },
    {
      "type": "Feature",
      "geometry": {
        "type": "Point",
        "coordinates": [
          135.348108,
          33.678188
        ]
      },
      "properties": {
        "stream_title": "ライブカメラ | 白浜・白良浜まで徒歩1分｜ 【公式】白浜温泉の旅館 むさし",
        "stream_url": "https://www.yado-musashi.co.jp/camera/",
        "stream_status": "TRUE",
        "stream_type": "video",
        "is_rewind": "FALSE",
        "category": "海岸",
        "poi": "白良浜",
        "poi_detail": "",
        "provider": "【公式】白浜温泉の旅館 むさし",
        "provider_url": "https://www.yado-musashi.co.jp/camera/",
        "address": "和歌山県西牟婁郡白浜町868",
        "last_updated": "2024-04-22 12:01:57"
      }
    },
    {
      "type": "Feature",
      "geometry": {
        "type": "Point",
        "coordinates": [
          138.383023,
          34.976906
        ]
      },
      "properties": {
        "stream_title": "ザザシティ浜松　24時間ライブカメラ　（ワイド固定） - YouTube",
        "stream_url": "https://www.youtube.com/watch?v=ZpeR0ra_YMY",
        "stream_status": "TRUE",
        "stream_type": "video",
        "is_rewind": "TRUE",
        "category": "道路",
        "poi": "鍛冶町通りスクランブル交差点",
        "poi_detail": "",
        "provider": "ZAZAマガジンチャンネル - YouTube",
        "provider_url": "https://www.youtube.com/@zaza6075",
        "address": "静岡県浜松市中区鍛冶町430 093",
        "last_updated": "2024-04-22 12:15:37"
      }
    },
    {
      "type": "Feature",
      "geometry": {
        "type": "Point",
        "coordinates": [
          138.383023,
          34.976906
        ]
      },
      "properties": {
        "stream_title": "気田川（けたがわ）24hライブカメラ｜気田川漁業協同組合より配信（音声付）春野町・鮎の故郷・すみれの花咲く頃　　（防災カメラとしてもお役立て下さい） - YouTube",
        "stream_url": "https://www.youtube.com/watch?v=0lvLYEbuK8A",
        "stream_status": "TRUE",
        "stream_type": "video",
        "is_rewind": "TRUE",
        "category": "河川",
        "poi": "気田川",
        "poi_detail": "気田川漁業協同組合の屋上塔屋",
        "provider": "ZAZAマガジンチャンネル - YouTube",
        "provider_url": "https://www.youtube.com/@zaza6076",
        "address": "静岡県浜松市天竜区春野町堀之内1010-2",
        "last_updated": "2024-04-22 12:30:14"
      }
    },
    {
      "type": "Feature",
      "geometry": {
        "type": "Point",
        "coordinates": [
          138.383023,
          34.976906
        ]
      },
      "properties": {
        "stream_title": "浜名湖 舞阪漁港 浜名大橋24hライブカメラ「魚あら」より配信 - YouTube",
        "stream_url": "https://www.youtube.com/watch?v=ubM5PnMsacc",
        "stream_status": "TRUE",
        "stream_type": "video",
        "is_rewind": "TRUE",
        "category": "河川",
        "poi": "浜名湖",
        "poi_detail": "活魚料理「魚あら」",
        "provider": "ZAZAマガジンチャンネル - YouTube",
        "provider_url": "https://www.youtube.com/@zaza6077",
        "address": "静岡県浜松市中央区舞阪町舞阪2119-12",
        "last_updated": "2024-04-22 12:40:02"
      }
    },
    {
      "type": "Feature",
      "geometry": {
        "type": "Point",
        "coordinates": [
          138.383023,
          34.976906
        ]
      },
      "properties": {
        "stream_title": "はままつフラワーパーク　ライブカメラ 24h配信中 - YouTube",
        "stream_url": "https://www.youtube.com/watch?v=CSJ-pbEj69o",
        "stream_status": "TRUE",
        "stream_type": "video",
        "is_rewind": "TRUE",
        "category": "観光",
        "poi": "はままつフラワーパーク",
        "poi_detail": "クリスタルパレス（大温室）",
        "provider": "ZAZAマガジンチャンネル - YouTube",
        "provider_url": "https://www.youtube.com/@zaza6078",
        "address": "静岡県浜松市中央区舘山寺町 195",
        "last_updated": "2024-04-22 12:30:16"
      }
    },
    {
      "type": "Feature",
      "geometry": {
        "type": "Point",
        "coordinates": [
          138.383023,
          34.976906
        ]
      },
      "properties": {
        "stream_title": "浜名湖ガーデンパーク　ライブ24h配信　PTZカメラ - YouTube",
        "stream_url": "https://www.youtube.com/watch?v=ZCssl60VdY0",
        "stream_status": "TRUE",
        "stream_type": "video",
        "is_rewind": "TRUE",
        "category": "河川",
        "poi": "浜名湖ガーデンパーク",
        "poi_detail": "",
        "provider": "ZAZAマガジンチャンネル - YouTube",
        "provider_url": "https://www.youtube.com/@zaza6079",
        "address": "静岡県浜松市中央区村櫛町5475-1",
        "last_updated": "2024-04-22 12:30:17"
      }
    },
    {
      "type": "Feature",
      "geometry": {
        "type": "Point",
        "coordinates": [
          138.383023,
          34.976906
        ]
      },
      "properties": {
        "stream_title": "JR浜松駅南口（新幹線口）24時間ライブカメラ - YouTube",
        "stream_url": "https://www.youtube.com/watch?v=2RUChKtPxaY",
        "stream_status": "TRUE",
        "stream_type": "video",
        "is_rewind": "TRUE",
        "category": "鉄道",
        "poi": "JR浜松駅　南口　(新幹線口）",
        "poi_detail": "",
        "provider": "ZAZAマガジンチャンネル - YouTube",
        "provider_url": "https://www.youtube.com/@zaza6080",
        "address": "静岡県浜松市中央区砂山町324-8",
        "last_updated": "2024-04-22 12:30:18"
      }
    },
    {
      "type": "Feature",
      "geometry": {
        "type": "Point",
        "coordinates": [
          139.691717,
          35.689568
        ]
      },
      "properties": {
        "stream_title": "浅草寺の境内（本堂側）Precincts of Sensoji Temple (to Main Hall) - YouTube",
        "stream_url": "https://www.youtube.com/watch?v=nOk4cd0kkp8",
        "stream_status": "TRUE",
        "stream_type": "video",
        "is_rewind": "FALSE",
        "category": "観光",
        "poi": "浅草寺の境内（本堂側）",
        "poi_detail": "",
        "provider": "宗教法人 浅草寺 公式チャンネル (Sensoji Temple) - YouTube",
        "provider_url": "https://www.youtube.com/@sensojitemple1078",
        "address": "東京都台東区浅草二丁目3-1",
        "last_updated": "2024-04-22 12:28:53"
      }
    },
    {
      "type": "Feature",
      "geometry": {
        "type": "Point",
        "coordinates": [
          139.691717,
          35.689568
        ]
      },
      "properties": {
        "stream_title": "浅草寺の境内（雷門側）Precincts of Sensoji Temple (to Kaminarimon) - YouTube",
        "stream_url": "https://www.youtube.com/watch?v=hBiBadOukZA",
        "stream_status": "TRUE",
        "stream_type": "video",
        "is_rewind": "FALSE",
        "category": "観光",
        "poi": "浅草寺の境内（雷門側）",
        "poi_detail": "",
        "provider": "宗教法人 浅草寺 公式チャンネル (Sensoji Temple) - YouTube",
        "provider_url": "https://www.youtube.com/@sensojitemple1079",
        "address": "東京都台東区浅草二丁目3-1",
        "last_updated": "2024-04-22 12:30:30"
      }
    },
    {
      "type": "Feature",
      "geometry": {
        "type": "Point",
        "coordinates": [
          139.501533,
          35.778537
        ]
      },
      "properties": {
        "stream_title": "【空堀川】中里映像監視局［清瀬市野塩］ - YouTube",
        "stream_url": "https://www.youtube.com/watch?v=dLsuCS_w0-8",
        "stream_status": "TRUE",
        "stream_type": "video",
        "is_rewind": "FALSE",
        "category": "河川",
        "poi": "空堀川",
        "poi_detail": "",
        "provider": "東京都水防チャンネル - YouTube",
        "provider_url": "https://www.youtube.com/@TokyoSuibou",
        "address": "東京都清瀬市野塩一丁目",
        "last_updated": "2024-04-22 12:37:23"
      }
    },
    {
      "type": "Feature",
      "geometry": {
        "type": "Point",
        "coordinates": [
          139.529673,
          35.757992
        ]
      },
      "properties": {
        "stream_title": "【落合川】立野二の橋映像監視局［東久留米市本町1］ - YouTube",
        "stream_url": "https://www.youtube.com/watch?v=3Lgz7df1nqE",
        "stream_status": "TRUE",
        "stream_type": "video",
        "is_rewind": "FALSE",
        "category": "河川",
        "poi": "落合川",
        "poi_detail": "",
        "provider": "東京都水防チャンネル - YouTube",
        "provider_url": "https://www.youtube.com/@TokyoSuibou",
        "address": "東京都東久留米市本町一丁目9",
        "last_updated": "2024-04-22 12:39:57"
      }
    },
    {
      "type": "Feature",
      "geometry": {
        "type": "Point",
        "coordinates": [
          139.540683,
          35.650628
        ]
      },
      "properties": {
        "stream_title": "【野川】馬橋映像監視局［調布市国領2］ - YouTube",
        "stream_url": "https://www.youtube.com/watch?v=P1DyrZjDrcM",
        "stream_status": "TRUE",
        "stream_type": "video",
        "is_rewind": "FALSE",
        "category": "河川",
        "poi": "野川",
        "poi_detail": "",
        "provider": "東京都水防チャンネル - YouTube",
        "provider_url": "https://www.youtube.com/@TokyoSuibou",
        "address": "東京都調布市国領町二丁目25-22",
        "last_updated": "2024-04-22 12:43:00"
      }
    },
    {
      "type": "Feature",
      "geometry": {
        "type": "Point",
        "coordinates": [
          139.294046,
          35.728959
        ]
      },
      "properties": {
        "stream_title": "【養沢川】小宮ふるさと自然学校映像監視局［あきる野乙津］ - YouTube",
        "stream_url": "https://www.youtube.com/watch?v=2Hl_YCgM0g8",
        "stream_status": "TRUE",
        "stream_type": "video",
        "is_rewind": "FALSE",
        "category": "河川",
        "poi": "養沢川",
        "poi_detail": "",
        "provider": "東京都水防チャンネル - YouTube",
        "provider_url": "https://www.youtube.com/@TokyoSuibou",
        "address": "東京都あきる野市乙津1984",
        "last_updated": "2024-04-22 12:43:01"
      }
    },
    {
      "type": "Feature",
      "geometry": {
        "type": "Point",
        "coordinates": [
          135.519994,
          34.686394
        ]
      },
      "properties": {
        "stream_title": "【LIVE】 大阪　ライブカメラ　北新地本通　ダーリンビル - YouTube",
        "stream_url": "https://www.youtube.com/watch?v=Xtf16Aa2n3o",
        "stream_status": "TRUE",
        "stream_type": "video",
        "is_rewind": "FALSE",
        "category": "道路",
        "poi": "北新地本通　ダーリンビル",
        "poi_detail": "",
        "provider": "F.S.T. NET - YouTube",
        "provider_url": "https://www.youtube.com/@FSTNET-ro9cc",
        "address": "大阪府大阪市北区曾根崎新地1丁目7-12 ダーリンビル",
        "last_updated": "2024-04-23 22:14:20"
      }
    },
    {
      "type": "Feature",
      "geometry": {
        "type": "Point",
        "coordinates": [
          135.194948,
          34.689678
        ]
      },
      "properties": {
        "stream_title": "【LIVE】神戸ウォーターフロント ＃メリケンパーク＃神戸ポートタワー - YouTube",
        "stream_url": "https://www.youtube.com/watch?v=AU_2zfM4m68",
        "stream_status": "TRUE",
        "stream_type": "video",
        "is_rewind": "FALSE",
        "category": "観光",
        "poi": "メリケンパーク",
        "poi_detail": "",
        "provider": "神戸ウォーターフロント開発機構 - YouTube",
        "provider_url": "https://www.youtube.com/@user-em8uu2ur2o",
        "address": "兵庫県神戸市中央区波止場町2",
        "last_updated": "2024-04-23 22:18:06"
      }
    },
    {
      "type": "Feature",
      "geometry": {
        "type": "Point",
        "coordinates": [
          136.879505,
          35.1718559
        ]
      },
      "properties": {
        "stream_title": "【ライブカメラ】名古屋駅西口(太閤通口)/Nagoya station　West Gate - YouTube",
        "stream_url": "https://www.youtube.com/watch?v=UDIS1IgYkDo",
        "stream_status": "TRUE",
        "stream_type": "video",
        "is_rewind": "FALSE",
        "category": "鉄道",
        "poi": "名古屋駅西口",
        "poi_detail": "井門名古屋ビル",
        "provider": "[公式]スターキャット - YouTube",
        "provider_url": "https://www.youtube.com/@starcatofficial",
        "address": "愛知県名古屋市中村区椿町1-16",
        "last_updated": "2024-04-23 22:29:11"
      }
    },
    {
      "type": "Feature",
      "geometry": {
        "type": "Point",
        "coordinates": [
          139.78678,
          35.62885
        ]
      },
      "properties": {
        "stream_title": "【有明ライブカメラ】 LIVE Scenery overlooking land, sea and sky, Tokyo JAPAN / Tokyo Bay / Live cam - YouTube",
        "stream_url": "https://www.youtube.com/watch?v=_ByNEL0Ton4",
        "stream_status": "TRUE",
        "stream_type": "video",
        "is_rewind": "TRUE",
        "category": "河川",
        "poi": "有明ジャンクション",
        "poi_detail": "",
        "provider": "EN DAIBA GLOBAL - YouTube",
        "provider_url": "https://www.youtube.com/@ENDAIBAGLOBAL",
        "address": "東京都江東区有明三丁目1",
        "last_updated": "2024-04-23 22:31:44"
      }
    },
    {
      "type": "Feature",
      "geometry": {
        "type": "Point",
        "coordinates": [
          139.773646,
          35.6278316
        ]
      },
      "properties": {
        "stream_title": "【東京湾ライブカメラ】 LIVE Tokyo Bay, Traffic between ships and planes - Sea and Sky / japan travel / Live cam - YouTube",
        "stream_url": "https://www.youtube.com/watch?v=qMDxy_qbdtE",
        "stream_status": "TRUE",
        "stream_type": "video",
        "is_rewind": "FALSE",
        "category": "海岸",
        "poi": "東京湾",
        "poi_detail": "",
        "provider": "EN DAIBA GLOBAL - YouTube",
        "provider_url": "https://www.youtube.com/@ENDAIBAGLOBAL",
        "address": "東京都港区台場一丁目4",
        "last_updated": "2024-04-24 13:43:35"
      }
    },
    {
      "type": "Feature",
      "geometry": {
        "type": "Point",
        "coordinates": [
          138.568379,
          35.663935
        ]
      },
      "properties": {
        "stream_title": "身延七面山ライブカメラ配信 - YouTube",
        "stream_url": "https://www.youtube.com/watch?v=54NpKx_efis",
        "stream_status": "TRUE",
        "stream_type": "video",
        "is_rewind": "TRUE",
        "category": "山岳",
        "poi": "富士山",
        "poi_detail": "",
        "provider": "身延七面山ライブカメラ - YouTube",
        "provider_url": "https://www.youtube.com/@shichimensan-live",
        "address": "山梨県南巨摩郡早川町赤沢",
        "last_updated": "2024-04-24 13:47:07"
      }
    },
    {
      "type": "Feature",
      "geometry": {
        "type": "Point",
        "coordinates": [
          140.729108,
          41.768712
        ]
      },
      "properties": {
        "stream_title": "【LIVE】函館山ライブカメラ ／ Mt. Hakodate Ropeway Live Camera - YouTube",
        "stream_url": "https://www.youtube.com/watch?v=s--MDmshT3I",
        "stream_status": "TRUE",
        "stream_type": "video",
        "is_rewind": "FALSE",
        "category": "山岳",
        "poi": "",
        "poi_detail": "函館山",
        "provider": "ＦＭいるか - YouTube",
        "provider_url": "https://www.youtube.com/@FM807MHz",
        "address": "北海道函館市函館山",
        "last_updated": "2024-04-24 16:17:34"
      }
    },
    {
      "type": "Feature",
      "geometry": {
        "type": "Point",
        "coordinates": [
          135.755635,
          35.021279
        ]
      },
      "properties": {
        "stream_title": "【LIVE】🚅🇯🇵 京都駅 鉄道ライブカメラ JR東海 東海道新幹線カメラ 京都ライブカメラ ドクターイエローライブカメラ - YouTube",
        "stream_url": "https://www.youtube.com/watch?v=D30itjKa2go",
        "stream_status": "TRUE",
        "stream_type": "video",
        "is_rewind": "TRUE",
        "category": "鉄道",
        "poi": "京都駅",
        "poi_detail": "",
        "provider": "JR京都駅ライブカメラ(JR Kyoto Station LiveCam) - YouTube",
        "provider_url": "https://www.youtube.com/@JRKyotoStationLiveCam",
        "address": "京都府京都市下京区東塩小路釜殿町",
        "last_updated": "2024-04-24 16:24:27"
      }
    },
    {
      "type": "Feature",
      "geometry": {
        "type": "Point",
        "coordinates": [
          139.691717,
          35.689568
        ]
      },
      "properties": {
        "stream_title": "【LIVE】新宿猫の目線（新宿駅東口） ライブカメラ - YouTube",
        "stream_url": "https://www.youtube.com/watch?v=2JcOHCCV4MA",
        "stream_status": "TRUE",
        "stream_type": "video",
        "is_rewind": "FALSE",
        "category": "道路",
        "poi": "新宿駅東口広場",
        "poi_detail": "新宿東口",
        "provider": "【公式】クロス新宿ビジョン - YouTube",
        "provider_url": "https://www.youtube.com/@CROSSSPACE_ch",
        "address": "東京都新宿区新宿三丁目24",
        "last_updated": "2024-04-24 16:36:40"
      }
    },
    {
      "type": "Feature",
      "geometry": {
        "type": "Point",
        "coordinates": [
          139.691717,
          35.689568
        ]
      },
      "properties": {
        "stream_title": "24/7 LIVE配信　東京 浅草 隅田川ライブカメラ - YouTube",
        "stream_url": "https://www.youtube.com/watch?v=gohVImssDo0",
        "stream_status": "TRUE",
        "stream_type": "video",
        "is_rewind": "TRUE",
        "category": "河川",
        "poi": "",
        "poi_detail": "隅田川",
        "provider": "浅草LIVEcam - YouTube",
        "provider_url": "https://www.youtube.com/@livecam8217",
        "address": "東京都墨田区吾妻橋一丁目12-15",
        "last_updated": "2024-04-25 11:29:42"
      }
    },
    {
      "type": "Feature",
      "geometry": {
        "type": "Point",
        "coordinates": [
          136.883249,
          35.161858
        ]
      },
      "properties": {
        "stream_title": "【ライブカメラ】ささしまライブ/Sasashima Live - YouTube",
        "stream_url": "https://www.youtube.com/watch?v=9etGgTqEA4I",
        "stream_status": "TRUE",
        "stream_type": "video",
        "is_rewind": "FALSE",
        "category": "道路",
        "poi": "名古屋高速 5号万場線",
        "poi_detail": "愛知大学名古屋キャンパス",
        "provider": "[公式]スターキャット - YouTube",
        "provider_url": "https://www.youtube.com/@starcatofficial",
        "address": "愛知県名古屋市中村区平池町四丁目60-6",
        "last_updated": "2024-04-25 11:40:36"
      }
    },
    {
      "type": "Feature",
      "geometry": {
        "type": "Point",
        "coordinates": [
          140.878069,
          38.255503
        ]
      },
      "properties": {
        "stream_title": "[LIVE]仙台・東二番丁(五橋)ライブカメラ/Live streaming from Sendai-city,Japan - YouTube",
        "stream_url": "https://www.youtube.com/watch?v=9UNpXYB8rCQ",
        "stream_status": "TRUE",
        "stream_type": "video",
        "is_rewind": "FALSE",
        "category": "道路",
        "poi": "仙台市青葉区五",
        "poi_detail": "河北新報社",
        "provider": "河北新報オンライン - YouTube",
        "provider_url": "https://www.youtube.com/@KAHOKUSHIMPO",
        "address": "宮城県仙台市青葉区五橋一丁目2-28",
        "last_updated": "2024-04-25 11:47:40"
      }
    },
    {
      "type": "Feature",
      "geometry": {
        "type": "Point",
        "coordinates": [
          139.691717,
          35.689568
        ]
      },
      "properties": {
        "stream_title": "【LIVE】2024 Tokyo Shinjuku 新宿 大ガード交差点 Live Ch - YouTube",
        "stream_url": "https://www.youtube.com/watch?v=6dp-bvQ7RWo",
        "stream_status": "TRUE",
        "stream_type": "video",
        "is_rewind": "TRUE",
        "category": "道路",
        "poi": "新宿 大ガード交差点",
        "poi_detail": "",
        "provider": "【LIVE】新宿 大ガード交差点 Tokyo Shinjuku Live Ch - YouTube",
        "provider_url": "https://www.youtube.com/@livetokyoshinjukulivech5482",
        "address": "東京都新宿区西新宿一丁目2-1 ファイブケイビル",
        "last_updated": "2024-04-29 14:18:52"
      }
    },
    {
      "type": "Feature",
      "geometry": {
        "type": "Point",
        "coordinates": [
          140.815632,
          38.284359
        ]
      },
      "properties": {
        "stream_title": "[LIVE]仙台・北環状線(南吉成)ライブカメラ/Live streaming from Sendai-city,Japan - YouTube",
        "stream_url": "https://www.youtube.com/watch?v=ZwxSwqJX76o",
        "stream_status": "TRUE",
        "stream_type": "video",
        "is_rewind": "FALSE",
        "category": "道路",
        "poi": "仙台市北部の北環状線",
        "poi_detail": "新聞販売店・河北仙販吉成支店",
        "provider": "河北新報オンライン - YouTube",
        "provider_url": "https://www.youtube.com/@KAHOKUSHIMPO",
        "address": "宮城県仙台市青葉区南吉成六丁目2-2",
        "last_updated": "2024-04-29 14:18:12"
      }
    },
    {
      "type": "Feature",
      "geometry": {
        "type": "Point",
        "coordinates": [
          139.691717,
          35.689568
        ]
      },
      "properties": {
        "stream_title": "【東京タワー&鉄道ライブカメラ】東京 夜景 港区 六本木 Tokyo Tower & Railway Livecam | Live Camera | Japan |H.View Camera - YouTube",
        "stream_url": "https://www.youtube.com/watch?v=Tz8NEpxF6zY",
        "stream_status": "TRUE",
        "stream_type": "video",
        "is_rewind": "TRUE",
        "category": "その他",
        "poi": "東京タワーと鉄道各線",
        "poi_detail": "",
        "provider": "湘南ライブカメラ - YouTube",
        "provider_url": "https://www.youtube.com/@shonan-live",
        "address": "東京都港区芝四丁目8-2",
        "last_updated": "2024-04-29 14:25:18"
      }
    },
    {
      "type": "Feature",
      "geometry": {
        "type": "Point",
        "coordinates": [
          141.515577,
          43.223706
        ]
      },
      "properties": {
        "stream_title": "白樺公園ライブカメラ - YouTube",
        "stream_url": "https://www.youtube.com/watch?v=1ik7_dvknHI",
        "stream_status": "TRUE",
        "stream_type": "video",
        "is_rewind": "FALSE",
        "category": "その他",
        "poi": "白樺公園",
        "poi_detail": "",
        "provider": "TobetsuTown - YouTube",
        "provider_url": "https://www.youtube.com/@itjoho",
        "address": "北海道石狩郡当別町白樺町",
        "last_updated": "2024-04-29 14:39:36"
      }
    },
    {
      "type": "Feature",
      "geometry": {
        "type": "Point",
        "coordinates": [
          139.691717,
          35.689568
        ]
      },
      "properties": {
        "stream_title": "【ライブカメラ】羽田空港 \"T2\" HANEDA,Tokyo International Airport（日テレNEWS LIVE） - YouTube",
        "stream_url": "https://www.youtube.com/watch?v=x_fHq3B_UP4",
        "stream_status": "TRUE",
        "stream_type": "video",
        "is_rewind": "FALSE",
        "category": "空港",
        "poi": "羽田空港 第2ターミナル",
        "poi_detail": "",
        "provider": "日テレNEWS - YouTube",
        "provider_url": "https://www.youtube.com/@ntv_news",
        "address": "東京都大田区羽田空港三丁目4-2",
        "last_updated": "2024-04-29 14:44:05"
      }
    },
    {
      "type": "Feature",
      "geometry": {
        "type": "Point",
        "coordinates": [
          139.691717,
          35.689568
        ]
      },
      "properties": {
        "stream_title": "【LIVE】24時間　東京　新宿　歌舞伎町交差点　ライブカメラ / 24h Tokyo　Shinjuku　Kabukicho Live Camera【テイケイ屋上カメラ】 - YouTube",
        "stream_url": "https://www.youtube.com/watch?v=6bPfX9m7wVU",
        "stream_status": "FALSE",
        "stream_type": "video",
        "is_rewind": "TRUE",
        "category": "道路",
        "poi": "新宿区歌舞伎町交差点",
        "poi_detail": "テイケイ本社ビル屋上",
        "provider": "テイケイ公式チャンネル - YouTube",
        "provider_url": "https://www.youtube.com/@Teikei_Official",
        "address": "東京都新宿区歌舞伎町一丁目1-16 新宿ビル テイケイトレード",
        "last_updated": "2024-04-29 14:46:42"
      }
    },
    {
      "type": "Feature",
      "geometry": {
        "type": "Point",
        "coordinates": [
          141.35389,
          43.061414
        ]
      },
      "properties": {
        "stream_title": "札幌市ライブカメラ | lofi, beats to relax | 狸小路8丁目交差点 雪道・道路状況 - YouTube",
        "stream_url": "https://www.youtube.com/watch?v=CF1vS8DdBIk",
        "stream_status": "TRUE",
        "stream_type": "video",
        "is_rewind": "TRUE",
        "category": "道路",
        "poi": "北海道札幌市中央区の交差点",
        "poi_detail": "",
        "provider": "北海道暮らしの読みもの 札幌事務所 - YouTube",
        "provider_url": "https://www.youtube.com/@hokkaidodo",
        "address": "北海道札幌市中央区南二条西九丁目998",
        "last_updated": "2024-04-29 14:52:34"
      }
    },
    {
      "type": "Feature",
      "geometry": {
        "type": "Point",
        "coordinates": [
          132.909136,
          34.436868
        ]
      },
      "properties": {
        "stream_title": "【LIVE】広島空港　/Hiroshima Airport - YouTube",
        "stream_url": "https://www.youtube.com/watch?v=KsbpVJ1GTtQ",
        "stream_status": "TRUE",
        "stream_type": "video",
        "is_rewind": "TRUE",
        "category": "空港",
        "poi": "広島空港",
        "poi_detail": "",
        "provider": "広テレ!NEWS - YouTube",
        "provider_url": "https://www.youtube.com/@hiroshimatvnews",
        "address": "広島県三原市本郷町善入寺64-31",
        "last_updated": "2024-04-29 15:03:26"
      }
    },
    {
      "type": "Feature",
      "geometry": {
        "type": "Point",
        "coordinates": [
          135.519994,
          34.686394
        ]
      },
      "properties": {
        "stream_title": "大阪府摂津市　府道19号線　リアルタイム ライブ配信　渋滞情報 - YouTube",
        "stream_url": "https://www.youtube.com/watch?v=65mMpFTsYz0",
        "stream_status": "TRUE",
        "stream_type": "video",
        "is_rewind": "FALSE",
        "category": "道路",
        "poi": "",
        "poi_detail": "電材買取センター摂津店",
        "provider": "電材センターチャンネル - YouTube",
        "provider_url": "https://www.youtube.com/@fujidenIT",
        "address": "大阪府摂津市鳥飼上3丁目19-31",
        "last_updated": "2024-04-29 15:03:43"
      }
    },
    {
      "type": "Feature",
      "geometry": {
        "type": "Point",
        "coordinates": [
          135.755635,
          35.021279
        ]
      },
      "properties": {
        "stream_title": "【LIVE CAMERA】#南丹 #紅葉峠展望台 #ライブカメラ #livecamera #nantan #momijitougetenboudai - YouTube",
        "stream_url": "https://www.youtube.com/watch?v=Kdvg84_mL8Q",
        "stream_status": "TRUE",
        "stream_type": "video",
        "is_rewind": "TRUE",
        "category": "観光",
        "poi": "",
        "poi_detail": "京都府南丹市　紅葉峠展望台",
        "provider": "agataJapan - YouTube",
        "provider_url": "https://www.youtube.com/@agataJapan",
        "address": "京都府南丹市八木町氷所",
        "last_updated": "2024-04-29 15:06:17"
      }
    },
    {
      "type": "Feature",
      "geometry": {
        "type": "Point",
        "coordinates": [
          139.011623,
          36.325902
        ]
      },
      "properties": {
        "stream_title": "【ライブ】群馬県・高崎市 高崎駅周辺から24時間LIVE配信中！【LIVE: Takasaki,Gunma Takasaki Station】ANN/テレ朝 - YouTube",
        "stream_url": "https://www.youtube.com/watch?v=YZcRxaKmvU4",
        "stream_status": "TRUE",
        "stream_type": "video",
        "is_rewind": "TRUE",
        "category": "観光",
        "poi": "",
        "poi_detail": "高崎駅",
        "provider": "ANNnewsCH - YouTube",
        "provider_url": "https://www.youtube.com/@ANNnewsCH",
        "address": "群馬県高崎市旭町190",
        "last_updated": "2024-04-29 15:24:24"
      }
    },
    {
      "type": "Feature",
      "geometry": {
        "type": "Point",
        "coordinates": [
          139.530162,
          35.351743
        ]
      },
      "properties": {
        "stream_title": "大船駅西口ライブカメラ - YouTube",
        "stream_url": "https://www.youtube.com/watch?v=lt_rqgEokvI",
        "stream_status": "TRUE",
        "stream_type": "video",
        "is_rewind": "TRUE",
        "category": "鉄道",
        "poi": "大船駅西口",
        "poi_detail": "",
        "provider": "大船西チャンネル - YouTube",
        "provider_url": "https://www.youtube.com/@user-kc3lz2rs6c",
        "address": "神奈川県鎌倉市大船一丁目1",
        "last_updated": "2024-04-29 15:27:40"
      }
    },
    {
      "type": "Feature",
      "geometry": {
        "type": "Point",
        "coordinates": [
          135.519994,
          34.686394
        ]
      },
      "properties": {
        "stream_title": "〔LIVE〕JR大阪駅 桜橋口タクシー乗場ライブ中継カメラ（大阪タクシーセンター公式) /OsakaStation SakurabashiGate TaxiStation LiveCamera - YouTube",
        "stream_url": "https://www.youtube.com/watch?v=jDCCynfjX9I",
        "stream_status": "TRUE",
        "stream_type": "video",
        "is_rewind": "FALSE",
        "category": "鉄道",
        "poi": "JR大阪駅 桜橋口タクシー乗場",
        "poi_detail": "",
        "provider": "公益財団法人大阪タクシーセンター - YouTube",
        "provider_url": "https://www.youtube.com/@user-hj3tc4ik3r",
        "address": "大阪府大阪市北区梅田3丁目1-1",
        "last_updated": "2024-04-29 15:30:51"
      }
    },
    {
      "type": "Feature",
      "geometry": {
        "type": "Point",
        "coordinates": [
          139.767235,
          35.681252
        ]
      },
      "properties": {
        "stream_title": "東京駅丸の内口　ライブカメラ - YouTube",
        "stream_url": "https://www.youtube.com/watch?v=eWbAddRZBUM",
        "stream_status": "TRUE",
        "stream_type": "video",
        "is_rewind": "TRUE",
        "category": "鉄道",
        "poi": "東京駅丸の内口",
        "poi_detail": "",
        "provider": "大丸有まちづくり協議会 - YouTube",
        "provider_url": "https://www.youtube.com/@user-jt9pv8hn9u",
        "address": "東京都千代田区丸の内一丁目9",
        "last_updated": "2024-05-01 14:22:31"
      }
    },
    {
      "type": "Feature",
      "geometry": {
        "type": "Point",
        "coordinates": [
          138.383023,
          34.976906
        ]
      },
      "properties": {
        "stream_title": "熱海みのやホテルライブカメラ - YouTube",
        "stream_url": "https://www.youtube.com/watch?v=uJChZdBiID8",
        "stream_status": "TRUE",
        "stream_type": "video",
        "is_rewind": "TRUE",
        "category": "海岸",
        "poi": "",
        "poi_detail": "熱海みのやホテル",
        "provider": "みのや 熱海 - YouTube",
        "provider_url": "https://www.youtube.com/@user-ue5ft2zw2i",
        "address": "静岡県熱海市和田浜南町7-12",
        "last_updated": "2024-05-01 14:24:26"
      }
    },
    {
      "type": "Feature",
      "geometry": {
        "type": "Point",
        "coordinates": [
          140.872678,
          38.2702177
        ]
      },
      "properties": {
        "stream_title": "[LIVE]仙台・愛宕上杉通ライブカメラ/Live streaming from Sendai-city,Japan - YouTube",
        "stream_url": "https://www.youtube.com/watch?v=DSR9lyqMVvM",
        "stream_status": "TRUE",
        "stream_type": "video",
        "is_rewind": "FALSE",
        "category": "道路",
        "poi": "愛宕上杉通",
        "poi_detail": "新聞販売店・河北仙販上杉支店",
        "provider": "河北新報オンライン - YouTube",
        "provider_url": "https://www.youtube.com/@KAHOKUSHIMPO",
        "address": "宮城県仙台市青葉区上杉三丁目9-32",
        "last_updated": "2024-05-01 14:28:12"
      }
    },
    {
      "type": "Feature",
      "geometry": {
        "type": "Point",
        "coordinates": [
          139.491116,
          35.33894
        ]
      },
      "properties": {
        "stream_title": "【江の島 ライブカメラ2】🏖江ノ島ズーム 湘南港夏季サーフエリア：Enoshima LiveCamera2 24Hours - YouTube",
        "stream_url": "https://www.youtube.com/watch?v=oX4lNWun6xU",
        "stream_status": "TRUE",
        "stream_type": "video",
        "is_rewind": "TRUE",
        "category": "海岸",
        "poi": "江の島 片瀬海岸東浜",
        "poi_detail": "",
        "provider": "FlyingSuika - YouTube",
        "provider_url": "https://www.youtube.com/@FlyingSuika",
        "address": "神奈川県藤沢市片瀬海岸一丁目15-1",
        "last_updated": "2024-05-01 14:30:06"
      }
    },
    {
      "type": "Feature",
      "geometry": {
        "type": "Point",
        "coordinates": [
          135.519994,
          34.686394
        ]
      },
      "properties": {
        "stream_title": "【ライブカメラ】大阪駅・新大阪駅　周辺の様子／ Live Camera Osaka - YouTube",
        "stream_url": "https://www.youtube.com/watch?v=KHzcHZt77Q8",
        "stream_status": "FALSE",
        "stream_type": "video",
        "is_rewind": "FALSE",
        "category": "その他",
        "poi": "大阪駅・新大阪駅",
        "poi_detail": "",
        "provider": "読売テレビニュース - YouTube",
        "provider_url": "https://www.youtube.com/@ytv_news",
        "address": "大阪府大阪市北区角田町8-6",
        "last_updated": "2024-05-01 15:15:21"
      }
    },
    {
      "type": "Feature",
      "geometry": {
        "type": "Point",
        "coordinates": [
          135.519994,
          34.686394
        ]
      },
      "properties": {
        "stream_title": "【LIVE】Ｆ.Ｓ.Ｔ.ＮＥＴ提供 大阪　ライブカメラ　コリアタウン　御幸通り商店街 - YouTube",
        "stream_url": "https://www.youtube.com/watch?v=XzthGJegRVQ",
        "stream_status": "FALSE",
        "stream_type": "video",
        "is_rewind": "TRUE",
        "category": "観光",
        "poi": "生野コリアタウン",
        "poi_detail": "",
        "provider": "F.S.T. NET - YouTube",
        "provider_url": "https://www.youtube.com/@FSTNET-ro9cc",
        "address": "大阪府大阪市生野区桃谷4丁目5-17",
        "last_updated": "2024-05-01 15:20:05"
      }
    },
    {
      "type": "Feature",
      "geometry": {
        "type": "Point",
        "coordinates": [
          139.315654,
          35.65912
        ]
      },
      "properties": {
        "stream_title": "東京八王子ライブカメラ　Hachioji, Tokyo | Rail Live Camera　JR中央線 - YouTube",
        "stream_url": "https://www.youtube.com/watch?v=iq0AiuVEuFI",
        "stream_status": "TRUE",
        "stream_type": "video",
        "is_rewind": "TRUE",
        "category": "鉄道",
        "poi": "西八王子駅付近",
        "poi_detail": "",
        "provider": "あおば交通ch. / Aoba traffics - YouTube",
        "provider_url": "https://www.youtube.com/@chinotsu31",
        "address": "東京都八王子市千人町一丁目12-5",
        "last_updated": "2024-05-01 15:42:09"
      }
    },
    {
      "type": "Feature",
      "geometry": {
        "type": "Point",
        "coordinates": [
          139.691717,
          35.689568
        ]
      },
      "properties": {
        "stream_title": "【LIVE】新宿駅前の様子 Shinjuku, Tokyo JAPAN【ライブカメラ】 | TBS NEWS DIG - YouTube",
        "stream_url": "https://www.youtube.com/watch?v=0UUu10W-K2Q",
        "stream_status": "TRUE",
        "stream_type": "video",
        "is_rewind": "TRUE",
        "category": "道路",
        "poi": "新宿駅",
        "poi_detail": "",
        "provider": "TBS NEWS DIG Powered by JNN - YouTube",
        "provider_url": "https://www.youtube.com/@tbsnewsdig",
        "address": "東京都新宿区新宿三丁目38-1",
        "last_updated": "2024-05-01 19:35:35"
      }
    },
    {
      "type": "Feature",
      "geometry": {
        "type": "Point",
        "coordinates": [
          139.709897,
          35.644942
        ]
      },
      "properties": {
        "stream_title": "【LIVE】恵比寿駅前のライブカメラ　Ebisu Live Camera - YouTube",
        "stream_url": "https://www.youtube.com/watch?v=8e761gp0jgY",
        "stream_status": "TRUE",
        "stream_type": "video",
        "is_rewind": "TRUE",
        "category": "道路",
        "poi": "恵比寿駅前",
        "poi_detail": "",
        "provider": "WAGAN．TV - YouTube",
        "provider_url": "https://www.youtube.com/@wagantv2485",
        "address": "東京都渋谷区恵比寿南一丁目1-11",
        "last_updated": "2024-05-01 19:38:08"
      }
    },
    {
      "type": "Feature",
      "geometry": {
        "type": "Point",
        "coordinates": [
          139.510273,
          35.305393
        ]
      },
      "properties": {
        "stream_title": "【Shonan Ocean House 屋上カメラ1 】富士山 江ノ島 波情報 ライブカメラ 渋滞情報 | Mt.Fuji | Live Camera | Japan | H.View camera - YouTube",
        "stream_url": "https://www.youtube.com/watch?v=cyPwppM4Kao",
        "stream_status": "FALSE",
        "stream_type": "video",
        "is_rewind": "TRUE",
        "category": "海岸",
        "poi": "江ノ島・富士山・七里ガ浜の海",
        "poi_detail": "貸別荘「Shonan Ocean House」",
        "provider": "湘南ライブカメラ - YouTube",
        "provider_url": "https://www.youtube.com/@shonan-live",
        "address": "神奈川県鎌倉市七里ガ浜一丁目1-1",
        "last_updated": "2024-05-01 19:40:36"
      }
    },
    {
      "type": "Feature",
      "geometry": {
        "type": "Point",
        "coordinates": [
          139.697425,
          35.66209
        ]
      },
      "properties": {
        "stream_title": "渋谷センター街 マクドナルド前 ライブカメラ - YouTube",
        "stream_url": "https://www.youtube.com/watch?v=XBt5Fg69iLE",
        "stream_status": "TRUE",
        "stream_type": "video",
        "is_rewind": "TRUE",
        "category": "道路",
        "poi": "渋谷センター街 ",
        "poi_detail": "",
        "provider": "渋谷センター商店街 - YouTube",
        "provider_url": "https://www.youtube.com/@user-qm3rq4zp3e",
        "address": "東京都渋谷区宇田川町28-15",
        "last_updated": "2024-05-01 19:42:19"
      }
    },
    {
      "type": "Feature",
      "geometry": {
        "type": "Point",
        "coordinates": [
          130.558141,
          31.560185
        ]
      },
      "properties": {
        "stream_title": "【４K LIVE】鹿児島より Ocean Hotel Iwato（屋上４Kカメラ) - YouTube",
        "stream_url": "https://www.youtube.com/watch?v=vaKOG2K-MVc",
        "stream_status": "TRUE",
        "stream_type": "video",
        "is_rewind": "TRUE",
        "category": "海岸",
        "poi": "",
        "poi_detail": "Ocean Hotel Iwato",
        "provider": "空と海を臨む宿 Ocean Hotel Iwato - YouTube",
        "provider_url": "https://www.youtube.com/@OceanHotelIwato",
        "address": "鹿児島県枕崎市岩戸町58",
        "last_updated": "2024-05-01 19:46:05"
      }
    },
    {
      "type": "Feature",
      "geometry": {
        "type": "Point",
        "coordinates": [
          140.670349,
          40.742287
        ]
      },
      "properties": {
        "stream_title": "ＡＢＡ青森朝日放送ライブ配信 #空港 - YouTube",
        "stream_url": "https://www.youtube.com/watch?v=amaKNHEI7_I",
        "stream_status": "FALSE",
        "stream_type": "video",
        "is_rewind": "TRUE",
        "category": "空港",
        "poi": "青森空港",
        "poi_detail": "",
        "provider": "ABA青森朝日放送 - YouTube",
        "provider_url": "https://www.youtube.com/@AbanetCH",
        "address": "青森県青森市大字大谷字小谷1-5",
        "last_updated": "2024-05-01 21:18:07"
      }
    },
    {
      "type": "Feature",
      "geometry": {
        "type": "Point",
        "coordinates": [
          141.35389,
          43.061414
        ]
      },
      "properties": {
        "stream_title": "【LIVE & BGM♪】いまの札幌／さっぽろ創世スクエア　北海道ｏｎ天気カメラ　ライブカメラ　LIVE　streaming　SAPPORO-city　大通公園　さっぽろテレビ塔 - YouTube",
        "stream_url": "https://www.youtube.com/watch?v=kfIQBC0hrII",
        "stream_status": "TRUE",
        "stream_type": "video",
        "is_rewind": "TRUE",
        "category": "観光",
        "poi": "さっぽろ創世スクエア",
        "poi_detail": "",
        "provider": "SODANEチャンネル - YouTube",
        "provider_url": "https://www.youtube.com/@SODANE",
        "address": "北海道札幌市中央区北一条西一丁目6",
        "last_updated": "2024-05-22 20:23:00"
      }
    },
    {
      "type": "Feature",
      "geometry": {
        "type": "Point",
        "coordinates": [
          139.48004,
          38.22399
        ]
      },
      "properties": {
        "stream_title": "【道の駅】新潟県・笹川流れ 夕日会館　Liveチャンネル（Road Station Murakami City, Niigata Prefecture　Sasagawa Nagare）+BGM - YouTube",
        "stream_url": "https://www.youtube.com/watch?v=nwO2D1yUnT8",
        "stream_status": "TRUE",
        "stream_type": "video",
        "is_rewind": "TRUE",
        "category": "道路",
        "poi": "「道の駅」笹川流れ夕日会館",
        "poi_detail": "",
        "provider": "wonderful scenery of japan Channel by DC・NeXT - YouTube",
        "provider_url": "https://www.youtube.com/@dcnextllc5177",
        "address": "新潟県村上市桑川891-1",
        "last_updated": "2024-07-14 17:44:31"
      }
    },
    {
      "type": "Feature",
      "geometry": {
        "type": "Point",
        "coordinates": [
          140.115594,
          35.497897
        ]
      },
      "properties": {
        "stream_title": "(13) オリジナルメーカー海づり公園-桟橋釣り場側カメラ - YouTube",
        "stream_url": "https://www.youtube.com/watch?v=RtvZdhM5uN0",
        "stream_status": "TRUE",
        "stream_type": "video",
        "is_rewind": "TRUE",
        "category": "海岸",
        "poi": "オリジナルメーカー海づり公園",
        "poi_detail": "",
        "provider": "オリジナルメーカー海釣り公園 - YouTube",
        "provider_url": "https://www.youtube.com/@user-jd5zm7ns4u",
        "address": "千葉県市原市五井南海岸1-12",
        "last_updated": "2024-06-06 18:36:18"
      }
    },
    {
      "type": "Feature",
      "geometry": {
        "type": "Point",
        "coordinates": [
          140.115594,
          35.497897
        ]
      },
      "properties": {
        "stream_title": "(13) オリジナルメーカー海づり公園-駐車場側カメラ - YouTube",
        "stream_url": "https://www.youtube.com/watch?v=iy1ized6rkc",
        "stream_status": "TRUE",
        "stream_type": "video",
        "is_rewind": "TRUE",
        "category": "その他",
        "poi": "オリジナルメーカー海づり公園",
        "poi_detail": "",
        "provider": "オリジナルメーカー海釣り公園 - YouTube",
        "provider_url": "https://www.youtube.com/@user-jd5zm7ns4u",
        "address": "千葉県市原市五井南海岸",
        "last_updated": "2024-06-06 18:55:41"
      }
    },
    {
      "type": "Feature",
      "geometry": {
        "type": "Point",
        "coordinates": [
          139.750556,
          35.704569
        ]
      },
      "properties": {
        "stream_title": "(13) 【神田川】飯田橋映像監視局［文京区後楽1］ - YouTube",
        "stream_url": "https://www.youtube.com/watch?v=8p11ESAA15w",
        "stream_status": "TRUE",
        "stream_type": "video",
        "is_rewind": "FALSE",
        "category": "河川",
        "poi": "神田川",
        "poi_detail": "",
        "provider": "東京都水防チャンネル - YouTube",
        "provider_url": "https://www.youtube.com/@TokyoSuibou",
        "address": "東京都文京区後楽一丁目",
        "last_updated": "2024-06-06 18:43:52"
      }
    },
    {
      "type": "Feature",
      "geometry": {
        "type": "Point",
        "coordinates": [
          139.691717,
          35.689568
        ]
      },
      "properties": {
        "stream_title": "(13) 【目黒川】船入場映像監視局[目黒区中目黒 1-8 (船入場調節池)] - YouTube",
        "stream_url": "https://www.youtube.com/watch?v=WXtpkBMD9SI",
        "stream_status": "TRUE",
        "stream_type": "video",
        "is_rewind": "FALSE",
        "category": "河川",
        "poi": "目黒川",
        "poi_detail": "",
        "provider": "東京都水防チャンネル - YouTube",
        "provider_url": "https://www.youtube.com/@TokyoSuibou",
        "address": "東京都目黒区中目黒一丁目8",
        "last_updated": "2024-06-06 18:55:46"
      }
    },
    {
      "type": "Feature",
      "geometry": {
        "type": "Point",
        "coordinates": [
          139.691717,
          35.689568
        ]
      },
      "properties": {
        "stream_title": "(13) 【呑川】池上映像監視局［大田区池上1］ - YouTube",
        "stream_url": "https://www.youtube.com/watch?v=f9qoq9eoSIg",
        "stream_status": "TRUE",
        "stream_type": "video",
        "is_rewind": "FALSE",
        "category": "河川",
        "poi": "呑川",
        "poi_detail": "",
        "provider": "東京都水防チャンネル - YouTube",
        "provider_url": "https://www.youtube.com/@TokyoSuibou",
        "address": "東京都大田区池上一丁目29-6",
        "last_updated": "2024-06-06 18:51:42"
      }
    },
    {
      "type": "Feature",
      "geometry": {
        "type": "Point",
        "coordinates": [
          139.538159,
          35.725499
        ]
      },
      "properties": {
        "stream_title": "(13) 【石神井川】芝久保映像監視局［西東京市芝久保1］ - YouTube",
        "stream_url": "https://www.youtube.com/watch?v=LmJ3F1sZjZE",
        "stream_status": "TRUE",
        "stream_type": "video",
        "is_rewind": "FALSE",
        "category": "河川",
        "poi": "石神井川",
        "poi_detail": "",
        "provider": "東京都水防チャンネル - YouTube",
        "provider_url": "https://www.youtube.com/@TokyoSuibou",
        "address": "東京都西東京市芝久保町一丁目",
        "last_updated": "2024-06-06 18:55:50"
      }
    },
    {
      "type": "Feature",
      "geometry": {
        "type": "Point",
        "coordinates": [
          139.691717,
          35.689568
        ]
      },
      "properties": {
        "stream_title": "(13) 【神田川】番屋橋映像監視局［杉並区和泉4］ - YouTube",
        "stream_url": "https://www.youtube.com/watch?v=LVj4Pt1_q9I",
        "stream_status": "TRUE",
        "stream_type": "video",
        "is_rewind": "FALSE",
        "category": "河川",
        "poi": "神田川",
        "poi_detail": "",
        "provider": "東京都水防チャンネル - YouTube",
        "provider_url": "https://www.youtube.com/@TokyoSuibou",
        "address": "東京都杉並区和泉四丁目",
        "last_updated": "2024-06-06 18:54:18"
      }
    },
    {
      "type": "Feature",
      "geometry": {
        "type": "Point",
        "coordinates": [
          139.201773,
          35.66718
        ]
      },
      "properties": {
        "stream_title": "(13) 【浅川】板当橋映像監視局［八王子市上恩方町352］ - YouTube",
        "stream_url": "https://www.youtube.com/watch?v=NgSLw6af2FY",
        "stream_status": "TRUE",
        "stream_type": "video",
        "is_rewind": "FALSE",
        "category": "河川",
        "poi": "浅川",
        "poi_detail": "",
        "provider": "東京都水防チャンネル - YouTube",
        "provider_url": "https://www.youtube.com/@TokyoSuibou",
        "address": "東京都八王子市上恩方町352",
        "last_updated": "2024-06-06 18:54:54"
      }
    },
    {
      "type": "Feature",
      "geometry": {
        "type": "Point",
        "coordinates": [
          139.48004,
          38.22399
        ]
      },
      "properties": {
        "stream_title": "【Live】会津 東山温泉 向瀧 中庭 ライブカメラ/Aizu Higashiyama Spa MUKAITAKI Live Camera - YouTube",
        "stream_url": "https://www.youtube.com/watch?v=VYTMxlcvEAM",
        "stream_status": "TRUE",
        "stream_type": "video",
        "is_rewind": "TRUE",
        "category": "観光",
        "poi": "会津若松",
        "poi_detail": "回遊式日本庭園",
        "provider": "mukaitaki - YouTube",
        "provider_url": "https://www.youtube.com/@mukaitaki/streams",
        "address": "新潟県村上市大場沢",
        "last_updated": "2024-04-20 16:17:44"
      }
    },
    {
      "type": "Feature",
      "geometry": {
        "type": "Point",
        "coordinates": [
          136.221791,
          36.065244
        ]
      },
      "properties": {
        "stream_title": "【ライブカメラ】FBC情報カメラ　福井県小浜市 - YouTube",
        "stream_url": "https://www.youtube.com/watch?v=acLJEotPVJc",
        "stream_status": "TRUE",
        "stream_type": "video",
        "is_rewind": "TRUE",
        "category": "道路",
        "poi": "小浜市",
        "poi_detail": "",
        "provider": "FBC 福井放送公式チャンネル - YouTube",
        "provider_url": "https://www.youtube.com/@FBC/streams",
        "address": "福井県小浜市",
        "last_updated": "2024-04-20 14:31:47"
      }
    },
    {
      "type": "Feature",
      "geometry": {
        "type": "Point",
        "coordinates": [
          136.219452,
          36.06412
        ]
      },
      "properties": {
        "stream_title": "【ライブカメラ】FBC情報カメラ　福井県福井市　福井駅付近　#ハピラインふくい #北陸新幹線 - YouTube",
        "stream_url": "https://www.youtube.com/watch?v=tHMEnSTnFd4",
        "stream_status": "TRUE",
        "stream_type": "video",
        "is_rewind": "TRUE",
        "category": "鉄道",
        "poi": "福井駅",
        "poi_detail": "",
        "provider": "FBC 福井放送公式チャンネル - YouTube",
        "provider_url": "https://www.youtube.com/@FBC/streams",
        "address": "福井県福井市1",
        "last_updated": "2024-04-20 14:36:27"
      }
    },
    {
      "type": "Feature",
      "geometry": {
        "type": "Point",
        "coordinates": [
          136.219452,
          36.06412
        ]
      },
      "properties": {
        "stream_title": "【ライブカメラ】FBC情報カメラ　福井県福井市大和田　#トレタス #北陸新幹線 - YouTube",
        "stream_url": "https://www.youtube.com/watch?v=kOKevC8ajFg",
        "stream_status": "TRUE",
        "stream_type": "video",
        "is_rewind": "TRUE",
        "category": "その他",
        "poi": "福井市大和田",
        "poi_detail": "",
        "provider": "FBC 福井放送公式チャンネル - YouTube",
        "provider_url": "https://www.youtube.com/@FBC/streams",
        "address": "福井県福井市大和田",
        "last_updated": "2024-04-20 14:33:44"
      }
    },
    {
      "type": "Feature",
      "geometry": {
        "type": "Point",
        "coordinates": [
          136.219452,
          36.06412
        ]
      },
      "properties": {
        "stream_title": "【ライブカメラ】FBC情報カメラ　福井駅西口周辺 - YouTube",
        "stream_url": "https://www.youtube.com/watch?v=kdTzzqRh4LQ",
        "stream_status": "TRUE",
        "stream_type": "video",
        "is_rewind": "TRUE",
        "category": "その他",
        "poi": "福井駅西口",
        "poi_detail": "",
        "provider": "FBC 福井放送公式チャンネル - YouTube",
        "provider_url": "https://www.youtube.com/@FBC/streams",
        "address": "福井県福井市1",
        "last_updated": "2024-04-20 14:35:09"
      }
    },
    {
      "type": "Feature",
      "geometry": {
        "type": "Point",
        "coordinates": [
          136.221791,
          36.065244
        ]
      },
      "properties": {
        "stream_title": "【ライブカメラ】FBC情報カメラ　福井県越前町 - YouTube",
        "stream_url": "https://www.youtube.com/watch?v=ejnUvdMmcbk",
        "stream_status": "TRUE",
        "stream_type": "video",
        "is_rewind": "TRUE",
        "category": "海岸",
        "poi": "越前町",
        "poi_detail": "",
        "provider": "FBC 福井放送公式チャンネル - YouTube",
        "provider_url": "https://www.youtube.com/@FBC/streams",
        "address": "福井県丹生郡越前町",
        "last_updated": "2024-04-20 14:36:07"
      }
    },
    {
      "type": "Feature",
      "geometry": {
        "type": "Point",
        "coordinates": [
          135.854666,
          35.018357
        ]
      },
      "properties": {
        "stream_title": "現在の琵琶湖の様子【滋賀】【生配信】【表】ライブカメラ【4K映像】 - YouTube",
        "stream_url": "https://www.youtube.com/watch?v=kWGj8L4KU1E",
        "stream_status": "TRUE",
        "stream_type": "video",
        "is_rewind": "TRUE",
        "category": "河川",
        "poi": "琵琶湖",
        "poi_detail": "滋賀県大津市",
        "provider": "BANTV - YouTube",
        "provider_url": "https://www.youtube.com/@BANTV/streams",
        "address": "滋賀県大津市",
        "last_updated": "2024-04-20 15:18:18"
      }
    },
    {
      "type": "Feature",
      "geometry": {
        "type": "Point",
        "coordinates": [
          135.854666,
          35.018357
        ]
      },
      "properties": {
        "stream_title": "流星群観測＆真面目にUFO観察するライブ from琵琶湖畔　星空ライブ - YouTube",
        "stream_url": "https://www.youtube.com/watch?v=R86Db-9KGKg",
        "stream_status": "TRUE",
        "stream_type": "video",
        "is_rewind": "TRUE",
        "category": "河川",
        "poi": "琵琶湖",
        "poi_detail": "滋賀県大津市",
        "provider": "BANTV - YouTube",
        "provider_url": "https://www.youtube.com/@BANTV/streams",
        "address": "滋賀県大津市",
        "last_updated": "2024-04-20 15:33:49"
      }
    },
    {
      "type": "Feature",
      "geometry": {
        "type": "Point",
        "coordinates": [
          135.854666,
          35.018357
        ]
      },
      "properties": {
        "stream_title": "【琵琶湖湖畔・滋賀】リモート地蔵【お地蔵さんが本物の天気予報と琵琶湖の水位を答えてくれる】現在の砂浜の様子　浜欠けのメカニズム分析【滋賀】【外来魚回収BOX】LIVE生放送 - YouTube",
        "stream_url": "https://www.youtube.com/watch?v=QfXmc9hrGu0",
        "stream_status": "TRUE",
        "stream_type": "video",
        "is_rewind": "TRUE",
        "category": "河川",
        "poi": "琵琶湖",
        "poi_detail": "滋賀県大津市",
        "provider": "BANTV - YouTube",
        "provider_url": "https://www.youtube.com/@BANTV/streams",
        "address": "滋賀県大津市",
        "last_updated": "2024-04-20 15:31:06"
      }
    },
    {
      "type": "Feature",
      "geometry": {
        "type": "Point",
        "coordinates": [
          135.854666,
          35.018357
        ]
      },
      "properties": {
        "stream_title": "現在の大津港の様子 ライブカメラ　【生配信】【裏】 滋賀県 琵琶湖 【LIVE CAMERA】【琵琶湖花噴水】 - YouTube",
        "stream_url": "https://www.youtube.com/watch?v=CBQVtT67y9s",
        "stream_status": "TRUE",
        "stream_type": "video",
        "is_rewind": "FALSE",
        "category": "河川",
        "poi": "大津港",
        "poi_detail": "滋賀県大津市",
        "provider": "BANTV - YouTube",
        "provider_url": "https://www.youtube.com/@BANTV/streams",
        "address": "滋賀県大津市",
        "last_updated": "2024-04-20 15:32:27"
      }
    },
    {
      "type": "Feature",
      "geometry": {
        "type": "Point",
        "coordinates": [
          135.755635,
          35.021279
        ]
      },
      "properties": {
        "stream_title": "4K Live Cam お天気カメラ 京都駅周辺　西の空　東本願寺 - YouTube",
        "stream_url": "https://www.youtube.com/watch?v=HxXavkLizWM",
        "stream_status": "TRUE",
        "stream_type": "video",
        "is_rewind": "TRUE",
        "category": "観光",
        "poi": "東本願寺",
        "poi_detail": "滋賀県大津市",
        "provider": "きょうの西の空 お天気カメラ 京都 / KYOTO livestreaming weather 4K - YouTube",
        "provider_url": "https://www.youtube.com/@BANTV/streams",
        "address": "京都府京都市下京区烏丸通七条上る",
        "last_updated": "2024-04-20 16:17:40"
      }
    },
    {
      "type": "Feature",
      "geometry": {
        "type": "Point",
        "coordinates": [
          135.755635,
          35.021279
        ]
      },
      "properties": {
        "stream_title": "京都 お天気ライブカメラ (World heritage site) Kyoto Live Webcam - YouTube",
        "stream_url": "https://www.youtube.com/watch?v=T8FR4SB9pzQ",
        "stream_status": "TRUE",
        "stream_type": "video",
        "is_rewind": "TRUE",
        "category": "観光",
        "poi": "京都東山",
        "poi_detail": "",
        "provider": "京都 お天気ライブカメラ Kyoto Live Webcam - YouTube",
        "provider_url": "https://www.youtube.com/@Kyoto-Webcam",
        "address": "京都府京都市東山区",
        "last_updated": "2024-04-20 16:17:42"
      }
    },
    {
      "type": "Feature",
      "geometry": {
        "type": "Point",
        "coordinates": [
          135.755635,
          35.021279
        ]
      },
      "properties": {
        "stream_title": "【LIVE】京都駅前バス乗り場ライブカメラ（京都市観光協会公式）／Kyoto Station Bus Terminal, Kyoto Live camera - YouTube",
        "stream_url": "https://www.youtube.com/watch?v=v9rQqa_VTEY",
        "stream_status": "TRUE",
        "stream_type": "video",
        "is_rewind": "FALSE",
        "category": "観光",
        "poi": "京都駅烏丸口タクシー乗り場",
        "poi_detail": "",
        "provider": "京都市観光協会Kyoto City Tourism Association - YouTube",
        "provider_url": "https://www.youtube.com/@DMOKYOTO/streams",
        "address": "京都府京都市下京区東塩小路町",
        "last_updated": "2024-04-20 15:56:17"
      }
    },
    {
      "type": "Feature",
      "geometry": {
        "type": "Point",
        "coordinates": [
          135.755635,
          35.021279
        ]
      },
      "properties": {
        "stream_title": "【LIVE】京都駅烏丸口タクシー乗り場（京都市観光協会公式）／Kyoto Station, Karasuma Exit Taxi Station - YouTube",
        "stream_url": "https://www.youtube.com/watch?v=h3WCW540J7g",
        "stream_status": "FALSE",
        "stream_type": "video",
        "is_rewind": "FALSE",
        "category": "観光",
        "poi": "花見小路",
        "poi_detail": "",
        "provider": "京都市観光協会Kyoto City Tourism Association - YouTube",
        "provider_url": "https://www.youtube.com/@DMOKYOTO/streams",
        "address": "京都府京都市東山区",
        "last_updated": "2024-04-20 15:57:45"
      }
    },
    {
      "type": "Feature",
      "geometry": {
        "type": "Point",
        "coordinates": [
          135.755635,
          35.021279
        ]
      },
      "properties": {
        "stream_title": "【LIVE】京都駅八条口タクシー乗り場ライブ中継カメラ（京都市観光協会公式）／Kyoto Station Hachijo Taxi Staiotn, Kyoto Live camera - YouTube",
        "stream_url": "https://www.youtube.com/watch?v=CO_ZjH6N7RE",
        "stream_status": "TRUE",
        "stream_type": "video",
        "is_rewind": "FALSE",
        "category": "観光",
        "poi": "京都駅八条口タクシー乗り場",
        "poi_detail": "",
        "provider": "京都市観光協会Kyoto City Tourism Association - YouTube",
        "provider_url": "https://www.youtube.com/@DMOKYOTO/streams",
        "address": "京都府京都市下京区東塩小路釜殿町",
        "last_updated": "2024-04-20 15:48:09"
      }
    },
    {
      "type": "Feature",
      "geometry": {
        "type": "Point",
        "coordinates": [
          135.755635,
          35.021279
        ]
      },
      "properties": {
        "stream_title": "【LIVE】ねねの道ライブ中継カメラ（京都市観光協会公式）／Nene no michi(Nene Street), Kyoto Live camera - YouTube",
        "stream_url": "https://www.youtube.com/watch?v=Gxt3YCa2Phc",
        "stream_status": "TRUE",
        "stream_type": "video",
        "is_rewind": "FALSE",
        "category": "観光",
        "poi": "ねねの道",
        "poi_detail": "",
        "provider": "京都市観光協会Kyoto City Tourism Association - YouTube",
        "provider_url": "https://www.youtube.com/@DMOKYOTO/streams",
        "address": "京都府京都市東山区",
        "last_updated": "2024-04-20 15:49:09"
      }
    },
    {
      "type": "Feature",
      "geometry": {
        "type": "Point",
        "coordinates": [
          135.755635,
          35.021279
        ]
      },
      "properties": {
        "stream_title": "【LIVE】京都 哲学の道ライブカメラ（京都市観光協会公式）／The Philosopher’s Path, Kyoto Live camera - YouTube",
        "stream_url": "https://www.youtube.com/watch?v=S6IkZhhwG4A",
        "stream_status": "TRUE",
        "stream_type": "video",
        "is_rewind": "FALSE",
        "category": "観光",
        "poi": "哲学の道",
        "poi_detail": "",
        "provider": "京都市観光協会Kyoto City Tourism Association - YouTube",
        "provider_url": "https://www.youtube.com/@DMOKYOTO/streams",
        "address": "京都府京都市左京区",
        "last_updated": "2024-04-20 15:49:31"
      }
    },
    {
      "type": "Feature",
      "geometry": {
        "type": "Point",
        "coordinates": [
          135.755635,
          35.021279
        ]
      },
      "properties": {
        "stream_title": "【LIVE】京都 嵯峨嵐山 渡月橋北詰ライブ中継カメラ（京都市観光協会公式）／Saga Arashiyama, Kyoto Live camera - YouTube",
        "stream_url": "https://www.youtube.com/watch?v=jqtsC5BYlIk",
        "stream_status": "TRUE",
        "stream_type": "video",
        "is_rewind": "FALSE",
        "category": "観光",
        "poi": "嵯峨嵐山",
        "poi_detail": "",
        "provider": "京都市観光協会Kyoto City Tourism Association - YouTube",
        "provider_url": "https://www.youtube.com/@DMOKYOTO/streams",
        "address": "京都府京都市右京区嵯峨天龍寺車道町11-1",
        "last_updated": "2024-04-20 15:51:20"
      }
    },
    {
      "type": "Feature",
      "geometry": {
        "type": "Point",
        "coordinates": [
          135.755635,
          35.021279
        ]
      },
      "properties": {
        "stream_title": "【LIVE】京都 錦市場ライブ中継カメラ（京都市観光協会公式）／Nishiki Market, Kyoto Live camera - YouTube",
        "stream_url": "https://www.youtube.com/watch?v=wuC8wRvXock",
        "stream_status": "TRUE",
        "stream_type": "video",
        "is_rewind": "FALSE",
        "category": "観光",
        "poi": "錦市場",
        "poi_detail": "",
        "provider": "京都市観光協会Kyoto City Tourism Association - YouTube",
        "provider_url": "https://www.youtube.com/@DMOKYOTO/streams",
        "address": "京都府京都市中京区",
        "last_updated": "2024-04-20 16:17:49"
      }
    },
    {
      "type": "Feature",
      "geometry": {
        "type": "Point",
        "coordinates": [
          135.755635,
          35.021279
        ]
      },
      "properties": {
        "stream_title": "【LIVE】京都 伏見稲荷大社付近 裏参道ライブ中継カメラ（京都市観光協会公式）／Fushimi Inari Taisha Shrine, Kyoto Live camera - YouTube",
        "stream_url": "https://www.youtube.com/watch?v=pgqwfZj9HPY",
        "stream_status": "TRUE",
        "stream_type": "video",
        "is_rewind": "FALSE",
        "category": "観光",
        "poi": "伏見稲荷大社裏参道",
        "poi_detail": "",
        "provider": "京都市観光協会Kyoto City Tourism Association - YouTube",
        "provider_url": "https://www.youtube.com/@DMOKYOTO/streams",
        "address": "京都府京都市伏見区",
        "last_updated": "2024-04-20 15:53:11"
      }
    },
    {
      "type": "Feature",
      "geometry": {
        "type": "Point",
        "coordinates": [
          135.755635,
          35.021279
        ]
      },
      "properties": {
        "stream_title": "【LIVE】京都 北野天満宮前付近ライブ中継カメラ（京都市観光協会公式）／Kitano Tenmangu Shrine, Kyoto Live camera - YouTube",
        "stream_url": "https://www.youtube.com/watch?v=KHglGodzQ9g",
        "stream_status": "TRUE",
        "stream_type": "video",
        "is_rewind": "FALSE",
        "category": "観光",
        "poi": "北野天満宮前",
        "poi_detail": "",
        "provider": "京都市観光協会Kyoto City Tourism Association - YouTube",
        "provider_url": "https://www.youtube.com/@DMOKYOTO/streams",
        "address": "京都府京都市上京区馬喰町",
        "last_updated": "2024-04-20 15:56:14"
      }
    },
    {
      "type": "Feature",
      "geometry": {
        "type": "Point",
        "coordinates": [
          135.755635,
          35.021279
        ]
      },
      "properties": {
        "stream_title": "【LIVE】 京都ライブカメラ 🍁 東山 清水寺ライブカメラ お天気 / Kiyomizu-dera Temple, Kyoto Live camera 24/7 - YouTube",
        "stream_url": "https://www.youtube.com/watch?v=fi5ysei0Bv4",
        "stream_status": "TRUE",
        "stream_type": "video",
        "is_rewind": "TRUE",
        "category": "山岳",
        "poi": "京都東山",
        "poi_detail": "",
        "provider": "KYOTO LIVE CAMERA - YouTube",
        "provider_url": "https://www.youtube.com/@kyotolivecamera/streams",
        "address": "京都府京都市東山区",
        "last_updated": "2024-04-20 15:59:36"
      }
    },
    {
      "type": "Feature",
      "geometry": {
        "type": "Point",
        "coordinates": [
          135.832883,
          34.685231
        ]
      },
      "properties": {
        "stream_title": "安倍文殊院【公式】　境内ライブカメラ　2024.4.13~ - YouTube",
        "stream_url": "https://www.youtube.com/watch?v=g-90E4BogV4",
        "stream_status": "TRUE",
        "stream_type": "video",
        "is_rewind": "TRUE",
        "category": "観光",
        "poi": "安倍文殊院",
        "poi_detail": "",
        "provider": "安倍文殊院 公式チャンネル Nara Abe-Monjuin Temple - YouTube",
        "provider_url": "https://www.youtube.com/@naraabe-monjuintemple2561/streams",
        "address": "奈良県桜井市阿部645",
        "last_updated": "2024-04-20 16:17:53"
      }
    },
    {
      "type": "Feature",
      "geometry": {
        "type": "Point",
        "coordinates": [
          132.455349,
          34.391937
        ]
      },
      "properties": {
        "stream_title": "【LIVE】いまの広島本通交差点／Hiroshima City, Japan. The 2023 G7 Summit was held. - YouTube",
        "stream_url": "https://www.youtube.com/watch?v=Nk5GuZAl6J4",
        "stream_status": "TRUE",
        "stream_type": "video",
        "is_rewind": "TRUE",
        "category": "道路",
        "poi": "広島本通交差点",
        "poi_detail": "",
        "provider": "【公式】HOME広島ニュース - YouTube",
        "provider_url": "https://www.youtube.com/@home-news/streams",
        "address": "広島県広島市中区大手町二丁目1",
        "last_updated": "2024-04-20 16:14:29"
      }
    },
    {
      "type": "Feature",
      "geometry": {
        "type": "Point",
        "coordinates": [
          132.309988,
          34.272605
        ]
      },
      "properties": {
        "stream_title": "【LIVE】宮島ライブカメラ/Miyajima live camera - YouTube",
        "stream_url": "https://www.youtube.com/watch?v=kZVcsYcLm_A",
        "stream_status": "TRUE",
        "stream_type": "video",
        "is_rewind": "TRUE",
        "category": "海岸",
        "poi": "厳島",
        "poi_detail": "",
        "provider": "【公式】HOME広島ニュース - YouTube",
        "provider_url": "https://www.youtube.com/@home-news/streams",
        "address": "広島県廿日市市宮島町",
        "last_updated": "2024-04-20 16:17:21"
      }
    },
    {
      "type": "Feature",
      "geometry": {
        "type": "Point",
        "coordinates": [
          132.909136,
          34.436868
        ]
      },
      "properties": {
        "stream_title": "【LIVE】広島空港ライブカメラ/Hiroshima Airport Plane Spotting - YouTube",
        "stream_url": "https://www.youtube.com/watch?v=UlNoPGKJ_9k",
        "stream_status": "TRUE",
        "stream_type": "video",
        "is_rewind": "TRUE",
        "category": "空港",
        "poi": "広島空港",
        "poi_detail": "",
        "provider": "【公式】HOME広島ニュース - YouTube",
        "provider_url": "https://www.youtube.com/@home-news/streams",
        "address": "広島県三原市本郷町善入寺64-31",
        "last_updated": "2024-04-20 16:17:17"
      }
    },
    {
      "type": "Feature",
      "geometry": {
        "type": "Point",
        "coordinates": [
          135.035816,
          35.177259
        ]
      },
      "properties": {
        "stream_title": "兵庫県丹波市/氷上町ライブカメラ - YouTube",
        "stream_url": "https://www.youtube.com/watch?v=izQpYmlPNHo",
        "stream_status": "TRUE",
        "stream_type": "video",
        "is_rewind": "TRUE",
        "category": "山岳",
        "poi": "安全山",
        "poi_detail": "安全山",
        "provider": "805たんば - YouTube",
        "provider_url": "https://www.youtube.com/@805",
        "address": "兵庫県丹波市氷上町下新庄",
        "last_updated": "2024-06-06 18:56:14"
      }
    },
    {
      "type": "Feature",
      "geometry": {
        "type": "Point",
        "coordinates": [
          135.035816,
          35.177259
        ]
      },
      "properties": {
        "stream_title": "兵庫県丹波市/市島町ライブカメラ - YouTube",
        "stream_url": "https://www.youtube.com/watch?v=WNYbnxK0-tk",
        "stream_status": "TRUE",
        "stream_type": "video",
        "is_rewind": "TRUE",
        "category": "山岳",
        "poi": "高谷山",
        "poi_detail": "高谷山",
        "provider": "805たんば - YouTube",
        "provider_url": "https://www.youtube.com/@806",
        "address": "兵庫県丹波市市島町上垣",
        "last_updated": "2024-04-21 13:53:23"
      }
    },
    {
      "type": "Feature",
      "geometry": {
        "type": "Point",
        "coordinates": [
          135.035816,
          35.177259
        ]
      },
      "properties": {
        "stream_title": "兵庫県丹波市/福知山市ライブカメラ - YouTube",
        "stream_url": "https://www.youtube.com/watch?v=W0U71S2XzhY",
        "stream_status": "TRUE",
        "stream_type": "video",
        "is_rewind": "TRUE",
        "category": "山岳",
        "poi": "高谷山",
        "poi_detail": "高谷山",
        "provider": "805たんば - YouTube",
        "provider_url": "https://www.youtube.com/@807",
        "address": "兵庫県丹波市市島町上垣",
        "last_updated": "2024-04-21 13:53:44"
      }
    },
    {
      "type": "Feature",
      "geometry": {
        "type": "Point",
        "coordinates": [
          135.035816,
          35.177259
        ]
      },
      "properties": {
        "stream_title": "兵庫県丹波市/山南町ライブカメラ - YouTube",
        "stream_url": "https://www.youtube.com/watch?v=yn-Rc_UeI7Y",
        "stream_status": "TRUE",
        "stream_type": "video",
        "is_rewind": "TRUE",
        "category": "山岳",
        "poi": "イタリ山",
        "poi_detail": "イタリ山",
        "provider": "805たんば - YouTube",
        "provider_url": "https://www.youtube.com/@808",
        "address": "兵庫県丹波市山南町井原",
        "last_updated": "2024-04-21 13:53:38"
      }
    },
    {
      "type": "Feature",
      "geometry": {
        "type": "Point",
        "coordinates": [
          139.128213,
          36.51793
        ]
      },
      "properties": {
        "stream_title": "【LIVE】赤城南麓ライブカメラ-North-　◇赤城山　北極星◇ - YouTube",
        "stream_url": "https://www.youtube.com/watch?v=Q6falTkNB-g",
        "stream_status": "FALSE",
        "stream_type": "video",
        "is_rewind": "TRUE",
        "category": "その他",
        "poi": "赤城山",
        "poi_detail": "",
        "provider": "赤城南麓ライブカメラ - YouTube",
        "provider_url": "https://www.youtube.com/@akaginanroku/streams",
        "address": "群馬県前橋市富士見町赤城山",
        "last_updated": "2024-04-21 13:55:45"
      }
    },
    {
      "type": "Feature",
      "geometry": {
        "type": "Point",
        "coordinates": [
          139.128213,
          36.51793
        ]
      },
      "properties": {
        "stream_title": "【LIVE】赤城南麓ライブカメラ-South-　◇関東平野　東京方面カメラ◇ - YouTube",
        "stream_url": "https://www.youtube.com/watch?v=QMBTE7dCs7A",
        "stream_status": "FALSE",
        "stream_type": "video",
        "is_rewind": "TRUE",
        "category": "その他",
        "poi": "関東平野",
        "poi_detail": "",
        "provider": "赤城南麓ライブカメラ - YouTube",
        "provider_url": "https://www.youtube.com/@akaginanroku/streams",
        "address": "群馬県前橋市富士見町赤城山",
        "last_updated": "2024-04-21 13:59:14"
      }
    },
    {
      "type": "Feature",
      "geometry": {
        "type": "Point",
        "coordinates": [
          139.771071,
          35.786648
        ]
      },
      "properties": {
        "stream_title": "【LIVE】東京都足立区みだまえ公園カメラ3 ライブカメラ TOKYO JAPAN LIVECAMERA - YouTube",
        "stream_url": "https://www.youtube.com/watch?v=iUKWjZqYFe4",
        "stream_status": "TRUE",
        "stream_type": "video",
        "is_rewind": "TRUE",
        "category": "観光",
        "poi": "足立区立みだまえ公園",
        "poi_detail": "",
        "provider": "夜光電気 - YouTube",
        "provider_url": "https://www.youtube.com/@yakoudenki/streams",
        "address": "東京都足立区谷在家一丁目17-1",
        "last_updated": "2024-04-21 13:59:19"
      }
    },
    {
      "type": "Feature",
      "geometry": {
        "type": "Point",
        "coordinates": [
          139.771071,
          35.786648
        ]
      },
      "properties": {
        "stream_title": "【 LIVE 】JAPAN 東京都足立区立みだまえ公園 ライブカメラ TOKYO MIDAMAE PARK LIVECAMERA - YouTube",
        "stream_url": "https://www.youtube.com/watch?v=oJTX4MYW4yQ",
        "stream_status": "TRUE",
        "stream_type": "video",
        "is_rewind": "TRUE",
        "category": "観光",
        "poi": "足立区立みだまえ公園",
        "poi_detail": "",
        "provider": "夜光電気 - YouTube",
        "provider_url": "https://www.youtube.com/@yakoudenki/streams",
        "address": "東京都足立区谷在家一丁目17-1",
        "last_updated": "2024-04-21 14:12:23"
      }
    },
    {
      "type": "Feature",
      "geometry": {
        "type": "Point",
        "coordinates": [
          139.771071,
          35.786648
        ]
      },
      "properties": {
        "stream_title": "【LIVE】JAPAN 東京都足立区立みだまえ公園カメラ2 TOKYO JAPAN LIVECAMERA ライブカメラ - YouTube",
        "stream_url": "https://www.youtube.com/watch?v=qsTJNeJq_q8",
        "stream_status": "TRUE",
        "stream_type": "video",
        "is_rewind": "TRUE",
        "category": "観光",
        "poi": "足立区立みだまえ公園",
        "poi_detail": "",
        "provider": "夜光電気 - YouTube",
        "provider_url": "https://www.youtube.com/@yakoudenki/streams",
        "address": "東京都足立区谷在家一丁目17-1",
        "last_updated": "2024-04-21 14:05:58"
      }
    },
    {
      "type": "Feature",
      "geometry": {
        "type": "Point",
        "coordinates": [
          130.558141,
          31.560185
        ]
      },
      "properties": {
        "stream_title": "【LIVE】JAPAN 東京都足立区交差点ライブカメラ＋温度計 TOKYO ADACHI-KU LIVECAMERA - YouTube",
        "stream_url": "https://www.youtube.com/watch?v=m_WCI3EQRwQ",
        "stream_status": "TRUE",
        "stream_type": "video",
        "is_rewind": "TRUE",
        "category": "その他",
        "poi": "国立大学法人 鹿屋体育大学",
        "poi_detail": "国立大学法人 鹿屋体育大学",
        "provider": "鹿屋体育大学スポーツ情報センター - YouTube",
        "provider_url": "https://www.youtube.com/@nifsitec/streams",
        "address": "鹿児島県鹿屋市白水町1",
        "last_updated": "2024-04-21 14:12:50"
      }
    },
    {
      "type": "Feature",
      "geometry": {
        "type": "Point",
        "coordinates": [
          130.558141,
          31.560185
        ]
      },
      "properties": {
        "stream_title": "鹿屋体育大学ライブカメラ　大隅湖 - YouTube",
        "stream_url": "https://www.youtube.com/watch?v=LcTF-evTuZ0",
        "stream_status": "TRUE",
        "stream_type": "video",
        "is_rewind": "TRUE",
        "category": "河川",
        "poi": "大隅湖",
        "poi_detail": "",
        "provider": "鹿屋体育大学スポーツ情報センター - YouTube",
        "provider_url": "https://www.youtube.com/@nifsitec/streams",
        "address": "鹿児島県鹿屋市上高隈町",
        "last_updated": "2024-04-21 14:17:02"
      }
    },
    {
      "type": "Feature",
      "geometry": {
        "type": "Point",
        "coordinates": [
          130.558141,
          31.560185
        ]
      },
      "properties": {
        "stream_title": "鹿屋体育大学ライブカメラ　海洋スポーツセンター（高須海岸） - YouTube",
        "stream_url": "https://www.youtube.com/watch?v=GgJ76QDmGEU",
        "stream_status": "TRUE",
        "stream_type": "video",
        "is_rewind": "TRUE",
        "category": "海岸",
        "poi": "鹿屋体育大学 海洋スポーツセンター",
        "poi_detail": "",
        "provider": "鹿屋体育大学スポーツ情報センター - YouTube",
        "provider_url": "https://www.youtube.com/@nifsitec/streams",
        "address": "鹿児島県鹿屋市高須町2457",
        "last_updated": "2024-04-21 14:19:03"
      }
    },
    {
      "type": "Feature",
      "geometry": {
        "type": "Point",
        "coordinates": [
          133.250851,
          35.431451
        ]
      },
      "properties": {
        "stream_title": "足立美術館庭園ライブカメラ(Live: The Gardens of Adachi Museum) - YouTube",
        "stream_url": "https://www.youtube.com/watch?v=Roba3d8E1HM",
        "stream_status": "TRUE",
        "stream_type": "video",
        "is_rewind": "TRUE",
        "category": "観光",
        "poi": "足立美術館",
        "poi_detail": "枯山水庭",
        "provider": "公益財団法人足立美術館 - YouTube",
        "provider_url": "https://www.youtube.com/@user-yb9on7dp7r/streams",
        "address": "島根県安来市古川町320",
        "last_updated": "2024-04-21 14:25:39"
      }
    },
    {
      "type": "Feature",
      "geometry": {
        "type": "Point",
        "coordinates": [
          139.800949,
          35.6383059
        ]
      },
      "properties": {
        "stream_title": "【LIVE】24時間 東京 有明 お天気カメラ 24h Teikei Live Weather Camera Tokyo Ariake【テイケイ臨海基地カメラ】 - YouTube",
        "stream_url": "https://www.youtube.com/watch?v=vdk6lGhAdGQ",
        "stream_status": "TRUE",
        "stream_type": "video",
        "is_rewind": "TRUE",
        "category": "海岸",
        "poi": "テイケイグループ臨海基地",
        "poi_detail": "",
        "provider": "テイケイ公式チャンネル - YouTube",
        "provider_url": "https://www.youtube.com/@Teikei_Official",
        "address": "東京都江東区東雲二丁目14-19",
        "last_updated": "2024-04-21 14:26:05"
      }
    },
    {
      "type": "Feature",
      "geometry": {
        "type": "Point",
        "coordinates": [
          139.691717,
          35.689568
        ]
      },
      "properties": {
        "stream_title": "【LIVE】24時間 東京 新宿五丁目・新宿五丁目東交差点 ライブカメラ 24h Tokyo Shinjuku Kabukicho Live Camera【テイケイ屋上カメラ】 - YouTube",
        "stream_url": "https://www.youtube.com/watch?v=qGfEWU4iKjI",
        "stream_status": "FALSE",
        "stream_type": "video",
        "is_rewind": "TRUE",
        "category": "道路",
        "poi": "新宿五丁目東交差点",
        "poi_detail": "",
        "provider": "テイケイ公式チャンネル - YouTube",
        "provider_url": "https://www.youtube.com/@Teikei_Official",
        "address": "東京都新宿区新宿五丁目17",
        "last_updated": "2024-04-21 15:08:40"
      }
    },
    {
      "type": "Feature",
      "geometry": {
        "type": "Point",
        "coordinates": [
          139.106886,
          35.232301
        ]
      },
      "properties": {
        "stream_title": "雲海の宿　ホテル四季の館箱根芦ノ湖　ライブ配信　Japan,Hakone,Lake Ashi,Live Camera - YouTube",
        "stream_url": "https://www.youtube.com/watch?v=qYnCG4J26d8",
        "stream_status": "TRUE",
        "stream_type": "video",
        "is_rewind": "TRUE",
        "category": "河川",
        "poi": "箱根芦ノ湖",
        "poi_detail": "",
        "provider": "【公式】日本ハウス・ホテル&リゾート - YouTube",
        "provider_url": "https://www.youtube.com/@NihonhouseHR/streams",
        "address": "神奈川県足柄下郡箱根町元箱根103-241",
        "last_updated": "2024-04-21 15:10:45"
      }
    },
    {
      "type": "Feature",
      "geometry": {
        "type": "Point",
        "coordinates": [
          140.975779,
          39.696319
        ]
      },
      "properties": {
        "stream_title": "ホテル森の風鴬宿ライブカメラ（HOTEL MORINOKAZE OUSHUKU） - YouTube",
        "stream_url": "https://www.youtube.com/watch?v=-2GomybaJk0",
        "stream_status": "TRUE",
        "stream_type": "video",
        "is_rewind": "TRUE",
        "category": "観光",
        "poi": "ホテル森の風鶯宿",
        "poi_detail": "",
        "provider": "【公式】日本ハウス・ホテル&リゾート - YouTube",
        "provider_url": "https://www.youtube.com/@NihonhouseHR/streams",
        "address": "岩手県岩手郡雫石町鴬宿10-64-1",
        "last_updated": "2024-04-21 15:12:15"
      }
    },
    {
      "type": "Feature",
      "geometry": {
        "type": "Point",
        "coordinates": [
          140.121008,
          37.01977
        ]
      },
      "properties": {
        "stream_title": "ホテル森の風那須　ライブカメラHOTEL MORI NO KAZE NASU Live Camera - YouTube",
        "stream_url": "https://www.youtube.com/watch?v=_tx5tWvV1EQ",
        "stream_status": "TRUE",
        "stream_type": "video",
        "is_rewind": "TRUE",
        "category": "山岳",
        "poi": "ホテル森の風那須",
        "poi_detail": "",
        "provider": "【公式】日本ハウス・ホテル&リゾート - YouTube",
        "provider_url": "https://www.youtube.com/@NihonhouseHR/streams",
        "address": "栃木県那須郡那須町大字高久丙1179-2",
        "last_updated": "2024-04-21 15:13:11"
      }
    },
    {
      "type": "Feature",
      "geometry": {
        "type": "Point",
        "coordinates": [
          130.558141,
          31.560185
        ]
      },
      "properties": {
        "stream_title": "🌸鹿児島県南九州市岩屋公園内の清水磨崖仏群です。 - YouTube",
        "stream_url": "https://www.youtube.com/watch?v=zv8sv0F2CFU",
        "stream_status": "FALSE",
        "stream_type": "video",
        "is_rewind": "TRUE",
        "category": "山岳",
        "poi": "清水磨崖仏",
        "poi_detail": "岩屋公園サクラノヤカタ",
        "provider": "岩屋公園キャンプ場 - YouTube",
        "provider_url": "https://www.youtube.com/@iwayacamp/streams",
        "address": "鹿児島県南九州市川辺町清水3882",
        "last_updated": "2024-04-21 15:14:52"
      }
    },
    {
      "type": "Feature",
      "geometry": {
        "type": "Point",
        "coordinates": [
          130.558141,
          31.560185
        ]
      },
      "properties": {
        "stream_title": "🎥LIVECAM　岩屋公園キャンプ場流水プールカメラ（万之瀬川） - YouTube",
        "stream_url": "https://www.youtube.com/watch?v=DsPXBk0VxnI",
        "stream_status": "FALSE",
        "stream_type": "video",
        "is_rewind": "TRUE",
        "category": "河川",
        "poi": "万之瀬川",
        "poi_detail": "岩屋公園キャンプ場",
        "provider": "岩屋公園キャンプ場 - YouTube",
        "provider_url": "https://www.youtube.com/@iwayacamp/streams",
        "address": "鹿児島県南九州市川辺町清水3882",
        "last_updated": "2024-04-21 15:16:42"
      }
    },
    {
      "type": "Feature",
      "geometry": {
        "type": "Point",
        "coordinates": [
          130.558141,
          31.560185
        ]
      },
      "properties": {
        "stream_title": "🌸🎥鹿児島県南九州市　岩屋公園キャンプ場　桜の開花状況CAM - YouTube",
        "stream_url": "https://www.youtube.com/watch?v=r5UvbonRGIE",
        "stream_status": "FALSE",
        "stream_type": "video",
        "is_rewind": "TRUE",
        "category": "河川",
        "poi": "岩屋公園キャンプ場",
        "poi_detail": "岩屋公園キャンプ場",
        "provider": "岩屋公園キャンプ場 - YouTube",
        "provider_url": "https://www.youtube.com/@iwayacamp/streams",
        "address": "鹿児島県南九州市川辺町清水3882",
        "last_updated": "2024-04-21 15:17:12"
      }
    },
    {
      "type": "Feature",
      "geometry": {
        "type": "Point",
        "coordinates": [
          130.298799,
          33.249322
        ]
      },
      "properties": {
        "stream_title": "佐賀 嬉野 ライブカメラ - YouTube",
        "stream_url": "https://www.youtube.com/watch?v=91Mn16nJvmA",
        "stream_status": "FALSE",
        "stream_type": "video",
        "is_rewind": "TRUE",
        "category": "その他",
        "poi": "嬉野市内・国道34号",
        "poi_detail": "野市内",
        "provider": "田舎のITエンジニア - YouTube",
        "provider_url": "https://www.youtube.com/@inakanoit/streams",
        "address": "佐賀県嬉野市嬉野町大字下宿",
        "last_updated": "2024-04-21 15:18:42"
      }
    },
    {
      "type": "Feature",
      "geometry": {
        "type": "Point",
        "coordinates": [
          130.558141,
          31.560185
        ]
      },
      "properties": {
        "stream_title": "【4K LIVE】雨の島 山と空と雲 いまの屋久島 永田岳 - YouTube",
        "stream_url": "https://www.youtube.com/watch?v=Y6bzZY24c8I",
        "stream_status": "FALSE",
        "stream_type": "video",
        "is_rewind": "TRUE",
        "category": "山岳",
        "poi": "永田岳",
        "poi_detail": "",
        "provider": "ライブカメラ見ませんか 【 Shingenn しんげん 】 - YouTube",
        "provider_url": "https://www.youtube.com/@shingenn/streams",
        "address": "鹿児島県熊毛郡屋久島町永田",
        "last_updated": "2024-07-25 20:57:41"
      }
    },
    {
      "type": "Feature",
      "geometry": {
        "type": "Point",
        "coordinates": [
          139.407846,
          35.713981
        ]
      },
      "properties": {
        "stream_title": "【4K LIVE】東京立川ライブカメラ 空に星と雲 遥かな富士山 - YouTube",
        "stream_url": "https://www.youtube.com/watch?v=RFAby-vdhF0",
        "stream_status": "FALSE",
        "stream_type": "video",
        "is_rewind": "TRUE",
        "category": "その他",
        "poi": "立川市",
        "poi_detail": "",
        "provider": "ライブカメラ見ませんか 【 Shingenn しんげん 】 - YouTube",
        "provider_url": "https://www.youtube.com/@shingenn/streams",
        "address": "東京都立川市",
        "last_updated": "2024-07-25 20:57:46"
      }
    },
    {
      "type": "Feature",
      "geometry": {
        "type": "Point",
        "coordinates": [
          130.558141,
          31.560185
        ]
      },
      "properties": {
        "stream_title": "【HD LIVE】雨の島 田んぼと空と雲 いまの屋久島 小動物や蟲や蛙の声 - YouTube",
        "stream_url": "https://www.youtube.com/watch?v=Ze5hmJcooGw",
        "stream_status": "FALSE",
        "stream_type": "video",
        "is_rewind": "TRUE",
        "category": "山岳",
        "poi": "屋久島",
        "poi_detail": "",
        "provider": "ライブカメラ見ませんか 【 Shingenn しんげん 】 - YouTube",
        "provider_url": "https://www.youtube.com/@shingenn/streams",
        "address": "鹿児島県熊毛郡屋久島町永田",
        "last_updated": "2024-07-25 20:57:50"
      }
    },
    {
      "type": "Feature",
      "geometry": {
        "type": "Point",
        "coordinates": [
          127.680975,
          26.212365
        ]
      },
      "properties": {
        "stream_title": "【HD LIVE STREAM】 AMERICAN VILLAGE in Okinawa　沖縄ライブカメラ - YouTube",
        "stream_url": "https://www.youtube.com/watch?v=briBfx5IZbg",
        "stream_status": "TRUE",
        "stream_type": "video",
        "is_rewind": "TRUE",
        "category": "観光",
        "poi": "美浜タウンリゾート・アメリカンビレッジ",
        "poi_detail": "",
        "provider": "SAKURAYA CHANNEL OKINAWA - YouTube",
        "provider_url": "https://www.youtube.com/@sakurayachannelokinawa8730/streams",
        "address": "沖縄県中頭郡北谷町美浜",
        "last_updated": "2024-07-25 20:58:17"
      }
    },
    {
      "type": "Feature",
      "geometry": {
        "type": "Point",
        "coordinates": [
          127.680975,
          26.212365
        ]
      },
      "properties": {
        "stream_title": " 8131okichan　恩納村 ムーンビーチ 前兼久漁港 真栄田岬 ライブカメラ　Okinawa onna MoonBeach Live Camera - YouTube",
        "stream_url": "https://www.youtube.com/watch?v=R9b_G-aE1Ns",
        "stream_status": "TRUE",
        "stream_type": "video",
        "is_rewind": "TRUE",
        "category": "海岸",
        "poi": "ムーンビーチ",
        "poi_detail": "",
        "provider": "8131 okichan - YouTube",
        "provider_url": "https://www.youtube.com/@okichan-kf6hg/streams",
        "address": "沖縄県前兼久",
        "last_updated": "2024-07-25 20:58:28"
      }
    },
    {
      "type": "Feature",
      "geometry": {
        "type": "Point",
        "coordinates": [
          127.695213,
          26.218591
        ]
      },
      "properties": {
        "stream_title": " 8131okichan 沖縄　国際通り　ロピア通り　ライブ映像　Okinawa Kokusai Street Live Camera - YouTube",
        "stream_url": "https://www.youtube.com/watch?v=mEYoi4X723s",
        "stream_status": "TRUE",
        "stream_type": "video",
        "is_rewind": "TRUE",
        "category": "観光",
        "poi": "国際通り",
        "poi_detail": "",
        "provider": "8131 okichan - YouTube",
        "provider_url": "https://www.youtube.com/@okichan-kf6hg/streams",
        "address": "沖縄県那覇市安里二丁目4-12",
        "last_updated": "2024-07-25 20:58:32"
      }
    },
    {
      "type": "Feature",
      "geometry": {
        "type": "Point",
        "coordinates": [
          127.680975,
          26.212365
        ]
      },
      "properties": {
        "stream_title": "沖縄かりゆしビーチリゾート・オーシャンスパ ライブカメラ - YouTube",
        "stream_url": "https://www.youtube.com/watch?v=prFHxkdE3GY",
        "stream_status": "TRUE",
        "stream_type": "video",
        "is_rewind": "TRUE",
        "category": "観光",
        "poi": "沖縄かりゆしビーチリゾート・オーシャンスパ",
        "poi_detail": "",
        "provider": "Kariyushi Hotels - YouTube",
        "provider_url": "https://www.youtube.com/@Kariyushi.Hotels/streams",
        "address": "沖縄県国頭郡恩納村名嘉真 ヤーシ原2591-1",
        "last_updated": "2024-07-25 20:58:35"
      }
    },
    {
      "type": "Feature",
      "geometry": {
        "type": "Point",
        "coordinates": [
          127.680975,
          26.212365
        ]
      },
      "properties": {
        "stream_title": " 【LIVE】沖縄・石垣島（Ishigaki Island) Okinawa JAPAN｜RBC News - YouTube",
        "stream_url": "https://www.youtube.com/watch?v=MKMk5UqVLcc",
        "stream_status": "TRUE",
        "stream_type": "video",
        "is_rewind": "TRUE",
        "category": "海岸",
        "poi": "石垣島",
        "poi_detail": "",
        "provider": "【琉球放送】RBC NEWS - YouTube",
        "provider_url": "https://www.youtube.com/@rbcnewslink/streams",
        "address": "沖縄県石垣市",
        "last_updated": "2024-07-25 20:58:40"
      }
    },
    {
      "type": "Feature",
      "geometry": {
        "type": "Point",
        "coordinates": [
          127.651985,
          26.210713
        ]
      },
      "properties": {
        "stream_title": "【LIVE】沖縄・那覇空港（Naha Airport） Okinawa JAPAN｜RBC News - YouTube",
        "stream_url": "https://www.youtube.com/watch?v=jCvAUY8SanQ",
        "stream_status": "FALSE",
        "stream_type": "video",
        "is_rewind": "TRUE",
        "category": "空港",
        "poi": "那覇空港",
        "poi_detail": "",
        "provider": "【琉球放送】RBC NEWS - YouTube",
        "provider_url": "https://www.youtube.com/@rbcnewslink/streams",
        "address": "沖縄県那覇市字鏡水150",
        "last_updated": "2024-07-25 20:58:45"
      }
    },
    {
      "type": "Feature",
      "geometry": {
        "type": "Point",
        "coordinates": [
          139.857233,
          35.683752
        ]
      },
      "properties": {
        "stream_title": " TOKYO 郊外からのライブカメラ - YouTube",
        "stream_url": "https://www.youtube.com/watch?v=SfK-NLz9-BM",
        "stream_status": "TRUE",
        "stream_type": "video",
        "is_rewind": "TRUE",
        "category": "河川",
        "poi": "中川・荒川",
        "poi_detail": "",
        "provider": "荒川なう - YouTube",
        "provider_url": "https://www.youtube.com/@ossyoskw/streams",
        "address": "東京都江戸川区船堀二丁目",
        "last_updated": "2024-07-25 20:58:49"
      }
    },
    {
      "type": "Feature",
      "geometry": {
        "type": "Point",
        "coordinates": [
          140.716105,
          41.764818
        ]
      },
      "properties": {
        "stream_title": "【ライブ】函館山と十字街 / Mt. Hakodate and Tram [LIVE] - YouTube",
        "stream_url": "https://www.youtube.com/watch?v=BxWd4bc1KiU",
        "stream_status": "TRUE",
        "stream_type": "video",
        "is_rewind": "TRUE",
        "category": "鉄道",
        "poi": "十字街",
        "poi_detail": "",
        "provider": "Maniac Japan Travel - YouTube",
        "provider_url": "https://www.youtube.com/@MJT-",
        "address": "北海道函館市末広町8",
        "last_updated": "2024-07-25 20:59:00"
      }
    },
    {
      "type": "Feature",
      "geometry": {
        "type": "Point",
        "coordinates": [
          135.400933,
          34.784295
        ]
      },
      "properties": {
        "stream_title": " 伊丹空港　ライブ配信　2024.05.07　(スカイランドHARADA)　Osaka International Airport　Japan - YouTube",
        "stream_url": "https://www.youtube.com/watch?v=apog1DBabJg",
        "stream_status": "TRUE",
        "stream_type": "video",
        "is_rewind": "TRUE",
        "category": "空港",
        "poi": "大阪国際空港 (伊丹空港)",
        "poi_detail": "スカイランドHARADA",
        "provider": "Mattsu m - YouTube",
        "provider_url": "https://www.youtube.com/@mattsu-m",
        "address": "兵庫県伊丹市岩屋1丁目10",
        "last_updated": "2024-07-25 20:59:10"
      }
    },
    {
      "type": "Feature",
      "geometry": {
        "type": "Point",
        "coordinates": [
          145.059243,
          43.085565
        ]
      },
      "properties": {
        "stream_title": " 浜中町霧多布湿原センターからのMGロード - YouTube",
        "stream_url": "https://www.youtube.com/watch?v=9FXQRplaWc8",
        "stream_status": "TRUE",
        "stream_type": "video",
        "is_rewind": "TRUE",
        "category": "道路",
        "poi": "MGロード",
        "poi_detail": "浜中町霧多布湿原センター",
        "provider": "浜中町ライブカメラ - YouTube",
        "provider_url": "https://www.youtube.com/@hamanaka-livecam",
        "address": "北海道厚岸郡浜中町四番沢20-20 2階",
        "last_updated": "2024-07-25 20:59:15"
      }
    },
    {
      "type": "Feature",
      "geometry": {
        "type": "Point",
        "coordinates": [
          139.691717,
          35.689568
        ]
      },
      "properties": {
        "stream_title": "Tokyo Live Camera Ch1 [4K] 東京 汐留 鉄道 ライブカメラ - YouTube",
        "stream_url": "https://www.youtube.com/watch?v=kmo17mb5LvI",
        "stream_status": "TRUE",
        "stream_type": "video",
        "is_rewind": "TRUE",
        "category": "その他",
        "poi": "汐留",
        "poi_detail": "",
        "provider": "Tokyo Live Camera - YouTube",
        "provider_url": "https://www.youtube.com/@TokyoLiveCamera",
        "address": "東京都港区東新橋二丁目18-1",
        "last_updated": "2024-07-25 20:59:27"
      }
    },
    {
      "type": "Feature",
      "geometry": {
        "type": "Point",
        "coordinates": [
          139.691717,
          35.689568
        ]
      },
      "properties": {
        "stream_title": "【石神井川】加賀橋映像監視局［板橋区加賀1］ - YouTube",
        "stream_url": "https://www.youtube.com/watch?v=HkEzkeijlew",
        "stream_status": "TRUE",
        "stream_type": "video",
        "is_rewind": "FALSE",
        "category": "河川",
        "poi": "石神井川",
        "poi_detail": "",
        "provider": "東京都水防チャンネル - YouTube",
        "provider_url": "https://www.youtube.com/@TokyoSuibou",
        "address": "東京都板橋区加賀一丁目",
        "last_updated": "2024-07-25 20:59:37"
      }
    },
    {
      "type": "Feature",
      "geometry": {
        "type": "Point",
        "coordinates": [
          139.691717,
          35.689568
        ]
      },
      "properties": {
        "stream_title": " 【白子川】子安橋映像監視局［練馬区旭町3］ - YouTube",
        "stream_url": "https://www.youtube.com/watch?v=93DsB7VeJ-w",
        "stream_status": "TRUE",
        "stream_type": "video",
        "is_rewind": "FALSE",
        "category": "河川",
        "poi": "白子川",
        "poi_detail": "",
        "provider": "東京都水防チャンネル - YouTube",
        "provider_url": "https://www.youtube.com/@TokyoSuibou",
        "address": "東京都練馬区旭町三丁目",
        "last_updated": "2024-07-25 20:59:42"
      }
    },
    {
      "type": "Feature",
      "geometry": {
        "type": "Point",
        "coordinates": [
          139.468484,
          35.754624
        ]
      },
      "properties": {
        "stream_title": "【空堀川】丸山橋映像監視局［東村山市栄町1］ - YouTube",
        "stream_url": "https://www.youtube.com/watch?v=YaVQKiU-VJ0",
        "stream_status": "TRUE",
        "stream_type": "video",
        "is_rewind": "FALSE",
        "category": "河川",
        "poi": "空堀川",
        "poi_detail": "",
        "provider": "東京都水防チャンネル - YouTube",
        "provider_url": "https://www.youtube.com/@TokyoSuibou",
        "address": "東京都東村山市栄町一丁目",
        "last_updated": "2024-07-25 20:59:45"
      }
    },
    {
      "type": "Feature",
      "geometry": {
        "type": "Point",
        "coordinates": [
          139.691717,
          35.689568
        ]
      },
      "properties": {
        "stream_title": "【新河岸川】浮間橋映像監視局［北区浮間1］ - YouTube",
        "stream_url": "https://www.youtube.com/watch?v=ec8nY1JZ6zA",
        "stream_status": "TRUE",
        "stream_type": "video",
        "is_rewind": "FALSE",
        "category": "河川",
        "poi": "新河岸川",
        "poi_detail": "",
        "provider": "東京都水防チャンネル - YouTube",
        "provider_url": "https://www.youtube.com/@TokyoSuibou",
        "address": "東京都北区浮間一丁目",
        "last_updated": "2024-07-25 20:59:49"
      }
    },
    {
      "type": "Feature",
      "geometry": {
        "type": "Point",
        "coordinates": [
          139.780199,
          35.80647
        ]
      },
      "properties": {
        "stream_title": " 【毛長川】毛長橋映像監視局［足立区古千谷本町4］ - YouTube",
        "stream_url": "https://www.youtube.com/watch?v=uqrjVpaPHCM",
        "stream_status": "TRUE",
        "stream_type": "video",
        "is_rewind": "FALSE",
        "category": "河川",
        "poi": "毛長川",
        "poi_detail": "",
        "provider": "東京都水防チャンネル - YouTube",
        "provider_url": "https://www.youtube.com/@TokyoSuibou",
        "address": "東京都足立区古千谷本町四丁目",
        "last_updated": "2024-07-25 20:59:51"
      }
    },
    {
      "type": "Feature",
      "geometry": {
        "type": "Point",
        "coordinates": [
          139.610754,
          35.622544
        ]
      },
      "properties": {
        "stream_title": " 【野川】鎌田橋野川映像監視局［世田谷区鎌田4］ - YouTube",
        "stream_url": "https://www.youtube.com/watch?v=fk37cmRWx3c",
        "stream_status": "TRUE",
        "stream_type": "video",
        "is_rewind": "FALSE",
        "category": "河川",
        "poi": "野川",
        "poi_detail": "",
        "provider": "東京都水防チャンネル - YouTube",
        "provider_url": "https://www.youtube.com/@TokyoSuibou",
        "address": "東京都世田谷区鎌田四丁目",
        "last_updated": "2024-07-25 20:59:58"
      }
    },
    {
      "type": "Feature",
      "geometry": {
        "type": "Point",
        "coordinates": [
          137.629889,
          36.246906
        ]
      },
      "properties": {
        "stream_title": "[4K] 上高地河童橋ライブカメラ KAMIKOCHI KAPPA-BASHI LIVE CAMERA - YouTube\thttps://www.youtube.com/watch?v=Iv2VUE_UhRQ",
        "stream_url": "https://www.youtube.com/watch?v=Iv2VUE_UhRQ",
        "stream_status": "TRUE",
        "stream_type": "video",
        "is_rewind": "TRUE",
        "category": "河川",
        "poi": "上高地河童橋",
        "poi_detail": "五千尺ホテル上高地",
        "provider": "五千尺ホテル上高地 - YouTube",
        "provider_url": "https://www.youtube.com/@gosenjaku-hotel",
        "address": "長野県松本市上高地4468",
        "last_updated": "2024-07-13 15:10:52"
      }
    },
    {
      "type": "Feature",
      "geometry": {
        "type": "Point",
        "coordinates": [
          132.469061,
          34.379884
        ]
      },
      "properties": {
        "stream_title": "【LIVE】広島駅南口ライブカメラ 巨大な橋桁がついに橋脚へ　路面電車が2階に直結　新駅ビル建設進む南口の様子 Live Camera Hiroshima Station【RCC NEWS DIG】 - YouTube",
        "stream_url": "https://www.youtube.com/watch?v=iZFJJoTcSfg",
        "stream_status": "TRUE",
        "stream_type": "video",
        "is_rewind": "FALSE",
        "category": "道路",
        "poi": "広島駅前交差点",
        "poi_detail": "広島JPビルディング",
        "provider": "RCC NEWS DIG Powered by JNN - YouTube",
        "provider_url": "https://www.youtube.com/@rccnewsdig",
        "address": "広島県広島市南区松原町2-62",
        "last_updated": "2024-07-11 19:05:06"
      }
    },
    {
      "type": "Feature",
      "geometry": {
        "type": "Point",
        "coordinates": [
          138.568379,
          35.663935
        ]
      },
      "properties": {
        "stream_title": "FUJIYAMAタワーライブカメラ／Live stream of Mt.Fuji from \"FUJIYAMA TOWER\" , Fuji-Q Highland - YouTube",
        "stream_url": "https://www.youtube.com/watch?v=_6nLps25Kws",
        "stream_status": "TRUE",
        "stream_type": "video",
        "is_rewind": "TRUE",
        "category": "山岳",
        "poi": "富士山",
        "poi_detail": "FUJIYAMAタワー",
        "provider": "フジヤマNAVI - YouTube",
        "provider_url": "https://www.youtube.com/@fujiyamanavi",
        "address": "山梨県南都留郡富士吉田市新西原5丁目6-1",
        "last_updated": "2024-07-11 19:10:34"
      }
    },
    {
      "type": "Feature",
      "geometry": {
        "type": "Point",
        "coordinates": [
          138.807857,
          35.487499
        ]
      },
      "properties": {
        "stream_title": "富士山ライブカメラ（富士山駅ターミナルビル「Q-STA」富士山展望デッキ）／Live stream of Mt.Fuji from Fujikyu Railway Fujisan Station - YouTube",
        "stream_url": "https://www.youtube.com/watch?v=0KMeH_vh0Bk",
        "stream_status": "TRUE",
        "stream_type": "video",
        "is_rewind": "TRUE",
        "category": "観光",
        "poi": "富士山",
        "poi_detail": "富士山展望デッキ",
        "provider": "フジヤマNAVI - YouTube",
        "provider_url": "https://www.youtube.com/@fujiyamanavi",
        "address": "山梨県富士吉田市上吉田2丁目5-1",
        "last_updated": "2024-07-13 15:58:19"
      }
    },
    {
      "type": "Feature",
      "geometry": {
        "type": "Point",
        "coordinates": [
          134.04339,
          34.34016
        ]
      },
      "properties": {
        "stream_title": "【LIVEカメラ】瀬戸大橋ライブカメラ Seto Ohashi Bridge Livecamera - YouTube",
        "stream_url": "https://www.youtube.com/watch?v=TGxd6RJTLck",
        "stream_status": "TRUE",
        "stream_type": "video",
        "is_rewind": "TRUE",
        "category": "海岸",
        "poi": "瀬戸大橋",
        "poi_detail": "",
        "provider": "KBN - YouTube",
        "provider_url": "https://www.youtube.com/@KBNkagawa",
        "address": "香川県坂出市与島町587",
        "last_updated": "2024-07-13 15:45:53"
      }
    },
    {
      "type": "Feature",
      "geometry": {
        "type": "Point",
        "coordinates": [
          141.563165,
          42.985255
        ]
      },
      "properties": {
        "stream_title": "ライブカメラ 北広島市（STV札幌テレビ放送）北海道北広島市／Live Camera Kitahirosima City, Hokkaido - YouTube",
        "stream_url": "https://www.youtube.com/watch?v=Qp0Pu-9YAos",
        "stream_status": "TRUE",
        "stream_type": "video",
        "is_rewind": "FALSE",
        "category": "鉄道",
        "poi": "",
        "poi_detail": "北広島市役所庁舎",
        "provider": "STV札幌テレビ放送 公式 - YouTube",
        "provider_url": "https://www.youtube.com/@STVhokkaido",
        "address": "北海道北広島市中央四丁目2-1",
        "last_updated": "2024-07-13 15:51:57"
      }
    },
    {
      "type": "Feature",
      "geometry": {
        "type": "Point",
        "coordinates": [
          144.040609,
          44.0902473
        ]
      },
      "properties": {
        "stream_title": "[LIVE][北海道北見市常呂町]大友産業より道道北見常呂線・常呂町基線交差点ライブ (HOKKAIDO KITAMI TOKORO LIVECAMERA) - YouTube",
        "stream_url": "https://www.youtube.com/watch?v=94Y6ybrTYQY",
        "stream_status": "TRUE",
        "stream_type": "video",
        "is_rewind": "TRUE",
        "category": "道路",
        "poi": "道道北見常呂線・常呂町基線交差点",
        "poi_detail": "",
        "provider": "大友産業ライブ - YouTube",
        "provider_url": "https://www.youtube.com/@ohtomoindustry",
        "address": "北海道北見市常呂町字共立51-2",
        "last_updated": "2024-07-13 16:05:38"
      }
    },
    {
      "type": "Feature",
      "geometry": {
        "type": "Point",
        "coordinates": [
          143.351622,
          43.199175
        ]
      },
      "properties": {
        "stream_title": "北海道士幌町のライブカメラ Shihoro town, Hokkaido, Japan - YouTube",
        "stream_url": "https://www.youtube.com/watch?v=cElpVZpu1wI",
        "stream_status": "TRUE",
        "stream_type": "video",
        "is_rewind": "TRUE",
        "category": "道路",
        "poi": "北海道士幌町",
        "poi_detail": "",
        "provider": "ジャガイモンプロジェクト - YouTube",
        "provider_url": "https://www.youtube.com/@jagaimonpj",
        "address": "北海道河東郡士幌町字士幌",
        "last_updated": "2024-07-13 16:10:58"
      }
    },
    {
      "type": "Feature",
      "geometry": {
        "type": "Point",
        "coordinates": [
          140.223951,
          41.9162651
        ]
      },
      "properties": {
        "stream_title": "厚沢部町ライブカメラ Assabu.Hokkaidou - YouTube",
        "stream_url": "https://www.youtube.com/watch?v=_oPs95Sb4Rc",
        "stream_status": "TRUE",
        "stream_type": "video",
        "is_rewind": "TRUE",
        "category": "道路",
        "poi": "北海道檜山郡厚沢部町本町の交差点",
        "poi_detail": "",
        "provider": "有限会社マルジュウ高田 厚沢部観光バス - YouTube",
        "provider_url": "https://www.youtube.com/@user-nn5xh1kt1t",
        "address": "北海道檜山郡厚沢部町本町27-1",
        "last_updated": "2024-07-13 16:18:31"
      }
    },
    {
      "type": "Feature",
      "geometry": {
        "type": "Point",
        "coordinates": [
          141.767125,
          43.162152
        ]
      },
      "properties": {
        "stream_title": "いわみざわ公園バラ園ライブカメラ - YouTube",
        "stream_url": "https://www.youtube.com/watch?v=PkPoSNnXqBk",
        "stream_status": "TRUE",
        "stream_type": "video",
        "is_rewind": "FALSE",
        "category": "観光",
        "poi": "いわみざわ公園バラ園",
        "poi_detail": "",
        "provider": "[北海道岩見沢市公式]いわみざわ動画サイト - YouTube",
        "provider_url": "https://www.youtube.com/@user-oj5ho2qm3h",
        "address": "北海道岩見沢市志文町794",
        "last_updated": "2024-07-13 16:22:15"
      }
    },
    {
      "type": "Feature",
      "geometry": {
        "type": "Point",
        "coordinates": [
          139.48947,
          35.3087662
        ]
      },
      "properties": {
        "stream_title": "【江の島 ライブカメラ3】🐬腰越海岸：Enoshima LiveCamera3 24Hours - YouTube",
        "stream_url": "https://www.youtube.com/watch?v=WtkI9yUqUxk",
        "stream_status": "TRUE",
        "stream_type": "video",
        "is_rewind": "TRUE",
        "category": "海岸",
        "poi": "腰越海岸 (江の島片瀬海岸) ",
        "poi_detail": "",
        "provider": "FlyingSuika - YouTube",
        "provider_url": "https://www.youtube.com/@FlyingSuika",
        "address": "神奈川県鎌倉市腰越三丁目9-5",
        "last_updated": "2024-07-13 16:28:50"
      }
    },
    {
      "type": "Feature",
      "geometry": {
        "type": "Point",
        "coordinates": [
          130.964496,
          33.955503
        ]
      },
      "properties": {
        "stream_title": "関門海峡【LIVE CAMERA】癒しの空間、関門海峡を（門司港から）ライブ配信中！ 船の汽笛が聴けるように生音での配信（壇ノ浦の戦いの場）※チャット参加の方は概要欄一読を🙏 - YouTube",
        "stream_url": "https://www.youtube.com/watch?v=_r-g8wU-0o8",
        "stream_status": "TRUE",
        "stream_type": "video",
        "is_rewind": "TRUE",
        "category": "海岸",
        "poi": "関門海峡",
        "poi_detail": "",
        "provider": "SEA & SKY ch - YouTube",
        "provider_url": "https://www.youtube.com/@kanmon",
        "address": "福岡県北九州市門司区旧門司二丁目1",
        "last_updated": "2024-07-13 16:42:29"
      }
    },
    {
      "type": "Feature",
      "geometry": {
        "type": "Point",
        "coordinates": [
          139.870085,
          34.996608
        ]
      },
      "properties": {
        "stream_title": "【館山 ライブカメラ】海辺の遊び屋KNOTS - YouTube",
        "stream_url": "https://www.youtube.com/watch?v=VRghhPGjTuA",
        "stream_status": "TRUE",
        "stream_type": "video",
        "is_rewind": "TRUE",
        "category": "海岸",
        "poi": "海辺の遊び屋KNOTS",
        "poi_detail": "",
        "provider": "e-CAMチャンネル - YouTube",
        "provider_url": "https://www.youtube.com/@e-CAM",
        "address": "千葉県館山市八幡821-1",
        "last_updated": "2024-07-14 17:02:36"
      }
    },
    {
      "type": "Feature",
      "geometry": {
        "type": "Point",
        "coordinates": [
          133.091951,
          34.265691
        ]
      },
      "properties": {
        "stream_title": "しまなみライブカメラ【EBC】 - YouTube",
        "stream_url": "https://www.youtube.com/watch?v=OV0JEv6C2QQ",
        "stream_status": "TRUE",
        "stream_type": "video",
        "is_rewind": "TRUE",
        "category": "海岸",
        "poi": "しまなみ海道",
        "poi_detail": "",
        "provider": "テレビ愛媛【公式】 - YouTube",
        "provider_url": "https://www.youtube.com/@tvehime",
        "address": "広島県尾道市瀬戸田町荻 多々羅大橋",
        "last_updated": "2024-07-14 17:08:47"
      }
    },
    {
      "type": "Feature",
      "geometry": {
        "type": "Point",
        "coordinates": [
          139.491116,
          35.33894
        ]
      },
      "properties": {
        "stream_title": "【江の島 ライブカメラ1】🌴海の家建設中 片瀬海岸東浜 ：Enoshima LiveCamera1 24Hours - YouTube",
        "stream_url": "https://www.youtube.com/watch?v=YI4uUat34sQ",
        "stream_status": "TRUE",
        "stream_type": "video",
        "is_rewind": "TRUE",
        "category": "海岸",
        "poi": "片瀬海岸東浜",
        "poi_detail": "",
        "provider": "FlyingSuika - YouTube",
        "provider_url": "https://www.youtube.com/@FlyingSuika",
        "address": "神奈川県藤沢市片瀬海岸一丁目15-1",
        "last_updated": "2024-07-14 17:11:26"
      }
    },
    {
      "type": "Feature",
      "geometry": {
        "type": "Point",
        "coordinates": [
          139.510273,
          35.305393
        ]
      },
      "properties": {
        "stream_title": "【Shonan Ocean House 屋上カメラ2】江ノ電 134号線ライブカメラ - YouTube",
        "stream_url": "https://www.youtube.com/watch?v=dpYlaEe9SZc",
        "stream_status": "TRUE",
        "stream_type": "video",
        "is_rewind": "TRUE",
        "category": "海岸",
        "poi": "稲村ヶ崎方面の海",
        "poi_detail": "Shonan Ocean House",
        "provider": "湘南ライブカメラ - YouTube",
        "provider_url": "https://www.youtube.com/@shonan-live",
        "address": "神奈川県鎌倉市七里ガ浜一丁目1-1",
        "last_updated": "2024-07-14 17:13:34"
      }
    },
    {
      "type": "Feature",
      "geometry": {
        "type": "Point",
        "coordinates": [
          137.105892,
          36.780804
        ]
      },
      "properties": {
        "stream_title": "海王丸ライブカメラ - YouTube",
        "stream_url": "https://www.youtube.com/watch?v=-UsW0JsRZXM",
        "stream_status": "TRUE",
        "stream_type": "video",
        "is_rewind": "TRUE",
        "category": "海岸",
        "poi": "海王丸",
        "poi_detail": "",
        "provider": "射水ケーブル海王丸ライブ - YouTube",
        "provider_url": "https://www.youtube.com/@user-zx7om3ly4p",
        "address": "富山県射水市海王町21",
        "last_updated": "2024-07-14 17:24:24"
      }
    },
    {
      "type": "Feature",
      "geometry": {
        "type": "Point",
        "coordinates": [
          139.672284,
          35.281276
        ]
      },
      "properties": {
        "stream_title": "横須賀市災害監視カメラ　うみかぜ公園 - YouTube",
        "stream_url": "https://www.youtube.com/watch?v=Yj4CHgedlVw",
        "stream_status": "TRUE",
        "stream_type": "video",
        "is_rewind": "TRUE",
        "category": "海岸",
        "poi": "うみかぜ公園",
        "poi_detail": "",
        "provider": "横須賀市公式チャンネル - YouTube",
        "provider_url": "https://www.youtube.com/@yokosukacityoffice",
        "address": "神奈川県横須賀市平成町三丁目21-44",
        "last_updated": "2024-07-14 17:29:02"
      }
    },
    {
      "type": "Feature",
      "geometry": {
        "type": "Point",
        "coordinates": [
          132.766103,
          33.841646
        ]
      },
      "properties": {
        "stream_title": "八幡浜港フェリーターミナル ライブカメラ 海 4K　Yawatahama Port Ferry Terminal Live camera Sea side - YouTube",
        "stream_url": "https://www.youtube.com/watch?v=XJ-o3WNR6Fk",
        "stream_status": "TRUE",
        "stream_type": "video",
        "is_rewind": "TRUE",
        "category": "海岸",
        "poi": "八幡浜港フェリーターミナル",
        "poi_detail": "",
        "provider": "八幡浜 市役所 - YouTube",
        "provider_url": "https://www.youtube.com/@user-pj1ew7bb1f",
        "address": "愛媛県八幡浜市出島1581-26",
        "last_updated": "2024-07-14 17:32:08"
      }
    },
    {
      "type": "Feature",
      "geometry": {
        "type": "Point",
        "coordinates": [
          140.320868,
          35.152211
        ]
      },
      "properties": {
        "stream_title": "部原海岸ライブカメラ（千葉県勝浦市部原） - YouTube",
        "stream_url": "https://www.youtube.com/watch?v=z3TH-h6UtsE",
        "stream_status": "TRUE",
        "stream_type": "video",
        "is_rewind": "TRUE",
        "category": "海岸",
        "poi": "部原海岸",
        "poi_detail": "",
        "provider": "サンセットタウン - YouTube",
        "provider_url": "https://www.youtube.com/@user-tu1ei4ht3l",
        "address": "千葉県勝浦市部原1928-25",
        "last_updated": "2024-07-14 17:36:38"
      }
    },
    {
      "type": "Feature",
      "geometry": {
        "type": "Point",
        "coordinates": [
          127.680975,
          26.212365
        ]
      },
      "properties": {
        "stream_title": "🔴【LIVE】那覇空港・瀬長島・沖縄ライブカメラ【海と飛行機の見えるステーキ専門店 ヨナーズガーデン】Okinawa Naha Airport Yonars Garden - YouTube",
        "stream_url": "https://www.youtube.com/watch?v=-0wTh5KKSoE",
        "stream_status": "TRUE",
        "stream_type": "video",
        "is_rewind": "TRUE",
        "category": "海岸",
        "poi": "瀬長島",
        "poi_detail": "ヨナーズガーデン",
        "provider": "BANKSY GINOWAN - YouTube",
        "provider_url": "https://www.youtube.com/@banksy-ginowan",
        "address": "沖縄県豊見城市字瀬長174-6 ウミカジテラス No.34",
        "last_updated": "2024-07-14 17:39:43"
      }
    },
    {
      "type": "Feature",
      "geometry": {
        "type": "Point",
        "coordinates": [
          135.406394,
          34.733554
        ]
      },
      "properties": {
        "stream_title": "尼崎市立魚つり公園 - YouTube",
        "stream_url": "https://www.youtube.com/watch?v=2dS0y7TZCPA",
        "stream_status": "TRUE",
        "stream_type": "video",
        "is_rewind": "TRUE",
        "category": "海岸",
        "poi": "尼崎市立魚つり公園",
        "poi_detail": "",
        "provider": "AMAUOTURI - YouTube",
        "provider_url": "https://www.youtube.com/@AMAUOTURI",
        "address": "兵庫県尼崎市平左衛門町66",
        "last_updated": "2024-07-14 17:42:57"
      }
    },
    {
      "type": "Feature",
      "geometry": {
        "type": "Point",
        "coordinates": [
          139.043232,
          37.922488
        ]
      },
      "properties": {
        "stream_title": "新潟日報メディアシップ２０階のライブカメラ【北側】　Live Camera in Niigata - YouTube",
        "stream_url": "https://www.youtube.com/watch?v=npUguwCxiwI",
        "stream_status": "TRUE",
        "stream_type": "video",
        "is_rewind": "TRUE",
        "category": "海岸",
        "poi": "信濃川河口",
        "poi_detail": "",
        "provider": "新潟日報 - YouTube",
        "provider_url": "https://www.youtube.com/@NiigataNippoChannel",
        "address": "新潟県新潟市中央区万代3丁目1-1",
        "last_updated": "2024-07-14 17:48:32"
      }
    },
    {
      "type": "Feature",
      "geometry": {
        "type": "Point",
        "coordinates": [
          139.355619,
          34.750058
        ]
      },
      "properties": {
        "stream_title": "元町港（大島） - YouTube",
        "stream_url": "https://www.youtube.com/watch?v=fVFhLgVTtQ0",
        "stream_status": "TRUE",
        "stream_type": "video",
        "is_rewind": "FALSE",
        "category": "海岸",
        "poi": "大島元町港",
        "poi_detail": "",
        "provider": "東京都伊豆・小笠原諸島港湾ライブカメラ - YouTube",
        "provider_url": "https://www.youtube.com/@user-yj1cz4zc7d",
        "address": "東京都大島町元町一丁目3",
        "last_updated": "2024-07-14 17:51:00"
      }
    },
    {
      "type": "Feature",
      "geometry": {
        "type": "Point",
        "coordinates": [
          134.997182,
          34.643109
        ]
      },
      "properties": {
        "stream_title": "【LIVE】明石海峡大橋ライブカメラ　瀬戸内海や淡路島の現在の様子　Akashi kaikyo Bridge and Awaji island - YouTube",
        "stream_url": "https://www.youtube.com/watch?v=TmoR3-XKgcI",
        "stream_status": "TRUE",
        "stream_type": "video",
        "is_rewind": "TRUE",
        "category": "海岸",
        "poi": "明石海峡大橋",
        "poi_detail": "",
        "provider": "朝日新聞LIVE - YouTube",
        "provider_url": "https://www.youtube.com/@LIVE-hr9eo",
        "address": "兵庫県明石市岬町33-1",
        "last_updated": "2024-07-27 22:00:23"
      }
    }
  ]
}