"id","stream_title","stream_url","stream_status","stream_type","is_rewind","category","poi","poi_detail","provider","provider_url","address","latitude","longitude","last_updated"
"yt_gmZqa0hXubA","日の出山LIVEカメラ【東京都 日の出町】","https://www.youtube.com/watch?v=gmZqa0hXubA","True","video","True","","","","(一社)日の出町観光協会","https://www.youtube.com/channel/UCsbLhJtyjuslvSMkWZkd36Q","","","","2025-01-28 01:22:13"
"yt_IvZiY3G0FfU","つるつる温泉LIVEカメラ【東京都 日の出町】","https://www.youtube.com/watch?v=IvZiY3G0FfU","True","video","True","","","","(一社)日の出町観光協会","https://www.youtube.com/channel/UCsbLhJtyjuslvSMkWZkd36Q","","35.779685","139.192497","2025-01-28 00:41:08"
"yt_nrx8PTmEYog","【LIVE】松江・宍道湖ライブカメラ","https://www.youtube.com/watch?v=nrx8PTmEYog","True","","True","","","","1ちゃん!日本海テレビ","https://www.youtube.com/channel/UCuE_--BXc0J7gIAtA_t4NnQ","","35.453436","133.049337","2025-01-28 00:43:04"
"yt_ak23Y7YxtEg","【LIVE】野鳥たちで賑わう 米子水鳥公園","https://www.youtube.com/watch?v=ak23Y7YxtEg","False","video","False","海岸","米子水鳥公園","","1ちゃん!日本海テレビ","https://www.youtube.com/channel/UCuE_--BXc0J7gIAtA_t4NnQ","鳥取県米子市彦名新田665","35.428136","133.330939","2025-01-28 01:05:33"
"yt_f8dmneVpM2k","【LIVE】鳥取市街地カメラ","https://www.youtube.com/watch?v=f8dmneVpM2k","True","","True","","","","1ちゃん!日本海テレビ","https://www.youtube.com/channel/UCuE_--BXc0J7gIAtA_t4NnQ","","35.515785","134.223764","2025-01-28 00:42:01"
"yt_MdsASCilABQ","【LIVE】大山 ますみず高原","https://www.youtube.com/watch?v=MdsASCilABQ","True","","True","","","","1ちゃん!日本海テレビ","https://www.youtube.com/channel/UCuE_--BXc0J7gIAtA_t4NnQ","","35.368264","133.514029","2025-01-28 00:43:16"
"yt_CDsZfaXqPUQ","【LIVE】野鳥たちで賑わう 米子水鳥公園","https://www.youtube.com/watch?v=CDsZfaXqPUQ","True","video","True","","","","1ちゃん!日本海テレビ","https://www.youtube.com/channel/UCuE_--BXc0J7gIAtA_t4NnQ","","35.44393","133.284463","2025-01-28 00:40:51"
"yt_zlNKmwYyLSA","【LIVE】道の駅　ゆうひパーク浜田","https://www.youtube.com/watch?v=zlNKmwYyLSA","True","","True","","","","1ちゃん!日本海テレビ","https://www.youtube.com/channel/UCuE_--BXc0J7gIAtA_t4NnQ","","34.889039","132.071229","2025-01-28 02:16:24"
"yt_STKhZ7otpNY","【LIVE】西郷港ライブカメラ　島根県隠岐の島町","https://www.youtube.com/watch?v=STKhZ7otpNY","True","video","True","","","","1ちゃん!日本海テレビ","https://www.youtube.com/channel/UCuE_--BXc0J7gIAtA_t4NnQ","","36.202915","133.334223","2025-01-28 02:16:40"
"yt_2LPSSyvj0nQ","【LIVE】道の駅 ゆうひパーク浜田 - YouTube","https://www.youtube.com/watch?v=2LPSSyvj0nQ","False","video","False","海岸","道の駅ゆうひパーク浜田","","1ちゃん!日本海テレビ - YouTube","https://www.youtube.com/@NKT1CHANNEL/streams","島根県浜田市原井町1203-1","34.899255","132.079883","2024-04-12 15:55:17"
"yt_d8KqEU3mUH4","【LIVE】西郷港ライブカメラ 島根県隠岐の島町 - YouTube","https://www.youtube.com/watch?v=d8KqEU3mUH4","False","video","False","海岸","西郷港","","1ちゃん!日本海テレビ - YouTube","https://www.youtube.com/@NKT1CHANNEL/streams","島根県隠岐郡隠岐の島町中町目貫ノ四58","36.213368","133.311705","2025-01-28 01:05:32"
"yt_2ugnw7n5ncs","【LIVE】大山 ますみず高原 - YouTube","https://www.youtube.com/watch?v=2ugnw7n5ncs","False","video","False","山岳","大山ますみず高原","","1ちゃん!日本海テレビ - YouTube","https://www.youtube.com/@NKT1CHANNEL/streams","鳥取県西伯郡伯耆町大内桝水高原1069-50","35.503704","134.238174","2024-04-13 19:16:16"
"yt_pStPoy_tnGM","【LIVE】鳥取市街地カメラ - YouTube","https://www.youtube.com/watch?v=pStPoy_tnGM","False","video","False","その他","鳥取市","鳥取市田園町","1ちゃん!日本海テレビ - YouTube","https://www.youtube.com/@NKT1CHANNEL/streams","鳥取県鳥取市田園町","35.503704","134.238174","2025-01-28 01:05:33"
"yt_ELFkEwpoNIY","【LIVE】松江・宍道湖ライブカメラ - YouTube","https://www.youtube.com/watch?v=ELFkEwpoNIY","False","video","False","その他","宍道湖","","1ちゃん!日本海テレビ - YouTube","https://www.youtube.com/@NKT1CHANNEL/streams","島根県","35.472212","133.05053","2025-01-28 01:05:32"
"yt_RgwfzuerlNQ","【LIVE】桜が見ごろを迎えた『松江城』 島根県 - YouTube","https://www.youtube.com/watch?v=RgwfzuerlNQ","False","video","False","観光","松江城","","1ちゃん!日本海テレビ - YouTube","https://www.youtube.com/@NKT1CHANNEL/streams","島根県松江市殿町1-5","35.474303","133.052059","2024-04-12 15:47:03"
"yt_gaWIO-YUGY8","湯原温泉ライブカメラ　露天風呂砂湯入口・寄り添い橋　岡山県真庭市  Yubara Onsen Live Camera　 Maniwa City, Okayama, Japan","https://www.youtube.com/watch?v=gaWIO-YUGY8","True","","True","","","","39K","https://www.youtube.com/channel/UCpBSj4JvnkOP1TJ-eIxaFKw","","35.203486","133.731232","2025-01-28 02:16:34"
"yt_PbqxYObjHms","湯原温泉お天気ライブカメラ　青空・雨・雪　岡山県真庭市  Yubara Onsen Live Camera　 Maniwa City, Okayama, Japan","https://www.youtube.com/watch?v=PbqxYObjHms","True","video","True","","","","39K","https://www.youtube.com/channel/UCpBSj4JvnkOP1TJ-eIxaFKw","","35.206797","133.731542","2025-01-28 02:16:48"
"yt_x_QaChqiMjk","湯原温泉ライブカメラ　砂湯手前・湯原国際観光ホテル菊之湯の対岸にある毘沙門天・伏見稲荷の桜並木　岡山県真庭市","https://www.youtube.com/watch?v=x_QaChqiMjk","False","video","False","観光","湯原温泉","","39K","https://www.youtube.com/channel/UCpBSj4JvnkOP1TJ-eIxaFKw","岡山県真庭市湯原温泉","34.661759","133.934894","2025-01-28 02:16:22"
"yt_HhkAVEMtcjE","[Live] 東京ライブカメラ Tokyo Live Camera Harumi flag 晴海フラッグ Toyosu 豊洲 Odaiba お台場","https://www.youtube.com/watch?v=HhkAVEMtcjE","True","video","True","海岸","お台場","晴海フラッグ","4k Tokyo live camera 東京ライブカメラ　勝どき　晴海","https://www.youtube.com/channel/UCkAB51Lbgor6SW8aE4S3zuQ"," 東京都江戸川区平井６丁目","","","2025-01-28 02:16:17"
"yt_VceZPU4Td3E","兵庫県丹波市/福知山市ライブカメラ","https://www.youtube.com/watch?v=VceZPU4Td3E","True","video","True","","","","805たんば","https://www.youtube.com/channel/UCgX4au869j1gnBR4GZwRqlQ","","35.225838","135.151027","2025-01-28 00:40:21"
"yt_yn-Rc_UeI7Y","兵庫県丹波市/山南町ライブカメラ","https://www.youtube.com/watch?v=yn-Rc_UeI7Y","False","video","False","山岳","イタリ山","イタリ山","805たんば","https://www.youtube.com/channel/UCgX4au869j1gnBR4GZwRqlQ","兵庫県丹波市山南町井原","35.177259","135.035816","2025-01-28 01:05:40"
"yt_izQpYmlPNHo","兵庫県丹波市/氷上町ライブカメラ","https://www.youtube.com/watch?v=izQpYmlPNHo","False","video","False","山岳","安全山","安全山","805たんば","https://www.youtube.com/channel/UCgX4au869j1gnBR4GZwRqlQ","兵庫県丹波市氷上町下新庄","35.177259","135.035816","2025-01-28 01:05:40"
"yt_W0U71S2XzhY","兵庫県丹波市/福知山市ライブカメラ","https://www.youtube.com/watch?v=W0U71S2XzhY","False","video","False","山岳","高谷山","高谷山","805たんば","https://www.youtube.com/channel/UCgX4au869j1gnBR4GZwRqlQ","兵庫県丹波市市島町上垣","35.177259","135.035816","2025-01-28 01:05:40"
"yt_AIDkXTIV41E","兵庫県丹波市/氷上町ライブカメラ","https://www.youtube.com/watch?v=AIDkXTIV41E","True","video","True","","","","805たんば","https://www.youtube.com/channel/UCgX4au869j1gnBR4GZwRqlQ","","35.208318","135.016882","2025-01-28 00:41:18"
"yt_FOouHMnqdEg","兵庫県丹波市/山南町ライブカメラ","https://www.youtube.com/watch?v=FOouHMnqdEg","True","","True","","","","805たんば","https://www.youtube.com/channel/UCgX4au869j1gnBR4GZwRqlQ","","35.07067","135.004909","2025-01-28 00:43:13"
"yt_WNYbnxK0-tk","兵庫県丹波市/市島町ライブカメラ","https://www.youtube.com/watch?v=WNYbnxK0-tk","False","video","False","山岳","高谷山","高谷山","805たんば","https://www.youtube.com/channel/UCgX4au869j1gnBR4GZwRqlQ","兵庫県丹波市市島町上垣","35.177259","135.035816","2025-01-28 01:05:40"
"yt_LIiRu848tbk","兵庫県丹波市/市島町ライブカメラ","https://www.youtube.com/watch?v=LIiRu848tbk","True","video","True","","","","805たんば","https://www.youtube.com/channel/UCgX4au869j1gnBR4GZwRqlQ","","35.225853","135.150867","2025-01-28 00:41:43"
"yt_urPYtl9DtVs","8131okichan 沖縄　国際通り　ロピア通り みんなのうなぎ前　ライブ映像　Okinawa Kokusai Street Live Camera","https://www.youtube.com/watch?v=urPYtl9DtVs","True","video","True","","","","8131 okichan","https://www.youtube.com/channel/UCo_JM-fsLQQLz8hovcKkK0A","","26.218866","127.695433","2025-01-28 02:16:53"
"yt_I-64gtVnmcA","8131okichan 西原町　モノレール浦西駅周辺開発 イオンモール浦西　Live Camera","https://www.youtube.com/watch?v=I-64gtVnmcA","True","video","True","","","","8131 okichan","https://www.youtube.com/channel/UCo_JM-fsLQQLz8hovcKkK0A","","26.243469","127.748455","2025-01-28 02:16:56"
"yt_R9b_G-aE1Ns","8131okichan　恩納村 ムーンビーチ 前兼久漁港 真栄田岬 ライブカメラ　Okinawa onna MoonBeach Live Camera","https://www.youtube.com/watch?v=R9b_G-aE1Ns","False","video","False","海岸","ムーンビーチ","","8131 okichan","https://www.youtube.com/channel/UCo_JM-fsLQQLz8hovcKkK0A","沖縄県前兼久","26.212365","127.680975","2025-01-28 02:16:20"
"yt_mEYoi4X723s","8131okichan 沖縄　国際通り　ロピア通り　ライブ映像　Okinawa Kokusai Street Live Camera","https://www.youtube.com/watch?v=mEYoi4X723s","False","video","False","観光","国際通り","","8131 okichan","https://www.youtube.com/channel/UCo_JM-fsLQQLz8hovcKkK0A","沖縄県那覇市安里二丁目4-12","26.218591","127.695213","2025-01-28 02:16:19"
"yt_p-ZPT9D-LEY","AAB情報カメラライブ（秋田空港）","https://www.youtube.com/watch?v=p-ZPT9D-LEY","True","","False","","","","AAB秋田朝日放送","https://www.youtube.com/channel/UCEobbi8fWt_DibQzOImnKqQ","","39.612039","140.219852","2025-01-28 00:43:24"
"yt_JggH-oqueck","AABブレイキングニュース＆情報カメラライブ（AAB本社）","https://www.youtube.com/watch?v=JggH-oqueck","True","video","False","","","","AAB秋田朝日放送","https://www.youtube.com/channel/UCEobbi8fWt_DibQzOImnKqQ","","39.717029","140.086366","2025-01-28 00:41:03"
"yt_V1GToC6fvLA","青森空港ライブ配信","https://www.youtube.com/watch?v=V1GToC6fvLA","True","video","True","","","","ABA青森朝日放送","https://www.youtube.com/channel/UCE5ajTJVTrsmxZJ-V3y8CLA","","40.737912","140.688921","2025-01-28 00:41:04"
"yt_ETVhBXaXh3A","青森空港ライブ配信","https://www.youtube.com/watch?v=ETVhBXaXh3A","False","video","False","空港","青森空港","","ABA青森朝日放送","https://www.youtube.com/channel/UCE5ajTJVTrsmxZJ-V3y8CLA","山形県山形市蔵王温泉上ノ代１０３","","","2025-01-28 01:22:08"
"yt_amaKNHEI7_I","ＡＢＡ青森朝日放送ライブ配信 #空港 - YouTube","https://www.youtube.com/watch?v=amaKNHEI7_I","False","video","False","空港","青森空港","","ABA青森朝日放送 - YouTube","https://www.youtube.com/@AbanetCH","青森県青森市大字大谷字小谷1-5","40.742287","140.670349","2024-05-01 21:18:07"
"yt_T0n20MogDqg","ABS秋田放送　お天気カメラ　秋田空港 （ABS's Weather Live Camera in Akita Airport）","https://www.youtube.com/watch?v=T0n20MogDqg","True","","True","","","","ABS秋田放送","https://www.youtube.com/channel/UCVRs8dYm9OH-_g4V84BfbQw","","39.61191","140.219754","2025-01-28 02:16:27"
"yt_AWK9l1i04Do","ABS秋田放送　お天気カメラ　秋田港（ABS's Weather Live Camera in the Akita Port of Akita city）","https://www.youtube.com/watch?v=AWK9l1i04Do","True","video","True","","","","ABS秋田放送","https://www.youtube.com/channel/UCVRs8dYm9OH-_g4V84BfbQw","","","","2025-01-28 02:16:16"
"yt_YmaxSfUwULE","ABS秋田放送　お天気カメラ　秋田駅前（ABS's Weather Live Cameras in Akita station square ）","https://www.youtube.com/watch?v=YmaxSfUwULE","True","video","True","","","","ABS秋田放送","https://www.youtube.com/channel/UCVRs8dYm9OH-_g4V84BfbQw","","39.716727","140.128422","2025-01-28 02:16:48"
"yt_ohs7kq00Vgw","ABS秋田放送 お天気カメラ 秋田駅前（ABS's Weather Live Cameras in Akita station square ） - YouTube","https://www.youtube.com/watch?v=ohs7kq00Vgw","False","video","False","鉄道","ＪＲ秋田駅西口","ABS秋田放送本社の屋上","ABS秋田放送 - YouTube","https://www.youtube.com/@ABS4ch/streams","秋田県秋田市中通七丁目1-1−2","39.716787","140.129255","2025-01-28 01:05:35"
"yt_OYxnAlmg3yw","ABS秋田放送 お天気カメラ 大森山（ABS's Weather Live Camera on Mt. Omoriyama ） - YouTube","https://www.youtube.com/watch?v=OYxnAlmg3yw","False","video","False","海岸","","大森山","ABS秋田放送 - YouTube","https://www.youtube.com/@ABS4ch/streams","秋田県秋田市浜田字大森山","39.719929","140.102512","2024-04-16 14:45:06"
"yt_0WMFElixNQ0","ABS秋田放送 お天気カメラ 秋田空港 （ABS's Weather Live Camera in Akita Airport） - YouTube","https://www.youtube.com/watch?v=0WMFElixNQ0","False","video","False","空港","秋田空港","","ABS秋田放送 - YouTube","https://www.youtube.com/@ABS4ch/streams","秋田県秋田市雄和椿川字山籠49","39.719929","140.102512","2025-01-28 01:05:35"
"yt_ZuL8xYZpKX4","ABS秋田放送 お天気カメラ 秋田港（ABS's Weather Live Camera in the Akita Port of Akita-shi） - YouTube","https://www.youtube.com/watch?v=ZuL8xYZpKX4","False","video","False","海岸","秋田港","秋田港","ABS秋田放送 - YouTube","https://www.youtube.com/@ABS4ch/streams","秋田県秋田市土崎港西一丁目","39.752253","140.061179","2024-04-16 14:39:57"
"yt_5oLiFTLvb7A","ABUキャンプフィールド ENGAWA BASE ライブカメラ のライブ配信","https://www.youtube.com/watch?v=5oLiFTLvb7A","True","video","True","","","","ABUキャンプフィールドライブカメラ","https://www.youtube.com/channel/UCSLFKZLfOxZ-qizxwRpffQg","","34.497345","131.467473","2025-01-28 00:41:45"
"yt_Y5-3H6ZUPmo","【ライブカメラ】岩手山　盛岡　お天気カメラ　Kawasaki Morioka Iwate Live Camera","https://www.youtube.com/watch?v=Y5-3H6ZUPmo","False","video","False","道路","ACサカモト社屋","","ACサカモト株式会社","https://www.youtube.com/channel/UC6jGw6lZY89m9xVLSUpEKXA","神奈川県厚木市厚木町２−６","","","2025-01-28 02:16:17"
"yt_63Q8D9EgJBo","AKT情報カメラライブ  4地点（緊急情報はこちらでLIVE配信します）","https://www.youtube.com/watch?v=63Q8D9EgJBo","True","video","False","","","","AKT秋田テレビ（公式）","https://www.youtube.com/channel/UC7UzAjbjzvekhio8uEJXCpw","","","","2025-01-28 02:16:14"
"yt_9WkPjgISH78","秋田空港 AKT情報カメラLIVE（夜間は秋田駅前情報カメラLIVE）","https://www.youtube.com/watch?v=9WkPjgISH78","True","video","False","","","","AKT秋田テレビ（公式）","https://www.youtube.com/channel/UC7UzAjbjzvekhio8uEJXCpw","","","","2025-01-28 01:22:08"
"yt_2dS0y7TZCPA","尼崎市立魚つり公園","https://www.youtube.com/watch?v=2dS0y7TZCPA","True","video","True","海岸","尼崎市立魚つり公園","","AMAUOTURI","https://www.youtube.com/channel/UCNkxFS9BAHACmmuo0h4IgOg","兵庫県尼崎市平左衛門町66","34.733554","135.406394","2024-07-14 17:42:57"
"yt_ZV3oCAKSNx0","【ライブ】関越自動車道・東松山IC付近をLIVE配信中！渋滞状況などチェック(右が東京方面)【LIVE: KAN-ETSU EXPWY】ANN/テレ朝","https://www.youtube.com/watch?v=ZV3oCAKSNx0","True","","True","","","","ANNnewsCH","https://www.youtube.com/channel/UCGCZAYq5Xxojl_tSXcVJhiQ","","36.028612","139.381971","2025-01-28 00:43:11"
"yt_5rxOBb4V83I","【ライブ】東名高速道路・厚木IC付近をLIVE配信中！渋滞状況などチェック(上が東京方面)【LIVE: TOMEI EXPWY】ANN/テレ朝","https://www.youtube.com/watch?v=5rxOBb4V83I","True","video","True","","","","ANNnewsCH","https://www.youtube.com/channel/UCGCZAYq5Xxojl_tSXcVJhiQ","","35.423164","139.360989","2025-01-28 00:41:41"
"yt_YZcRxaKmvU4","【ライブ】群馬県・高崎市 高崎駅周辺から24時間LIVE配信中！【LIVE: Takasaki,Gunma Takasaki Station】ANN/テレ朝","https://www.youtube.com/watch?v=YZcRxaKmvU4","True","video","True","","","","ANNnewsCH","https://www.youtube.com/channel/UCGCZAYq5Xxojl_tSXcVJhiQ","","36.322793","139.012728","2025-01-28 00:40:06"
"yt_TUd7JORZeWo","【ライブ】渋谷スクランブル交差点 / Shibuya Scramble Crossing Live Camera / ANN・テレ朝","https://www.youtube.com/watch?v=TUd7JORZeWo","True","","False","","","","ANNnewsCH","https://www.youtube.com/channel/UCGCZAYq5Xxojl_tSXcVJhiQ","","35.65974","139.700089","2025-01-28 00:42:30"
"yt_FsL_KQz4gpw","【ライブ】中央自動車道・元八王子バス停付近をLIVE配信中！渋滞状況などチェック(下が東京方面)【LIVE: CHUO EXPWY】ANN/テレ朝","https://www.youtube.com/watch?v=FsL_KQz4gpw","True","video","True","","","","ANNnewsCH","https://www.youtube.com/channel/UCGCZAYq5Xxojl_tSXcVJhiQ","","35.665855","139.296605","2025-01-28 00:40:52"
"yt_Lfl2Nj_QRXU","【LIVE】渋谷スクランブル交差点 / Shibuya Scramble Crossing Live Camera - YouTube","https://www.youtube.com/watch?v=Lfl2Nj_QRXU","False","video","False","その他","渋谷スクランブル交差点"," ","ANNnewsCH - YouTube","https://www.youtube.com/@ANNnewsCH","東京都渋谷区道玄坂二丁目1","35.659396","139.698321","2024-07-27 21:59:35"
"yt_0fd5xst6JUA","APPI Kogen Ski Resort Live Camera","https://www.youtube.com/watch?v=0fd5xst6JUA","False","video","False","山岳","安比高原スキー場ゲレンデ山麓","","APPI Kogen WEB","https://www.youtube.com/channel/UCnbwnji-8ARAkWXw0i3MaBg","岩手県八幡平市安比高原117","39.956511","141.07112","2024-04-21 15:22:19"
"yt_rlTJIjojl4w","ATV青森テレビ 公式チャンネル のライブ ストリーム","https://www.youtube.com/watch?v=rlTJIjojl4w","True","video","True","","","","ATV青森テレビ 公式チャンネル","https://www.youtube.com/channel/UCdNYphHZdRYjpys_gwofUNQ","","40.738339","140.689446","2025-01-28 00:40:15"
"yt_XyqzzI_vSCo","【LIVE】現在の青森市中心部の様子（柳町交差点）","https://www.youtube.com/watch?v=XyqzzI_vSCo","True","video","True","","","","ATV青森テレビ 公式チャンネル","https://www.youtube.com/channel/UCdNYphHZdRYjpys_gwofUNQ","","","","2025-01-28 01:22:08"
"yt_dHNGQ43ccvw","🚄東北新幹線(郡山市街) NONSTOP ライブカメラ ↖️東京↘️仙台✨MAX320km/h Shinkansen TOHOKU🗾Japan ドクターイエロー","https://www.youtube.com/watch?v=dHNGQ43ccvw","True","","True","","","","Alfa Live","https://www.youtube.com/channel/UCHxsYayZMyj1RbaAgxU0lCQ","","37.376411","140.383108","2025-01-28 00:42:29"
"yt_j6XWc3u6uY8","【ライブカメラ】岩手県奥州市水沢：お天気カメラ","https://www.youtube.com/watch?v=j6XWc3u6uY8","True","","True","","","","Answerpoint","https://www.youtube.com/channel/UCDa8UY2mQ_VQ2kLZ_BpyPUA","","39.146139","141.125282","2025-01-28 00:42:38"
"yt_s22NyobKUes","【ライブカメラ】岩手県胆沢郡金ケ崎町:お天気カメラ","https://www.youtube.com/watch?v=s22NyobKUes","True","video","True","","","","Answerpoint","https://www.youtube.com/channel/UCDa8UY2mQ_VQ2kLZ_BpyPUA","","39.188327","141.106829","2025-01-28 00:41:37"
"yt_1JUPn--Pku4","【ライブカメラ】岩手県奥州市江刺田原より　水沢の夜景•国見平スキー場や須川岳（栗駒山）：お天気カメラ（Docomo Home 5G　回線にて配信中）","https://www.youtube.com/watch?v=1JUPn--Pku4","True","video","True","","","","Answerpoint","https://www.youtube.com/channel/UCDa8UY2mQ_VQ2kLZ_BpyPUA","","39.118885","141.248409","2025-01-28 02:16:43"
"yt_jOcmIJJ97hA","【ライブカメラ】宮城県気仙沼市本吉町：かぶとむしSurfShop","https://www.youtube.com/watch?v=jOcmIJJ97hA","True","video","True","","","","Answerpoint","https://www.youtube.com/channel/UCDa8UY2mQ_VQ2kLZ_BpyPUA","","38.774182","141.512749","2025-01-28 00:41:50"
"yt_n1G_yyo5Yd8","レインボーブリッジや築地市場跡、流れ星と夜景ライブ　Meteor shower and night sky LIVE from Tsukiji Tokyo, JAPAN","https://www.youtube.com/watch?v=n1G_yyo5Yd8","True","","True","","","","Asahi Astro LIVE　朝日新聞宇宙部","https://www.youtube.com/channel/UCiN7OwV8g8dMm_E0xphBVig","","35.662113","139.771479","2025-01-28 02:16:37"
"yt_uC4j4rjGm0M","東京・神宮外苑から星空ライブ　Live Streaming of night sky from Jingu Gaien Tokyo, Japan","https://www.youtube.com/watch?v=uC4j4rjGm0M","False","","False","","","","Asahi Astro LIVE　朝日新聞宇宙部","https://www.youtube.com/channel/UCiN7OwV8g8dMm_E0xphBVig","","35.676162","139.718172","2025-01-28 02:16:35"
"yt_Vx_F7kjc2VI","東京大学木曽観測所から流れ星と星空ライブ　Meteor shower Live from Kiso Observatory U-Tokyo, JAPAN","https://www.youtube.com/watch?v=Vx_F7kjc2VI","True","video","True","","","","Asahi Astro LIVE　朝日新聞宇宙部","https://www.youtube.com/channel/UCiN7OwV8g8dMm_E0xphBVig","","35.797185","137.625424","2025-01-28 02:16:46"
"yt_4ZJs9sLBcdI","福島・滝川渓谷近くから流れ星ライブ　Meteor shower & Starry Sky 24/7 LiveStream from Fukushima, JAPAN","https://www.youtube.com/watch?v=4ZJs9sLBcdI","True","video","True","","","","Asahi Astro LIVE　朝日新聞宇宙部","https://www.youtube.com/channel/UCiN7OwV8g8dMm_E0xphBVig","","36.818331","140.468672","2025-01-28 02:16:48"
"yt_DGNIZ5XdBD4","Kompira-san and starry sky  Live from Kagawa, Japan","https://www.youtube.com/watch?v=DGNIZ5XdBD4","True","video","True","","","","Asahi Astro LIVE　朝日新聞宇宙部","https://www.youtube.com/channel/UCiN7OwV8g8dMm_E0xphBVig","","34.194778","133.834634","2025-01-28 02:16:50"
"yt_xunoXZhlHdQ","鳥取市伏野海岸ライブカメラ　The Sea of Japan live camera.","https://www.youtube.com/watch?v=xunoXZhlHdQ","True","","True","","","","Atelier COCOON","https://www.youtube.com/channel/UCLkGTD9DRsG-Y27qE9uehaQ","","35.527324","134.129306","2025-01-28 02:16:36"
"yt_54ZyYMfyGnE","🔴【LIVE】ライブカメラ沖縄  宜野湾 大謝名交差点 42X PTZ Okinawa Japan","https://www.youtube.com/watch?v=54ZyYMfyGnE","True","video","True","","","","BANKSY GINOWAN","https://www.youtube.com/channel/UCCpZAU0b2vZv598fDBlTlqw","","26.268628","127.732937","2025-01-28 02:16:53"
"yt_gMSG5rpNPbM","🔴【LIVE】那覇空港・瀬長島・沖縄ライブカメラ【海と飛行機の見えるステーキ専門店 ヨナーズガーデン】Okinawa Naha Airport Yonars Garden","https://www.youtube.com/watch?v=gMSG5rpNPbM","True","","True","","","","BANKSY GINOWAN","https://www.youtube.com/channel/UCCpZAU0b2vZv598fDBlTlqw","","26.176888","127.64046","2025-01-28 00:42:53"
"yt_-0wTh5KKSoE","🔴【LIVE】那覇空港・瀬長島・沖縄ライブカメラ【海と飛行機の見えるステーキ専門店 ヨナーズガーデン】Okinawa Naha Airport Yonars Garden - YouTube","https://www.youtube.com/watch?v=-0wTh5KKSoE","False","video","False","海岸","瀬長島","ヨナーズガーデン","BANKSY GINOWAN - YouTube","https://www.youtube.com/@banksy-ginowan","沖縄県豊見城市字瀬長174-6 ウミカジテラス No.34","26.212365","127.680975","2025-01-28 01:05:42"
"yt_R86Db-9KGKg","流星群観測＆真面目にUFO観察するライブ from琵琶湖畔　星空ライブ","https://www.youtube.com/watch?v=R86Db-9KGKg","False","video","False","河川","琵琶湖","滋賀県大津市","BANTV","https://www.youtube.com/channel/UCjvpBcOLMBqktt0KJxjtJCg","滋賀県大津市","35.018357","135.854666","2025-01-28 02:16:20"
"yt_kWGj8L4KU1E","現在の琵琶湖の様子【滋賀】【生配信】【表】ライブカメラ【4K映像】","https://www.youtube.com/watch?v=kWGj8L4KU1E","True","video","True","","","","BANTV","https://www.youtube.com/channel/UCjvpBcOLMBqktt0KJxjtJCg","","35.02137","135.863533","2025-01-28 00:41:09"
"yt_CBQVtT67y9s","現在の大津港の様子 ライブカメラ　【生配信】【裏】 滋賀県 琵琶湖 【LIVE CAMERA】【琵琶湖花噴水】","https://www.youtube.com/watch?v=CBQVtT67y9s","False","video","False","河川","大津港","滋賀県大津市","BANTV","https://www.youtube.com/channel/UCjvpBcOLMBqktt0KJxjtJCg","滋賀県大津市","35.018357","135.854666","2025-01-28 02:16:20"
"yt_QfXmc9hrGu0","【琵琶湖湖畔・滋賀】リモート地蔵【お地蔵さんが本物の天気予報と琵琶湖の水位を答えてくれる】現在の砂浜の様子　浜欠けのメカニズム分析【滋賀】【外来魚回収BOX】LIVE生放送","https://www.youtube.com/watch?v=QfXmc9hrGu0","True","video","True","","","","BANTV","https://www.youtube.com/channel/UCjvpBcOLMBqktt0KJxjtJCg","","35.022098","135.863043","2025-01-28 02:16:45"
"yt_HaxNyX-GmPM","現在の大津港の様子 ライブカメラ　【生配信】【裏】 滋賀県 琵琶湖 【LIVE CAMERA】【琵琶湖花噴水】","https://www.youtube.com/watch?v=HaxNyX-GmPM","True","video","True","","","","BANTV","https://www.youtube.com/channel/UCjvpBcOLMBqktt0KJxjtJCg","","35.015539","135.866586","2025-01-28 02:16:48"
"yt_bhIBLffIDOc","新大阪ライブカメラ（Sin-Osaka Cam）HD","https://www.youtube.com/watch?v=bhIBLffIDOc","True","","True","","","","BGV Cam","https://www.youtube.com/channel/UC34eMne6xBmBqsAfA8q8ZAg","","34.735884","135.501134","2025-01-28 00:42:06"
"yt_nimkQIDuq2k","【ライブカメラ】新潟県内をライブ配信中（BSN新潟放送 情報カメラ）","https://www.youtube.com/watch?v=nimkQIDuq2k","True","","True","","","","BSN新潟 NEWS & LIVE","https://www.youtube.com/channel/UCSFteALQuWkhEeKqIGVc_UQ","","37.919574","139.053201","2025-01-28 00:42:58"
"yt_NGeDB4Xg3eA","BSN新潟放送公式チャンネル のライブ配信","https://www.youtube.com/watch?v=NGeDB4Xg3eA","True","video","True","","","","BSN新潟放送公式チャンネル","https://www.youtube.com/channel/UCoAQNKxgfE32ai4mOXNXvug","","","","2025-01-28 01:22:11"
"yt_pPOXuT_jsJo","CAWAZ base 高麗川ライブカメラ（清流橋）","https://www.youtube.com/watch?v=pPOXuT_jsJo","True","video","True","","","","CAWAZ","https://www.youtube.com/channel/UCW7VRIXWkVbe4AClf1YMdkA","","35.892965","139.323026","2025-01-28 00:41:28"
"yt__5maf6wvjpE","秋葉原ライブカメラ Akihabara live camera YouTube Live version","https://www.youtube.com/watch?v=_5maf6wvjpE","True","","True","","","","Cerevo live camera","https://www.youtube.com/channel/UCrGS8VyrgCqYwaogH5bQpxQ","","35.69952","139.77159","2025-01-28 00:42:29"
"yt_epovR647qkE","NARITA AIRPORT (さくらの山) からライブ配信中","https://www.youtube.com/watch?v=epovR647qkE","True","video","True","","","","Charlie FURUSHO NRT Base","https://www.youtube.com/channel/UCvJZPd6aw2lb54M4E-vtwjw","","35.776253","140.363372","2025-01-28 00:41:51"
"yt_4zuNIkJFlvU","カメラ操作ができます、 夕日3月～10月 が見える堀江マリンハウスライブカメラ  You can operate the camera Japan Beach Live Cam","https://www.youtube.com/watch?v=4zuNIkJFlvU","True","","True","","","","Come on guys/カモンガイス","https://www.youtube.com/channel/UCVbExwCBw3wr5vGGYe-cBPw","","33.90325","132.739873","2025-01-28 02:16:26"
"yt_8x2ugNQVZNo","堀江マリンハウス　左海面2Kライブカメラ  Live Camera","https://www.youtube.com/watch?v=8x2ugNQVZNo","True","video","True","","","","Come on guys/カモンガイス","https://www.youtube.com/channel/UCVbExwCBw3wr5vGGYe-cBPw","","33.903422","132.74103","2025-01-28 02:16:50"
"yt_lTRrvWkNfEc","堀江マリンハウス　右海面2Kライブカメラ  Live Camera","https://www.youtube.com/watch?v=lTRrvWkNfEc","True","video","True","海岸","堀江海水浴場","","Come on guys/カモンガイス","https://www.youtube.com/channel/UCVbExwCBw3wr5vGGYe-cBPw","愛媛県松山市堀江町番外222","33.839157","132.765556","2025-01-28 02:17:04"
"yt_6P4zAcTW5sk","『静岡各地情報カメラ』Daiichi-TV LIVE配信（緊急時にはニュースを配信）","https://www.youtube.com/watch?v=6P4zAcTW5sk","True","video","True","道路","静岡市","","Daiichi-TV news","https://www.youtube.com/channel/UCNGwxGuezr6aSAn9IYk4F1Q","静岡県御前崎市港６１３１","","","2025-01-28 01:22:15"
"yt_2T0oEGanW-w","(Live camera) Yomase ski resort Nagano Japan / 長野県よませ温泉スキー場　フォレストプラザ","https://www.youtube.com/watch?v=2T0oEGanW-w","True","video","True","","","","Deportare","https://www.youtube.com/channel/UCV5tOitRy4LK9e36milKJSQ","","36.780983","138.416834","2025-01-28 02:16:44"
"yt_ZsjZFtCTceQ","＜Live Camera＞ Hokkaido JR Zenibako Station Japan / 北海道 銭函駅前","https://www.youtube.com/watch?v=ZsjZFtCTceQ","True","video","True","","","","Deportare","https://www.youtube.com/channel/UCV5tOitRy4LK9e36milKJSQ","","","","2025-01-28 01:22:10"
"yt_WC6qLPZs2W8","AXIS Live Camera Q1615-LE MkIII","https://www.youtube.com/watch?v=WC6qLPZs2W8","True","video","True","","","","Digital Eye Field Lab CTS","https://www.youtube.com/channel/UCfqOi-j9FoODrcEuKAVpNhQ","","36.400208","138.285431","2025-01-28 00:41:56"
"yt_o2tQJruOk0w","【CTSライブ】 東邦亜鉛工場夜景（群馬県安中市）｜Factory night view","https://www.youtube.com/watch?v=o2tQJruOk0w","True","video","False","","","","Digital Eye Field Lab CTS","https://www.youtube.com/channel/UCfqOi-j9FoODrcEuKAVpNhQ","","","","2025-01-28 01:22:12"
"yt_W0f8PrhxyuY","Discover SENDAI Live Camera","https://www.youtube.com/watch?v=W0f8PrhxyuY","True","","True","","","","Discover SENDAI","https://www.youtube.com/channel/UClaKuQ4CsCqpPQpIB-ieqIg","","38.268307","140.869402","2025-01-28 00:42:39"
"yt_Ado_7_DMTdc","仙台城跡 Live Camera","https://www.youtube.com/watch?v=Ado_7_DMTdc","True","","True","","","","Discover SENDAI","https://www.youtube.com/channel/UClaKuQ4CsCqpPQpIB-ieqIg","","38.254604","140.858255","2025-01-28 00:42:58"
"yt_vM5RkLiSn5E","仙台市街地と仙台城跡をつなぐ大橋Live Camera","https://www.youtube.com/watch?v=vM5RkLiSn5E","True","video","True","","","","Discover SENDAI","https://www.youtube.com/channel/UClaKuQ4CsCqpPQpIB-ieqIg","","","","2025-01-28 01:22:11"
"yt_5WQEl-qsAYQ","EBISU CIRCUIT [WEST 201]","https://www.youtube.com/watch?v=5WQEl-qsAYQ","True","","True","","","","EBISU CIRCUIT [WEST 201]","https://www.youtube.com/channel/UCKfekiyPxDu3IMkYCWnfz3g","","37.644607","140.370865","2025-01-28 00:43:33"
"yt_vhl4WiYVM7k","EBISU CIRCUIT [WEST 202]","https://www.youtube.com/watch?v=vhl4WiYVM7k","True","video","True","","","","EBISU CIRCUIT [WEST 202]","https://www.youtube.com/channel/UCjz4QDdWnIyZijvf-yMMTAw","","37.644657","140.370865","2025-01-28 00:41:33"
"yt_e8tBwPvogII","【東京湾ライブカメラ】東京湾の海と空、船と飛行機の往来 24時間ライブ配信中 / Live cam","https://www.youtube.com/watch?v=e8tBwPvogII","True","video","True","海岸","東京湾","","EN DAIBA","https://www.youtube.com/channel/UCMaXtOvzgcCQt7MZwJmr7XA","東京都青梅市御岳","","","2025-01-28 01:22:06"
"yt_kaBB1tiI4d8","【有明ライブカメラ】陸海空を望む景色を24時間ライブ配信中 / Live cam","https://www.youtube.com/watch?v=kaBB1tiI4d8","True","video","True","","","","EN DAIBA","https://www.youtube.com/channel/UCMaXtOvzgcCQt7MZwJmr7XA","","35.636319","139.77462","2025-01-28 00:40:19"
"yt_dJZBqTeC-h8","【お台場ライブカメラ】お台場海浜公園 屋形船 お台場ビーチ フジテレビ / Live cam","https://www.youtube.com/watch?v=dJZBqTeC-h8","True","video","True","海岸","お台場海浜公園","","EN DAIBA","https://www.youtube.com/channel/UCMaXtOvzgcCQt7MZwJmr7XA","新潟県新潟市中央区東大通１丁目４−１","","","2025-01-28 01:22:07"
"yt__ByNEL0Ton4","【有明ライブカメラ】 LIVE Scenery overlooking land, sea and sky, Tokyo JAPAN / Tokyo Bay / Live cam","https://www.youtube.com/watch?v=_ByNEL0Ton4","True","video","True","","","","EN DAIBA GLOBAL","https://www.youtube.com/channel/UCaxxRyMskvvbpQMo-VJpNhw","","35.636319","139.77462","2025-01-28 00:40:56"
"yt_qMDxy_qbdtE","【東京湾ライブカメラ】 LIVE Tokyo Bay, Traffic between ships and planes - Sea and Sky / japan travel / Live cam","https://www.youtube.com/watch?v=qMDxy_qbdtE","True","video","True","","","","EN DAIBA GLOBAL","https://www.youtube.com/channel/UCaxxRyMskvvbpQMo-VJpNhw","","35.634247","139.776528","2025-01-28 00:41:31"
"yt_KsoxRtx01KE","【お台場ライブカメラ】 Live Beach Cam - Obaiba Beach, Tokyo JAPAN / Houseboat / japan travel / Live cam","https://www.youtube.com/watch?v=KsoxRtx01KE","True","video","True","","","","EN DAIBA GLOBAL","https://www.youtube.com/channel/UCaxxRyMskvvbpQMo-VJpNhw","","","","2025-01-28 01:22:13"
"yt_50qifG_q6no","【LIVE】㈱ＦＳＴＮＥＴ提供　コストコ　三井アウトレット　目で見る渋滞情報　直近交差点　近畿自動車道北向き","https://www.youtube.com/watch?v=50qifG_q6no","True","","True","","","","F.S.T. NET","https://www.youtube.com/channel/UCwNfkYp9gKIvQDN1kPhpCsQ","","34.727938","135.582017","2025-01-28 02:16:37"
"yt_6ckpU2kjPG8","【LIVE】Ｆ.Ｓ.Ｔ.ＮＥＴ提供　大阪心斎橋　ライブカメラ　ユニクロ前","https://www.youtube.com/watch?v=6ckpU2kjPG8","True","","True","","","","F.S.T. NET","https://www.youtube.com/channel/UCwNfkYp9gKIvQDN1kPhpCsQ","","34.674833","135.501224","2025-01-28 02:16:35"
"yt_Xtf16Aa2n3o","【LIVE】 大阪　ライブカメラ　北新地本通　ダーリンビル","https://www.youtube.com/watch?v=Xtf16Aa2n3o","True","video","False","","","","F.S.T. NET","https://www.youtube.com/channel/UCwNfkYp9gKIvQDN1kPhpCsQ","","34.697181","135.499726","2025-01-28 02:16:59"
"yt_8tDuhb9QnQ4","【LIVE】Ｆ.Ｓ.Ｔ.ＮＥＴ提供　JR三ノ宮駅　ライブカメラ　　JR三ノ宮駅　阪急電鉄　神戸三宮駅","https://www.youtube.com/watch?v=8tDuhb9QnQ4","True","","True","","","","F.S.T. NET","https://www.youtube.com/channel/UCwNfkYp9gKIvQDN1kPhpCsQ","","34.695404","135.19496","2025-01-28 02:16:33"
"yt_xcK5eioka64","【LIVE】Ｆ.Ｓ.Ｔ.ＮＥＴ提供 大阪　ライブカメラ　コリアタウン　御幸通り商店街","https://www.youtube.com/watch?v=xcK5eioka64","True","","True","","","","F.S.T. NET","https://www.youtube.com/channel/UCwNfkYp9gKIvQDN1kPhpCsQ","","34.660547","135.536954","2025-01-28 02:16:39"
"yt_S3cw0U5rha0","【高画質・ライブ映像】㈱ＦＳＴＮＥＴ提供　門真IC　コストコ　三井アウトレット目で見る渋滞情報　北→南向き 門真コストコ（Costco）前　1時間ずれています。","https://www.youtube.com/watch?v=S3cw0U5rha0","True","","True","","","","F.S.T. NET","https://www.youtube.com/channel/UCwNfkYp9gKIvQDN1kPhpCsQ","","34.728005","135.580291","2025-01-28 02:16:37"
"yt_XzthGJegRVQ","【LIVE】Ｆ.Ｓ.Ｔ.ＮＥＴ提供 大阪 ライブカメラ コリアタウン 御幸通り商店街 - YouTube","https://www.youtube.com/watch?v=XzthGJegRVQ","False","video","False","観光","生野コリアタウン","","F.S.T. NET - YouTube","https://www.youtube.com/@FSTNET-ro9cc","大阪府大阪市生野区桃谷4丁目5-17","34.686394","135.519994","2024-05-01 15:20:05"
"yt_tHMEnSTnFd4","【ライブカメラ】FBC情報カメラ　福井駅付近　福井県福井市　#ハピラインふくい #北陸新幹線","https://www.youtube.com/watch?v=tHMEnSTnFd4","True","video","True","","","","FBC 福井放送公式チャンネル","https://www.youtube.com/channel/UCS713ZZe80p12889JyaiKCA","","36.059591","136.222145","2025-01-28 02:16:58"
"yt_kOKevC8ajFg","【ライブカメラ】FBC情報カメラ　福井県福井市大和田　#トレタス #北陸新幹線","https://www.youtube.com/watch?v=kOKevC8ajFg","True","video","True","","","","FBC 福井放送公式チャンネル","https://www.youtube.com/channel/UCS713ZZe80p12889JyaiKCA","","36.097501","136.248916","2025-01-28 02:16:46"
"yt_acLJEotPVJc","【ライブカメラ】FBC情報カメラ　福井県小浜市","https://www.youtube.com/watch?v=acLJEotPVJc","True","","True","","","","FBC 福井放送公式チャンネル","https://www.youtube.com/channel/UCS713ZZe80p12889JyaiKCA","","35.499294","135.746265","2025-01-28 02:16:32"
"yt_YMT8KvzUXnY","【ライブカメラ】FBC情報カメラ　福井県大野市","https://www.youtube.com/watch?v=YMT8KvzUXnY","True","video","True","","","","FBC 福井放送公式チャンネル","https://www.youtube.com/channel/UCS713ZZe80p12889JyaiKCA","","35.93245","136.592163","2025-01-28 02:16:50"
"yt_kdTzzqRh4LQ","【ライブカメラ】FBC情報カメラ #大名町交差点 福井駅西口周辺","https://www.youtube.com/watch?v=kdTzzqRh4LQ","True","","True","","","","FBC 福井放送公式チャンネル","https://www.youtube.com/channel/UCS713ZZe80p12889JyaiKCA","","36.062547","136.217905","2025-01-28 00:42:30"
"yt_ejnUvdMmcbk","【ライブカメラ】FBC情報カメラ　福井県越前町","https://www.youtube.com/watch?v=ejnUvdMmcbk","True","video","True","","","","FBC 福井放送公式チャンネル","https://www.youtube.com/channel/UCS713ZZe80p12889JyaiKCA","","35.939987","135.993715","2025-01-28 02:16:40"
"yt_9CtFhJXbcUM","【LIVE】福岡市・天神の今の様子　FBS福岡放送　#ライブカメラ #ライブ配信","https://www.youtube.com/watch?v=9CtFhJXbcUM","True","video","True","道路","","福岡市・天神","FBS福岡放送ニュース","https://www.youtube.com/channel/UC3X-tn7gpipCqOdYWCmdyJQ","福岡県福岡市博多区築港本町２−２","","","2025-01-28 02:16:17"
"yt_1bzJTOKLihU","日光サーキットライブ配信（ホームストレート版）","https://www.youtube.com/watch?v=1bzJTOKLihU","True","video","False","","","","FLUKE LIVE","https://www.youtube.com/channel/UCvLh7UZWD9uFrtktEub7wJA","","36.662106","139.862688","2025-01-28 00:41:47"
"yt_8nNQGDwkt68","【ライブ配信】つくるまサーキット定点ライブ配信","https://www.youtube.com/watch?v=8nNQGDwkt68","True","","False","","","","FLUKE LIVE","https://www.youtube.com/channel/UCvLh7UZWD9uFrtktEub7wJA","","36.975005","139.939485","2025-01-28 00:43:18"
"yt_IQIuVqt4sj8","【LIVE】お台場・レインボーブリッジ - 首都高　ライブカメラ　Rainbow Bridge - Tokyo, Japan　 Live Cam","https://www.youtube.com/watch?v=IQIuVqt4sj8","True","video","True","","","","FNNプライムオンライン","https://www.youtube.com/channel/UCoQBJMzcwmXrRSHBFAlTsIw","","35.626178","139.77222","2025-01-28 02:16:55"
"yt_DBWgFXSMr-8","【LIVE】渋谷・スクランブル交差点　ライブカメラ 　Shibuya Scramble Crossing - Tokyo, Japan　 Live Cam","https://www.youtube.com/watch?v=DBWgFXSMr-8","True","video","False","","","","FNNプライムオンライン","https://www.youtube.com/channel/UCoQBJMzcwmXrRSHBFAlTsIw","","35.659347","139.700284","2025-01-28 02:16:54"
"yt_n3B8fp-Henc","Tokyo Odaiba Live Camera 東京 お台場 ライブカメラ 配信","https://www.youtube.com/watch?v=n3B8fp-Henc","True","","True","","","","FineScape","https://www.youtube.com/channel/UC8t7FI3O7_NV9ucGWKz2D4Q","","35.631344","139.778754","2025-01-28 00:43:32"
"yt_YI4uUat34sQ","【🔴江の島 ライブカメラ1】🌴片瀬海岸東浜 ：Enoshima LiveCamera1 24Hours","https://www.youtube.com/watch?v=YI4uUat34sQ","True","video","True","","","","FlyingSuika","https://www.youtube.com/channel/UCfoiWJgMmg4p9olz1WE0-9A","","35.30786","139.486212","2025-01-28 00:40:17"
"yt_oX4lNWun6xU","【江の島 ライブカメラ2】🏖江ノ島ズーム 湘南港夏季サーフエリア：Enoshima LiveCamera2 24Hours","https://www.youtube.com/watch?v=oX4lNWun6xU","False","video","False","海岸","江の島 片瀬海岸東浜","","FlyingSuika","https://www.youtube.com/channel/UCfoiWJgMmg4p9olz1WE0-9A","神奈川県藤沢市片瀬海岸一丁目15-1","35.33894","139.491116","2025-01-28 01:05:37"
"yt_4sCVcawon6o","【🔴江の島 ライブカメラ2】🏖江ノ島ズーム 湘南港夏季サーフエリア：Enoshima LiveCamera2 24Hours","https://www.youtube.com/watch?v=4sCVcawon6o","True","","True","","","","FlyingSuika","https://www.youtube.com/channel/UCfoiWJgMmg4p9olz1WE0-9A","","35.307979","139.486948","2025-01-28 00:43:35"
"yt_sx0AW56eQ6g","【🔴江の島 ライブカメラ4】🔭江の島 片瀬／腰越 海岸 海の家⛱  低解像度一般公開用","https://www.youtube.com/watch?v=sx0AW56eQ6g","True","","True","","","","FlyingSuika","https://www.youtube.com/channel/UCfoiWJgMmg4p9olz1WE0-9A","","35.313783","139.47674","2025-01-28 02:16:34"
"yt_WtkI9yUqUxk","【🔴江の島 ライブカメラ3】🐬腰越海岸：Enoshima LiveCamera3 24Hours","https://www.youtube.com/watch?v=WtkI9yUqUxk","True","video","True","","","","FlyingSuika","https://www.youtube.com/channel/UCfoiWJgMmg4p9olz1WE0-9A","","35.307728","139.491398","2025-01-28 00:41:14"
"yt_YZQmA8jV58k","【🔴L IVE】🌊材木座海岸／🏖由比ガ浜 ／🚙県営材木座駐車場＠ローカス鎌倉","https://www.youtube.com/watch?v=YZQmA8jV58k","True","video","True","","","","FlyingSuika","https://www.youtube.com/channel/UCfoiWJgMmg4p9olz1WE0-9A","","35.302214","139.552985","2025-01-28 00:40:27"
"yt_o3Lm0FlYV9o","奥多摩　夜の動物観察カメラ Live","https://www.youtube.com/watch?v=o3Lm0FlYV9o","True","video","True","","","","Forest Notes 森の動画チャンネル","https://www.youtube.com/channel/UCBT-WLQk0tN_WfjkrqdSVzQ","","35.817663","139.07856","2025-01-28 02:16:49"
"yt_pDAn98gkXtI","東京農業大学奥多摩演習林×Forest Notes ４K 360°Live","https://www.youtube.com/watch?v=pDAn98gkXtI","True","video","True","","","","Forest Notes 森の動画チャンネル","https://www.youtube.com/channel/UCBT-WLQk0tN_WfjkrqdSVzQ","","35.817321","139.079253","2025-01-28 00:41:33"
"yt_u9F4evHYBWs","【ライブカメラ】富士山ビュー（Fuji Viewest Villa RAKUWA) Kawaguchi-ko","https://www.youtube.com/watch?v=u9F4evHYBWs","True","video","True","","","","Fuji Viewest Villa RAKUWA","https://www.youtube.com/channel/UCvRog7eCTEMxZ71whR-2mAw","","35.530772","138.766954","2025-01-28 00:41:09"
"yt_eJPloyqBIaM","富士山ライブカメラ(河口湖富士山遥拝所天空の鳥居) - Webcams worship Mt. Fuji at a Japanese shrine. 【LiveFujigokoTV】","https://www.youtube.com/watch?v=eJPloyqBIaM","True","video","True","","","","FujiyamaTV - FujigokoTV","https://www.youtube.com/channel/UCcuadYD11H2Eti8AEOP7Buw","","35.534712","138.777756","2025-01-28 00:41:45"
"yt_ByIHv06BXN4","富士山ライブカメラ(富士ヶ嶺ゴルフ場から) - Mount Fuji webcams Fujigane-Golf from Japan. 【LiveFujigokoTV】","https://www.youtube.com/watch?v=ByIHv06BXN4","True","","True","","","","FujiyamaTV - FujigokoTV","https://www.youtube.com/channel/UCcuadYD11H2Eti8AEOP7Buw","","35.412961","138.630265","2025-01-28 00:42:41"
"yt_UtxSrmmTQTk","富士山ライブカメラ(忍野八海から) - Mount Fuji webcams (Oshino Hakkai) from Japan. 【LiveFujigokoTV】","https://www.youtube.com/watch?v=UtxSrmmTQTk","True","video","True","","","","FujiyamaTV - FujigokoTV","https://www.youtube.com/channel/UCcuadYD11H2Eti8AEOP7Buw","","","","2025-01-28 01:22:14"
"yt_IMQg0M7t6V8","富士山ライブカメラ(富士ドクタービレッジから) - Mount Fuji webcams Fuji-Doctor-Village from Japan. 【LiveFujigokoTV】","https://www.youtube.com/watch?v=IMQg0M7t6V8","True","video","True","","","","FujiyamaTV - FujigokoTV","https://www.youtube.com/channel/UCcuadYD11H2Eti8AEOP7Buw","","35.428507","138.63006","2025-01-28 00:41:16"
"yt_OiXQRA0uG8A","富士山ライブカメラ(山中湖高台から) - Mount Fuji webcams (Lake Yamanakako) from Japan. 【LiveFujigokoTV】","https://www.youtube.com/watch?v=OiXQRA0uG8A","True","","True","","","","FujiyamaTV - FujigokoTV","https://www.youtube.com/channel/UCcuadYD11H2Eti8AEOP7Buw","","35.429736","138.754769","2025-01-28 00:43:26"
"yt_epcz8xsEHAo","舞鶴市五老ヶ岳ライブカメラ(GORO SKY CAM3)","https://www.youtube.com/watch?v=epcz8xsEHAo","True","video","True","","","","GORO SKY TOWER CAM3","https://www.youtube.com/channel/UCmUGtyYYJkk4Ce584Fiy1Vg","","35.464831","135.3436","2025-01-28 00:41:36"
"yt_KSMtPlNaoMM","舞鶴市五老ヶ岳ライブカメラ(GORO SKY CAM-1)","https://www.youtube.com/watch?v=KSMtPlNaoMM","True","","True","","","","GORO SKY TOWER GOROGATAKE PARK","https://www.youtube.com/channel/UC2lZiGfy3K5yZEtfore5mVw","","35.464857","135.34358","2025-01-28 00:43:34"
"yt_LTjICqqzyJg","【4Kライブ】日本平夢テラス・富士山ライブカメラ Mt.Fuji Live Stream in Shizuoka High Quality 4K resolution.","https://www.youtube.com/watch?v=LTjICqqzyJg","True","video","True","海岸","富士山","日本平夢テラス","Guidoor Japan","https://www.youtube.com/channel/UCGX43QZut-XcPl1-nHVJmBQ","静岡県静岡市葵区追手町２−１５","","","2025-01-28 01:22:15"
"yt_7XTt1P6cofk","【4Kライブ】中伊豆ワイナリーシャトーT.S 富士山ライブカメラ Mt.Fuji Live Stream in Nakaizu High Quality 4K resolution.","https://www.youtube.com/watch?v=7XTt1P6cofk","True","video","True","","","","Guidoor Japan","https://www.youtube.com/channel/UCGX43QZut-XcPl1-nHVJmBQ","","","","2025-01-28 01:22:15"
"yt_ron7_3CUuw4","【Live-Japan】函館駅前ライブカメラ②・オートクルーズ(PTZカメラ)※20秒ごとにアングルが変わります","https://www.youtube.com/watch?v=ron7_3CUuw4","True","","True","","","","HAKODATE LIVE CAMERA","https://www.youtube.com/channel/UCynX4LJTQ_H7_KPy7QiIS2A","","41.773529","140.727463","2025-01-28 00:42:50"
"yt_61cy1YthBqQ","【Live-Japan】函館駅前ライブカメラ① #函館 #HAKODATE #函館湾 #JR函館駅","https://www.youtube.com/watch?v=61cy1YthBqQ","True","video","True","","","","HAKODATE LIVE CAMERA","https://www.youtube.com/channel/UCynX4LJTQ_H7_KPy7QiIS2A","","","","2025-01-28 01:22:10"
"yt___ZJCciWbNk","【Live-Japan】函館駅前ライブカメラ①・摩周丸・函館湾・お天気カメラ・Hakodate Hokkaido Live Camera","https://www.youtube.com/watch?v=__ZJCciWbNk","False","video","False","鉄道","函館駅前","","HAKODATE LIVE CAMERA","https://www.youtube.com/channel/UCynX4LJTQ_H7_KPy7QiIS2A","岩手県盛岡市川崎川崎９２−４","","","2025-01-28 01:22:08"
"yt_59CNnCP9x4w","【ライブ配信】2025さっぽろ雪まつり　HBC広場","https://www.youtube.com/watch?v=59CNnCP9x4w","True","video","False","","","","HBC 公式YouTube","https://www.youtube.com/channel/UC9YtvuF-DrWVieSt4OqoY3A","","","","2025-01-28 02:16:15"
"yt_O7aL3u5n1gQ","【#ライブカメラ】 情報カメラ #札幌 #大通公園   #北海道【HBC】","https://www.youtube.com/watch?v=O7aL3u5n1gQ","True","","True","","","","HBC 公式YouTube","https://www.youtube.com/channel/UC9YtvuF-DrWVieSt4OqoY3A","","43.060228","141.349715","2025-01-28 02:16:26"
"other_ae96df21146e46e5","HBC情報カメラ・いまの石北峠","https://www.hbc.co.jp/info-cam/sekihoku.html","True","image","False","道路","石北峠","","HBC情報カメラ","https://www.hbc.co.jp/snowfes2018/","北海道上川郡上川町字層雲峡国有林","43.847128","142.770459","2024-04-10 13:40:58"
"other_8a4dbc3c23fd7e83","HBC情報カメラ・いまの帯広","https://www.hbc.co.jp/info-cam/obihiro.html","True","image","False","鉄道","ＪＲ帯広駅北口","プレミアホテル-CABIN-帯広","HBC情報カメラ","https://www.hbc.co.jp/snowfes2018/","北海道帯広市西一条南十一丁目","42.919751","143.204013","2024-04-10 13:42:07"
"other_ba18219546bdd74f","HBC情報カメラ・いまの美笛峠","https://www.hbc.co.jp/info-cam/bifue.html","True","image","False","道路","美笛峠","","HBC情報カメラ","https://www.hbc.co.jp/snowfes2018/","北海道千歳市滝笛","42.821124","141.651139","2024-04-10 14:02:17"
"other_7c50d60ee4b79c14","HBC情報カメラ・いまの新千歳空港","https://www.hbc.co.jp/info-cam/shinchitose.html","True","image","False","空港","新千歳空港","セイコーエプソン（株）千歳事業所の工場ビル","HBC情報カメラ","https://www.hbc.co.jp/snowfes2018/","北海道千歳市美々758-173","42.783915","141.695934","2024-04-10 13:39:58"
"other_f83232afe317c199","HBC情報カメラ・いまの狩勝峠","https://www.hbc.co.jp/info-cam/karikachi.html","True","image","False","道路","狩勝峠","","HBC情報カメラ","https://www.hbc.co.jp/snowfes2018/","北海道空知郡南富良野町字落合地内","43.164088","142.568522","2024-04-10 13:33:07"
"other_6f41c29c4008c6fa","HBC情報カメラ・いまの稚内","https://www.hbc.co.jp/info-cam/wakkanai.html","True","image","False","海岸","ＪＲ稚内駅","ドーミーイン稚内","HBC情報カメラ","https://www.hbc.co.jp/snowfes2018/","北海道稚内市中央二丁目7-13","45.418418","141.674318","2024-04-10 13:46:40"
"other_9d454f40df5b8df0","HBC情報カメラ・いまの中山峠","https://www.hbc.co.jp/info-cam/nakayama.html","True","image","False","道路","中山峠","","HBC情報カメラ","https://www.hbc.co.jp/snowfes2018/","北海道虻田郡喜茂別町字川上中山峠","42.795439","140.934532","2024-04-10 13:50:59"
"other_661d343f448d391d","HBC情報カメラ・いまの日勝峠9合目","https://www.hbc.co.jp/info-cam/nissyo.html","True","image","False","道路","日勝峠9合目
","","HBC情報カメラ","https://www.hbc.co.jp/snowfes2018/","北海道虻田郡喜茂別町字川上中山峠","42.795439","140.934532","2024-04-10 13:51:33"
"other_dd09eefee9df9b99","HBC情報カメラ・いまの函館","https://www.hbc.co.jp/info-cam/hakodate.html","True","image","False","海岸","陸繋島・トンボロ","函館山","HBC情報カメラ","https://www.hbc.co.jp/snowfes2018/","北海道函館市函館山","41.768712","140.729108","2024-04-10 13:55:30"
"other_1cf46bd59189382c","HBC情報カメラ・いまの函館ベイエリア","https://www.hbc.co.jp/info-cam/hakodatebayarea.html","True","image","False","海岸","函館ベイエリア","ＳＥＣ本社ビル","HBC情報カメラ","https://www.hbc.co.jp/snowfes2018/","北海道函館市末広町22-2","41.7661401","140.713669","2024-04-10 13:59:51"
"other_5a0d1d15d874b703","HBC情報カメラ・いまの斜里町ウトロ｜HBC北海道放送","https://www.hbc.co.jp/info-cam/utoro.html","True","image","False","海岸","斜里町ウトロ","KIKI知床　ナチュラルリゾート","HBC情報カメラ","https://www.hbc.co.jp/snowfes2018/","北海道斜里郡斜里町ウトロ香川192","44.0720219","145.000412","2024-04-10 13:31:55"
"other_6115aa731fec54f1","HBC情報カメラ・いまの室蘭｜HBC北海道放送","https://www.hbc.co.jp/info-cam/muroran.html","True","image","False","海岸","室蘭港","特別養護老人ホーム「幸清会　みたらの杜」の屋上","HBC情報カメラ","https://www.hbc.co.jp/snowfes2018/","北海道室蘭市絵鞆町二丁目22-37","42.333853","140.937252","2024-04-10 13:29:15"
"other_d4ca93332edf05dc","HBC情報カメラ・いまの小樽","https://www.hbc.co.jp/info-cam/otaru.html","True","image","False","海岸","小樽運河","小樽運河に近い15階建てビル","HBC情報カメラ","https://www.hbc.co.jp/snowfes2018/","北海道小樽市港町5-4","43.1907527","140.994605","2024-04-10 13:38:25"
"other_4e0a3e4e2eb313f4","HBC情報カメラ・いまの江差","https://www.hbc.co.jp/info-cam/esashi.html","True","image","False","海岸","江差港","","HBC情報カメラ","https://www.hbc.co.jp/snowfes2018/","北海道檜山郡江差町 江差港北埠頭","41.869244","140.12756","2024-04-10 12:42:59"
"other_f47ea545f08ee8a3","HBC情報カメラ・いまの旭川","https://www.hbc.co.jp/info-cam/asahikawa.html","True","image","False","その他","旭川の市街地北側","OMO7旭川 by 星野リゾート」の屋上","HBC情報カメラ","https://www.hbc.co.jp/snowfes2018/","北海道旭川市六条通九丁目右1","43.771404","142.365314","2024-04-10 14:18:19"
"other_0ff0e23d8e86e442","HBC情報カメラ・いまの北見","https://www.hbc.co.jp/info-cam/kitami.html","True","image","False","観光","北見","","HBC情報カメラ","https://www.hbc.co.jp/snowfes2018/","北海道北見市大通西一丁目2-1","43.8052715","143.896082","2024-04-10 14:08:30"
"other_74456a9536d2138f","HBC情報カメラ・いまの広尾｜HBC北海道放送","https://www.hbc.co.jp/info-cam/hiroo.html","True","image","False","海岸","十勝港","","HBC情報カメラ","https://www.hbc.co.jp/snowfes2018/","北海道広尾郡広尾町会所前六丁目-2","42.285841","143.311498","2024-04-10 12:42:12"
"other_38f7fe683fc69617","HBC情報カメラ・いまの北見峠","https://www.hbc.co.jp/info-cam/kitamitoge.html","True","image","False","道路","北見峠","","HBC情報カメラ","https://www.hbc.co.jp/snowfes2018/","北海道紋別郡遠軽町白滝国有林","44.061947","143.527726","2024-04-10 14:13:45"
"other_c09bdf3b83bb2940","HBC情報カメラ・いまの釧路","https://www.hbc.co.jp/info-cam/kushiro.html","True","image","False","河川","幣舞橋","釧路川南側の高台にある釧路市生涯学習センター「まなぼっと幣舞」","HBC情報カメラ","https://www.hbc.co.jp/snowfes2018/","北海道釧路市幣舞町4-28","42.984856","144.38167","2024-04-10 11:06:16"
"other_da26861536be130c","HBC情報カメラ・いまの留萌","https://www.hbc.co.jp/info-cam/rumoi.html","True","image","False","海岸","留萌市","留萌市役所","HBC情報カメラ","https://www.hbc.co.jp/snowfes2018/","北海道留萌市幸町一丁目11-11","43.940987","141.637009","2024-04-10 14:16:06"
"other_bc1fea71bffedfae","HBC情報カメラ・いまの三国峠帯広側","https://www.hbc.co.jp/info-cam/mikuni.html","True","image","False","道路","三国峠帯広側","","HBC情報カメラ","https://www.hbc.co.jp/snowfes2018/","北海道河東郡上士幌町字三股国有林","43.232615","143.296243","2024-04-10 12:51:40"
"other_41ae22387bee12cd","HBC情報カメラ・いまの稲穂峠","https://www.hbc.co.jp/info-cam/inahotoge.html","True","image","False","道路","北海道余市郡仁木町字稲穂峠","","HBC情報カメラ","https://www.hbc.co.jp/snowfes2018/","北海道岩内郡共和町国富","42.980407","140.611175","2024-04-10 14:18:36"
"other_4c26bbc6fa2a6825","HBC情報カメラ・いまの札幌","https://www.hbc.co.jp/info-cam/sapporo.html","True","image","False","その他","大通公園","大通ビッセ屋上","HBC情報カメラ","https://www.hbc.co.jp/snowfes2018/","北海道札幌市中央区大通西三丁目7 北洋大通センター","43.061414","141.35389","2024-04-10 12:48:37"
"other_6c2bc725e83be2fc","HBC情報カメラ・いまの岩見沢","https://www.hbc.co.jp/info-cam/iwamizawa.html","True","image","False","鉄道","ＪＲ岩見沢駅中央口前の広場","岩見沢市自治体ネットワークセンターの屋上","HBC情報カメラ","https://www.hbc.co.jp/snowfes2018/","北海道岩見沢市有明町南1-20","43.203852","141.759587","2024-04-10 14:18:45"
"other_3059f2301d8d4295","HBC情報カメラ・いまの美国峠","https://www.hbc.co.jp/info-cam/bikuni.html","True","image","False","道路","美国峠","","HBC情報カメラ","https://www.hbc.co.jp/snowfes2018/","北海道積丹郡積丹町大字美国町小泊","43.260397","140.529642","2024-04-10 14:01:41"
"other_2239ceac6a0c088e","HBC情報カメラ・いまの根室花咲港","https://www.hbc.co.jp/info-cam/nemuro.html","True","image","False","海岸","根室花咲港","","HBC情報カメラ","https://www.hbc.co.jp/snowfes2018/","北海道根室市花咲港434","43.330036","145.582903","2024-04-10 12:45:08"
"yt_rYUyNVsBQDw","東本願寺/烏丸通/ライトアップ/夕日【HOTEL KUU KYOTOよりライブ配信】～Kyoto Live Camera～京都お天気カメラ 京都ライブカメラ テンプルビュー","https://www.youtube.com/watch?v=rYUyNVsBQDw","True","","True","","","","HOTEL KUU KYOTO","https://www.youtube.com/channel/UCeSiVkT05ddY7j9UnbmyKIg","","34.991064","135.760024","2025-01-28 00:42:35"
"yt_gaNLXSEUVRw","いまのJR札幌駅／Live streaming from JR Sapporo Station 北海道ｏｎ天気カメラ","https://www.youtube.com/watch?v=gaNLXSEUVRw","True","video","False","","","","HTB北海道テレビ","https://www.youtube.com/channel/UCuY1i-Tic2G2xmox2_0h-Fw","","","","2025-01-28 01:22:10"
"yt_Azbdr5jbN6o","【LIVE】いまの新千歳空港／Live streaming from Hokkaido　 New Chitose Airport　北海道ｏｎ天気カメラ","https://www.youtube.com/watch?v=Azbdr5jbN6o","True","","False","","","","HTB北海道テレビ","https://www.youtube.com/channel/UCuY1i-Tic2G2xmox2_0h-Fw","","42.782416","141.689015","2025-01-28 02:16:34"
"yt_jDR1awe7Guc","1/27【LIVE】Japan Kume island  沖縄・久米島　球美の里から のライブカメラ 1440p","https://www.youtube.com/watch?v=jDR1awe7Guc","True","video","False","","","","Hair Studio Foundation","https://www.youtube.com/channel/UCuyA_qFHnmPvl-PJUwO9hlA","","26.330014","126.783426","2025-01-28 02:16:44"
"yt_1ksmiy6EsDo","[4K] Live Camera - Niseko Hanazono Resort","https://www.youtube.com/watch?v=1ksmiy6EsDo","True","video","True","","","","Hanazono Niseko Resort ニセコ HANAZONOリゾート","https://www.youtube.com/channel/UCrNyeY4kGLL0-Hs8wC98peg","","42.892695","140.699179","2025-01-28 00:41:22"
"yt_asQvNZWyuq8","Sapporo Japan 24/7 Live | Mt. Moiwa | lofi, beats to relax, chill","https://www.youtube.com/watch?v=asQvNZWyuq8","True","video","True","","","","Hokkaido Kurashi no Yomimono","https://www.youtube.com/channel/UCIMs8atP2qoxcfAvhiFlzGQ","","43.045997","141.351969","2025-01-28 00:39:58"
"yt_CF1vS8DdBIk","Sapporo Hokkaido Japan Live 24/7 | Tanukikoji 8-chome | lofi, beats to relax","https://www.youtube.com/watch?v=CF1vS8DdBIk","True","video","True","","","","Hokkaido Kurashi no Yomimono","https://www.youtube.com/channel/UCIMs8atP2qoxcfAvhiFlzGQ","","43.056386","141.3465","2025-01-28 00:40:25"
"yt_lF2JP2Bcb4c","IAT LIVE 盛岡情報カメラ #岩手山 #岩手  #ライブ配信 #盛岡 #IWATE #MORIOKA #JAPAN #MtIWATE(Iwatesan)","https://www.youtube.com/watch?v=lF2JP2Bcb4c","True","video","False","","","","IAT岩手朝日テレビ","https://www.youtube.com/channel/UCPPyaDqgxNlbiyOkq2FzMOQ","","","","2025-01-28 02:16:14"
"yt_PxHYFalgxAg","IAT LIVE 盛岡情報カメラ #岩手山 #岩手  #ライブ配信 #盛岡 #IWATE #MORIOKA #JAPAN #MtIWATE(Iwatesan)","https://www.youtube.com/watch?v=PxHYFalgxAg","False","video","False","その他","盛岡市","","IAT岩手朝日テレビ","https://www.youtube.com/channel/UCPPyaDqgxNlbiyOkq2FzMOQ","岩手県盛岡市","39.701795","141.154183","2025-01-28 02:16:21"
"other_41196c47c5a43818","ISKライブカメラ｜ISK不動産｜軽井沢（プリンス通り）のライブカメラ/軽井沢の交通状況・天気・四季折々の風景など","https://www.is-karuizawa.com/webcam.html","True","video","False","河川","軽井沢プリンス通り","ISK不動産","ISK不動産","https://www.is-karuizawa.com/","長野県北佐久郡軽井沢町軽井沢1075","36.34831","138.596966","2024-04-11 12:52:06"
"yt_rN0TtoZVGls","🇯🇵🛬 ITM SKY CAM🛫 (大阪・伊丹空港✈️航空ライブカメラ) OSAKA AIRPORT LIVE CAM🎥","https://www.youtube.com/watch?v=rN0TtoZVGls","True","","True","","","","ITM SKY CAM","https://www.youtube.com/channel/UCur21TajiRsI1Da1GLzv7Lg","","34.789839","135.443071","2025-01-28 00:43:09"
"yt_LFzf9BvifJs","田舎の窓[宮古・刈屋/岩手-三陸]ライブカメラ：IWAMIN.TV","https://www.youtube.com/watch?v=LFzf9BvifJs","False","video","False","","刈屋（旧：新里村刈屋）の山奥（旧：JR岩泉線中里駅周辺）","IWAMIN.TV 【新里 緑スタヂオ】","IWAMIN.TV田舎の窓","https://www.youtube.com/channel/UCS9mxO8wgJWc98u1EinvhVA","岩手県宮古市江繋第5地割","39.639517","141.946133","2025-01-28 01:05:35"
"yt_AqFhBmbcnEg","田舎の窓[宮古・刈屋/岩手-三陸]ライブカメラ：IWAMIN.TV","https://www.youtube.com/watch?v=AqFhBmbcnEg","True","","True","","","","IWAMIN.TV田舎の窓","https://www.youtube.com/channel/UCS9mxO8wgJWc98u1EinvhVA","","39.662043","141.736609","2025-01-28 00:42:34"
"yt_r4XMU8XrqQI","都会の窓[盛岡・内丸/岩手-東北]ライブカメラ：IWAMIN.TV","https://www.youtube.com/watch?v=r4XMU8XrqQI","True","","True","","","","IWAMIN.TV都会の窓","https://www.youtube.com/channel/UChs6c1XJPL1P_JL-oDQzRLg","","39.70681","141.154801","2025-01-28 00:43:04"
"other_2abf3a4b8c90ce3b","JAL-天気情報（出雲縁結び空港）","https://weather.jal.co.jp/livecam/spot.html?camid=410000169","True","image","True","空港","出雲縁結び空港","","JAL天気予報","https://weather.jal.co.jp/livecam/index.html","島根県出雲市斐川町沖洲2633-1","35.414944","132.88449","2024-04-11 14:14:22"
"other_bfe3bf3bae21b246","JAL-天気情報（福岡空港）","https://weather.jal.co.jp/livecam/spot.html?camid=410000155","True","image","True","空港","福岡空港","","JAL天気予報","https://weather.jal.co.jp/livecam/index.html","福岡県福岡市博多区下臼井778-1","33.590787","130.414372","2024-04-11 14:13:27"
"other_75208300eaed9650","JAL-天気情報（那覇空港）","https://weather.jal.co.jp/livecam/spot.html?camid=410000154","True","image","True","空港","那覇空港","","JAL天気予報","https://weather.jal.co.jp/livecam/index.html","沖縄県那覇市字鏡水150","26.210713","127.651985","2024-04-11 13:19:25"
"other_9e510dedfb58c0d2","JAL-天気情報（新千歳空港）","https://weather.jal.co.jp/livecam/spot.html?camid=410000156","True","image","True","空港","新千歳空港","","JAL天気予報","https://weather.jal.co.jp/livecam/index.html","北海道千歳市美々","42.783915","141.695934","2024-04-11 13:17:30"
"other_b3b3f56fd02d1376","JAL-天気情報(東京国際空港（羽田）4)","https://weather.jal.co.jp/livecam/spot.html?camid=410000150","True","image","True","空港","東京国際空港（羽田）4","","JAL天気予報","https://weather.jal.co.jp/livecam/index.html","東京都大田区羽田空港","35.56126","139.715987","2024-04-11 14:14:51"
"other_cf1ab58711909c6f","JAL-天気情報（大分空港）","https://weather.jal.co.jp/livecam/spot.html?camid=410000168","True","image","True","空港","大分空港","","JAL天気予報","https://weather.jal.co.jp/livecam/index.html","大分県国東市安岐町下原13","33.238128","131.612605","2024-04-11 14:14:45"
"other_27aafd641d16dd69","JAL-天気情報（大阪国際空港（伊丹））","https://weather.jal.co.jp/livecam/spot.html?camid=410000153","True","image","True","空港","大阪国際空港（伊丹）","","JAL天気予報","https://weather.jal.co.jp/livecam/index.html","大阪府豊中市螢池西町3丁目555","34.686394","135.519994","2024-04-11 13:14:17"
"other_0294638923a60b27","JAL-天気情報(東京国際空港（羽田）1)","https://weather.jal.co.jp/livecam/spot.html?camid=410000160","True","image","True","空港","東京国際空港（羽田）1","","JAL天気予報","https://weather.jal.co.jp/livecam/index.html","東京都大田区羽田空港","35.56126","139.715987","2024-04-11 13:06:48"
"other_8f4d7bc736aa3885","JAL-天気情報（関西国際空港）","https://weather.jal.co.jp/livecam/spot.html?camid=410000158","True","image","True","空港","関西国際空港","","JAL天気予報","https://weather.jal.co.jp/livecam/index.html","大阪府泉佐野市泉州空港北1","34.686394","135.519994","2024-04-11 13:16:15"
"other_1a0a1c88f2e49d90","JAL-天気情報(阿蘇くまもと空港)","https://weather.jal.co.jp/livecam/spot.html?camid=410000175","True","image","True","空港","阿蘇くまもと空港","","JAL天気予報","https://weather.jal.co.jp/livecam/index.html","熊本県上益城郡益城町小谷1802-2","32.790374","130.741134","2024-04-11 12:59:07"
"other_e06f41cae4ebc4ff","JAL-天気情報（東京国際空港（羽田）2）","https://weather.jal.co.jp/livecam/spot.html?camid=410000161","True","image","True","空港","東京国際空港（羽田）2","","JAL天気予報","https://weather.jal.co.jp/livecam/index.html","東京都大田区羽田空港","35.56126","139.715987","2024-04-11 13:06:36"
"other_0e291dfcbc1257a5","JAL-天気情報（たんちょう釧路空港）","https://weather.jal.co.jp/livecam/spot.html?camid=410000164","True","image","True","空港","たんちょう釧路空港","","JAL天気予報","https://weather.jal.co.jp/livecam/index.html","北海道釧路市鶴丘2","42.984856","144.38167","2024-04-11 18:54:05"
"other_da3ea09b0f9217fa","JAL-天気情報(東京国際空港（羽田）3)","https://weather.jal.co.jp/livecam/spot.html?camid=410000151","True","image","True","空港","東京国際空港（羽田）3","","JAL天気予報","https://weather.jal.co.jp/livecam/index.html","東京都大田区羽田空港","35.56126","139.715987","2024-04-11 13:12:11"
"yt_VTrYAiNFvjo","【期間限定】新潟県「上越市・妙高市・十日町市」ライブカメラ","https://www.youtube.com/watch?v=VTrYAiNFvjo","True","video","True","","","","JCV タウン情報","https://www.youtube.com/channel/UCSqQqe6UUCl5Z6YJxN64Fxw","","","","2025-01-28 01:22:11"
"yt_A5p8h9VTUnc","2025/01/27 12:00～❄【LIVE】Kyoto Station Live Cam JR京都駅 鉄道ライブカメラ 京都ライブカメラ 京都駅 新幹線 東海道線 TrainCam","https://www.youtube.com/watch?v=A5p8h9VTUnc","True","","False","","","","JR京都駅ライブカメラ(JR Kyoto Station LiveCam)","https://www.youtube.com/channel/UCd_j7Zc1KmjHkVyvNIySehQ","","34.984342","135.742378","2025-01-28 01:21:14"
"yt_D30itjKa2go","【LIVE】🚅🇯🇵 京都駅  鉄道ライブカメラ JR東海 東海道新幹線カメラ 京都ライブカメラ ドクターイエローライブカメラ","https://www.youtube.com/watch?v=D30itjKa2go","True","","True","","","","JR京都駅ライブカメラ(JR Kyoto Station LiveCam)","https://www.youtube.com/channel/UCd_j7Zc1KmjHkVyvNIySehQ","","34.985221","135.751708","2025-01-28 02:16:39"
"yt_l1ToGn8a9_g","【LIVE】京都駅 JR京都線 鉄道ライブカメラ 鉄道ライブカメラ（CH２京都駅東側　高倉跨線橋) Train, Kyoto Station Live Camera","https://www.youtube.com/watch?v=l1ToGn8a9_g","True","video","True","","","","JR京都駅ライブカメラ(JR Kyoto Station LiveCam)","https://www.youtube.com/channel/UCd_j7Zc1KmjHkVyvNIySehQ","","34.985208","135.750414","2025-01-28 02:16:54"
"yt_AYn3JE4-CBA","JR勝田車両センター付近ライブカメラ 常磐線[2025/01/27 08時～]","https://www.youtube.com/watch?v=AYn3JE4-CBA","True","","False","","","","JR常磐線ライブカメラ Train Live Camera JP","https://www.youtube.com/channel/UConafQ4swhT8hLLloUwMTPg","","36.405287","140.526776","2025-01-28 01:21:14"
"yt_DKbAOeHAcxQ","七里ヶ浜海岸ライブカメラ ワイド 湘南 鎌倉 お天気カメラ 渋滞情報 海岸駐車場 Live Camera Japan H.View camera 【Shonan Ocean House カメラ5 】","https://www.youtube.com/watch?v=DKbAOeHAcxQ","True","video","True","","","","Japan Live Camera 【旧湘南ライブカメラ】","https://www.youtube.com/channel/UC_9dgNP8GvfhUURELouR3Dg","","","","2025-01-28 01:22:14"
"yt_myOmpjgCPK8","【Live】 鉄道ライブカメラ3　横浜市　東神奈川駅近くJR＆京急線が一望できる絶景ライブ配信　車両基地　サンライズ　国道1号線　渋滞情報　お天気カメラ　夜景　H.view","https://www.youtube.com/watch?v=myOmpjgCPK8","True","","True","","","","Japan Live Camera 【旧湘南ライブカメラ】","https://www.youtube.com/channel/UC_9dgNP8GvfhUURELouR3Dg","","35.482791","139.637047","2025-01-28 02:16:24"
"yt_Tz8NEpxF6zY","【Tokyo Tower & Railway Livecam】【東京タワー&鉄道ライブカメラ】東京 夜景 お天気カメラ 港区 六本木 | Japan |H.View Camera","https://www.youtube.com/watch?v=Tz8NEpxF6zY","True","video","True","","","","Japan Live Camera 【旧湘南ライブカメラ】","https://www.youtube.com/channel/UC_9dgNP8GvfhUURELouR3Dg","","35.643732","139.745653","2025-01-28 00:41:44"
"yt_oIG4FHys8hE","江ノ島 富士山 湘南 オートクルーズライブカメラ  | Mt.Fuji | Live Camera | Japan | H.View camera 【Shonan Ocean House カメラ3 】","https://www.youtube.com/watch?v=oIG4FHys8hE","True","video","True","","","","Japan Live Camera 【旧湘南ライブカメラ】","https://www.youtube.com/channel/UC_9dgNP8GvfhUURELouR3Dg","","35.305659","139.51005","2025-01-28 02:16:55"
"yt_XPsbhPHAdv4","富士山・江ノ島ライブカメラ 湘南 鎌倉 波情報 渋滞情報   Mt.Fuji Live Camera Japan H.View camera 【Shonan Ocean House カメラ1 】","https://www.youtube.com/watch?v=XPsbhPHAdv4","True","video","True","","","","Japan Live Camera 【旧湘南ライブカメラ】","https://www.youtube.com/channel/UC_9dgNP8GvfhUURELouR3Dg","","35.305561","139.510058","2025-01-28 02:16:55"
"yt__ddxDN0eMnA","3rd HOUSE 稲村ケ崎 西棟ルーフトップカメラ（江ノ島ビュー）| H.View Camera","https://www.youtube.com/watch?v=_ddxDN0eMnA","True","","True","","","","Japan Live Camera 【旧湘南ライブカメラ】","https://www.youtube.com/channel/UC_9dgNP8GvfhUURELouR3Dg","","35.303507","139.520937","2025-01-28 00:42:11"
"yt_dpYlaEe9SZc","江ノ電・134号線ライブカメラ 湘南 鎌倉 波情報 渋滞情報 海岸駐車場 Live Camera Japan H.View camera 【Shonan Ocean House カメラ4 】","https://www.youtube.com/watch?v=dpYlaEe9SZc","True","","True","","","","Japan Live Camera 【旧湘南ライブカメラ】","https://www.youtube.com/channel/UC_9dgNP8GvfhUURELouR3Dg","","35.305628","139.510311","2025-01-28 00:43:19"
"yt_YjvLUGBaUHs","【Live】鉄道ライブカメラ2　横浜市　JR　国道1号線　渋滞情報　お天気カメラ　H.view","https://www.youtube.com/watch?v=YjvLUGBaUHs","True","","True","","","","Japan Live Camera 【旧湘南ライブカメラ】","https://www.youtube.com/channel/UC_9dgNP8GvfhUURELouR3Dg","","35.48298","139.637085","2025-01-28 02:16:38"
"yt_Pn9AQOlbGxs","大船駅笠間口交差点ライブカメラ　H.View","https://www.youtube.com/watch?v=Pn9AQOlbGxs","True","video","True","","","","Japan Live Camera 【旧湘南ライブカメラ】","https://www.youtube.com/channel/UC_9dgNP8GvfhUURELouR3Dg","","35.3545","139.532455","2025-01-28 02:16:45"
"yt_T2dB77dObao","3rd HOUSE 稲村ケ崎 西棟ルーフトップカメラ（稲村ケ崎ビュー）| H.View Camera","https://www.youtube.com/watch?v=T2dB77dObao","True","video","True","","","","Japan Live Camera 【旧湘南ライブカメラ】","https://www.youtube.com/channel/UC_9dgNP8GvfhUURELouR3Dg","","","","2025-01-28 01:22:14"
"yt_MonnMldBFsg","【Live】 鉄道ライブカメラ1　横浜市　東神奈川駅近くJR＆京急線が一望できる絶景ライブ配信　車両基地　サンライズ　国道1号線　渋滞情報　お天気カメラ　夜景　みなとみらい　H.view","https://www.youtube.com/watch?v=MonnMldBFsg","True","video","True","","","","Japan Live Camera 【旧湘南ライブカメラ】","https://www.youtube.com/channel/UC_9dgNP8GvfhUURELouR3Dg","","35.483914","139.637645","2025-01-28 02:16:43"
"yt_0EAAnPwFl48","(4K) SKYTREEのある景色 【Live Streaming  】東京スカイツリーライブカメラ","https://www.youtube.com/watch?v=0EAAnPwFl48","False","video","False","","","","Juyoh Stream","https://www.youtube.com/channel/UC3DrGPmCHsrionkmduqX0qg","","35.726677","139.800798","2025-01-28 02:16:49"
"yt_2mraeXAOS8Y","【ライブカメラ】東名高速道路 港北パーキングエリア 下り【24/7 Webcam in Tomei Expressway / Kohoku Rest Area / Yokohama / Japan】","https://www.youtube.com/watch?v=2mraeXAOS8Y","True","video","True","","","","K55","https://www.youtube.com/channel/UCs33DOFYmH27UiQ0twvZRAw","","35.536446","139.533099","2025-01-28 00:41:09"
"yt_iMxrP_Td8_M","【LIVE】熊本市街・熊本城 ライブカメラ ｜ Live Cam of Kumamoto City / Kumamoto Castle - KAB熊本朝日放送","https://www.youtube.com/watch?v=iMxrP_Td8_M","True","video","True","","","","KAB熊本朝日放送","https://www.youtube.com/channel/UCiiSptCGi8LtxAK7Olaj9vQ","","32.808577","130.682266","2025-01-28 00:41:45"
"yt_XSCtPYFZXL8","かたしな高原ライブ配信（正面ゲレンデ）","https://www.youtube.com/watch?v=XSCtPYFZXL8","True","","True","","","","KATASHINA KOGEN","https://www.youtube.com/channel/UCiiPbW6A5Fq02zSHOM-H6Xw","","36.812085","139.228902","2025-01-28 00:43:13"
"yt_LBOAPRJFXAw","かたしな高原ライブ配信（チャイルドロッヂエリア）","https://www.youtube.com/watch?v=LBOAPRJFXAw","True","video","True","","","","KATASHINA KOGEN","https://www.youtube.com/channel/UCiiPbW6A5Fq02zSHOM-H6Xw","","36.812471","139.224127","2025-01-28 00:40:53"
"yt_TGxd6RJTLck","【LIVE CAMERA】瀬戸大橋ライブカメラ Seto Ohashi Bridge Livecamera","https://www.youtube.com/watch?v=TGxd6RJTLck","False","video","False","海岸","瀬戸大橋","","KBN","https://www.youtube.com/channel/UCxUHGYdQzshp0DPxHDy9_iQ","香川県坂出市与島町587","34.34016","134.04339","2025-01-28 01:05:42"
"yt_Etv6nN28OBk","【LIVE CAMERA】瀬戸大橋ライブカメラ Seto Ohashi Bridge Livecamera","https://www.youtube.com/watch?v=Etv6nN28OBk","True","","True","","","","KBN","https://www.youtube.com/channel/UCxUHGYdQzshp0DPxHDy9_iQ","","34.382482","133.819953","2025-01-28 00:43:03"
"other_39e59496de57ffd1","KKB情報カメラ","https://www.kkb.co.jp/sakurajima_image2/kkb_camera.php","True","image","True","海岸","桜島","","KKB情報カメラ","https://www.kkb.co.jp/chuoueki_image/kkb_camera.php","鹿児島県鹿児島市与次郎2丁目2-2","31.596789","130.557339","2024-04-11 16:38:24"
"yt_Z0tiwc80Yik","KNBライブ配信","https://www.youtube.com/watch?v=Z0tiwc80Yik","True","video","False","","","","KNBニュース公式チャンネル","https://www.youtube.com/channel/UCTM81fmkj8bn0ILNdrKkTBA","","36.707909","137.21389","2025-01-28 00:41:33"
"yt_R2COtgqOLdU","KRY Live！山口県周南市","https://www.youtube.com/watch?v=R2COtgqOLdU","True","video","True","","","","KRY山口放送ニュース公式チャンネル","https://www.youtube.com/channel/UCUY22wZDhE6MM4E9F7139nQ","","34.062376","131.814411","2025-01-28 00:39:56"
"yt_xbtcl8WuEZ4","【LIVE】体感型動物園ｉＺｏｏゾウガメ牧場【室内】","https://www.youtube.com/watch?v=xbtcl8WuEZ4","True","","True","","","","KTV12net /小林TV","https://www.youtube.com/channel/UCCvr6WB3iOFt623D90pZCtA","","34.730758","138.994941","2025-01-28 00:43:02"
"yt_rB_nzP76ktc","【LIVE】伊豆下田港","https://www.youtube.com/watch?v=rB_nzP76ktc","True","video","True","","","","KTV12net /小林TV","https://www.youtube.com/channel/UCCvr6WB3iOFt623D90pZCtA","","34.670408","138.948955","2025-01-28 00:40:10"
"yt_5qjqrgm7Z14","【LIVE】伊豆急下田駅前","https://www.youtube.com/watch?v=5qjqrgm7Z14","True","video","True","道路","伊豆","下田駅","KTV12net /小林TV","https://www.youtube.com/channel/UCCvr6WB3iOFt623D90pZCtA","静岡県賀茂郡南伊豆町石廊崎１２５","","","2025-01-28 01:22:15"
"yt_h-aOylbMEsQ","【LIVE】体感型動物園ｉＺｏｏゾウガメ牧場【屋外】","https://www.youtube.com/watch?v=h-aOylbMEsQ","True","","True","","","","KTV12net /小林TV","https://www.youtube.com/channel/UCCvr6WB3iOFt623D90pZCtA","","34.730953","138.99494","2025-01-28 00:42:49"
"yt_oiaqyJkIVeI","KUTVテレビ高知のライブストリーミング","https://www.youtube.com/watch?v=oiaqyJkIVeI","True","","True","","","","KUTVテレビ高知","https://www.youtube.com/channel/UCoc4gX4ZhI8TMBpv8EJMnXQ","","33.565706","133.550137","2025-01-28 00:42:37"
"yt_fi5ysei0Bv4","【LIVE】 京都ライブカメラ 🍁 東山 清水寺ライブカメラ お天気 / Kiyomizu-dera Temple, Kyoto Live camera 24/7","https://www.youtube.com/watch?v=fi5ysei0Bv4","True","video","True","山岳","京都東山","","KYOTO LIVE CAMERA","https://www.youtube.com/channel/UCGYs8S82QtfP__XHQmym1dQ","京都府京都市東山区","35.021279","135.755635","2024-04-20 15:59:36"
"yt_Z3lsTZkzQTM","口永良部島　ライブ配信","https://www.youtube.com/watch?v=Z3lsTZkzQTM","True","video","False","","","","KYT 情報カメラ(口永良部島) -鹿児島読売テレビ","https://www.youtube.com/channel/UCf1Wz572Y8Imp8HnmXdFCJA","","30.347595","130.496441","2025-01-28 02:16:51"
"yt_khfzYtqvIx8","新燃岳　ライブ配信","https://www.youtube.com/watch?v=khfzYtqvIx8","True","","False","","","","KYT 情報カメラ(新燃岳) -鹿児島読売テレビ","https://www.youtube.com/channel/UCck5zGaDx6d6rhZ8wib3b5Q","","31.894974","130.828507","2025-01-28 02:16:35"
"yt_GRtqi8bdU7k","ライブカメラ","https://www.youtube.com/watch?v=GRtqi8bdU7k","True","video","False","","","","KYT 情報カメラ(鹿児島市) -鹿児島読売テレビ","https://www.youtube.com/channel/UCmGV3cjwDinrtulXJH6Yc4g","","31.567118","130.564918","2025-01-28 00:40:41"
"yt_MPVW-vMigkI","大阪空港ライブカメラ裏","https://www.youtube.com/watch?v=MPVW-vMigkI","True","video","True","","","","Kansai HD","https://www.youtube.com/channel/UCVdRvQptqqoLJA9s4_QcpiQ","","34.791595","135.440218","2025-01-28 00:41:48"
"yt_rPJksdxOggI","宝塚お天気カメラ","https://www.youtube.com/watch?v=rPJksdxOggI","True","video","True","","","","Kansai HD","https://www.youtube.com/channel/UCVdRvQptqqoLJA9s4_QcpiQ","","34.82889","135.357679","2025-01-28 00:41:00"
"yt_eHKFF2ly1vc","新御堂筋ライブカメラ","https://www.youtube.com/watch?v=eHKFF2ly1vc","True","video","True","","","","Kansai HD","https://www.youtube.com/channel/UCVdRvQptqqoLJA9s4_QcpiQ","","34.724231","135.498751","2025-01-28 00:40:16"
"yt_0C2EK3VUdLw","大阪空港ライブカメラ","https://www.youtube.com/watch?v=0C2EK3VUdLw","True","video","True","","","","Kansai HD","https://www.youtube.com/channel/UCVdRvQptqqoLJA9s4_QcpiQ","","34.786962","135.437752","2025-01-28 00:40:47"
"yt__a8mtGByV5M","元祖 大阪空港ライブカメラ","https://www.youtube.com/watch?v=_a8mtGByV5M","True","","True","","","","Kansai HD","https://www.youtube.com/channel/UCVdRvQptqqoLJA9s4_QcpiQ","","34.78633","135.437781","2025-01-28 00:43:23"
"yt_QJmOiyZPhV4","梅田情報カメラ - YouTube","https://www.youtube.com/watch?v=QJmOiyZPhV4","False","video","False","鉄道","梅田","","Kansai HD - YouTube","https://www.youtube.com/@kansaihd/streams","大阪府大阪市北区","34.686394","135.519994","2025-01-28 01:05:31"
"yt_dLT0ndv98bU","淀川お天気カメラ - YouTube","https://www.youtube.com/watch?v=dLT0ndv98bU","False","video","False","河川","淀川","","Kansai HD - YouTube","https://www.youtube.com/@kansaihd/streams","大阪府","34.686394","135.519994","2025-01-28 01:05:31"
"yt_7BGWIFgWMZg","新御堂筋ライブカメラ - YouTube","https://www.youtube.com/watch?v=7BGWIFgWMZg","False","video","False","道路","新御堂筋","","Kansai HD - YouTube","https://www.youtube.com/@kansaihd/streams","大阪府大阪市北区豊崎6丁目18 新淀川大橋","34.686394","135.519994","2025-01-28 01:05:31"
"yt_prFHxkdE3GY","沖縄かりゆしビーチリゾート・オーシャンスパ ライブカメラ","https://www.youtube.com/watch?v=prFHxkdE3GY","True","video","False","観光","沖縄かりゆしビーチリゾート・オーシャンスパ","","Kariyushi Hotels","https://www.youtube.com/channel/UCiVxzgxfn4OhuDygv5o5-mg","沖縄県国頭郡恩納村名嘉真 ヤーシ原2591-1","26.212365","127.680975","2024-07-25 20:58:35"
"yt_ktCyt8suJ8g","富士コース15番　ライブカメラ","https://www.youtube.com/watch?v=ktCyt8suJ8g","True","video","True","","","","Kawana Hotel","https://www.youtube.com/channel/UCKFJwFtWSf7tF7UAA3Mdn5w","","34.949785","139.145475","2025-01-28 02:17:00"
"yt_Xn7YQxxC5R0","河津町ライブカメラ","https://www.youtube.com/watch?v=Xn7YQxxC5R0","True","video","False","","","","KawazuLiveCam","https://www.youtube.com/channel/UCgJR4NiTcsb4h95YrsheNYw","","","","2025-01-28 01:22:15"
"yt_4v5e4eKIT_E","【ライブ配信】ウォーターマークホテル＆リゾーツ沖縄 宮古島","https://www.youtube.com/watch?v=4v5e4eKIT_E","True","","True","","","","KuROKO-宮古島映像-","https://www.youtube.com/channel/UCv89ldA5wRHQpPqPjy5NEJg","","24.839686","125.159839","2025-01-28 00:43:00"
"yt__Upz1dlQgpg","""Shirahama Ohama Beach"" 白浜大浜海水浴場（静岡県下田市）","https://www.youtube.com/watch?v=_Upz1dlQgpg","True","video","True","","","","LIVE SHIMODA","https://www.youtube.com/channel/UCKqYWckqq6044l6zUxISqkw","","34.689946","138.973065","2025-01-28 00:39:58"
"yt_ZD1SkdLaktw","""Shirahama Chuo Beach"" 白浜中央ビーチ（静岡県下田市）,Japan","https://www.youtube.com/watch?v=ZD1SkdLaktw","True","","True","","","","LIVE SHIMODA","https://www.youtube.com/channel/UCKqYWckqq6044l6zUxISqkw","","34.700493","138.975898","2025-01-28 00:42:42"
"yt_onVXd9xGmGM","""Sotoura Beach"" 外浦ビーチ（静岡県下田市）","https://www.youtube.com/watch?v=onVXd9xGmGM","True","video","True","","","","LIVE SHIMODA","https://www.youtube.com/channel/UCKqYWckqq6044l6zUxISqkw","","34.675056","138.972492","2025-01-28 00:40:54"
"yt_GtRZJYEfasY","""Tsumekizaki"" 爪木崎( 静岡県下田市)","https://www.youtube.com/watch?v=GtRZJYEfasY","True","","True","","","","LIVE SHIMODA","https://www.youtube.com/channel/UCKqYWckqq6044l6zUxISqkw","","34.66122","138.983631","2025-01-28 00:42:43"
"yt_N8yFP5zXdpI","新冠町　”Breeding Farm Scape”","https://www.youtube.com/watch?v=N8yFP5zXdpI","True","video","True","","","","LIVE the SCAPE","https://www.youtube.com/channel/UCLW7dg806PhOIh4oam4ZCRw","","","","2025-01-28 02:16:15"
"yt_hCAqdd9_5Js","揖斐川町(旧春日村) ～山の中の日常～ ”nature-scape” - YouTube","https://www.youtube.com/watch?v=hCAqdd9_5Js","False","video","False","その他","揖斐川町(旧春日村)","","LIVE the SCAPE - YouTube","https://www.youtube.com/@live-the-scape/streams","岐阜県揖斐郡揖斐川町春日","35.486948","136.5682","2024-04-13 19:16:23"
"yt_QrMX14cRd6w","大垣市 ～水の都～ ”river-scape” - YouTube","https://www.youtube.com/watch?v=QrMX14cRd6w","False","video","False","河川","大垣市","","LIVE the SCAPE - YouTube","https://www.youtube.com/@live-the-scape/streams","岐阜県大垣市","35.359365","136.612753","2024-04-12 16:11:13"
"yt_R7SLOA_CZ30","ゆりかもめと首都高速環状線と東海道新幹線と浜離宮公園/ Yurikamome and Tokyo Metropolitan Expressway and Shinkansen","https://www.youtube.com/watch?v=R7SLOA_CZ30","True","","True","","","","LIVE-TOKYO-SKY","https://www.youtube.com/channel/UCtfM7Y_79myO0WL9f8HgwUg","","35.659737","139.759746","2025-01-28 00:43:15"
"yt_TpKTz8wzGMU","Tokyo Towe Live Camera/東京タワーライブカメラ","https://www.youtube.com/watch?v=TpKTz8wzGMU","True","video","True","観光","","東京タワー","LIVE-TOKYO-SKY","https://www.youtube.com/channel/UCtfM7Y_79myO0WL9f8HgwUg","北海道函館市若松町２０−１","","","2025-01-28 01:22:07"
"yt_Q_v1K1enYjw","山口県道路河川ライブカメラ（国道・厚東川・佐波川水系）","https://www.youtube.com/watch?v=Q_v1K1enYjw","True","video","True","","","","LIVE1Page","https://www.youtube.com/channel/UCzD_KwIVnb5CpAHrWeUHtjA","","33.954417","131.238734","2025-01-28 00:40:05"
"yt_xhnMVbkNVfY","【 2025/01/27 ライブ配信】LOVOT MUSEUMを覗いてみよう！！詳細は概要欄","https://www.youtube.com/watch?v=xhnMVbkNVfY","True","","False","","","","LOVOT OFFICIAL","https://www.youtube.com/channel/UCptHYKMWRCrj2bWr74qhb5w","","35.686833","139.790842","2025-01-28 01:21:16"
"yt_Yk4O1xByiIA","飛騨高山ライブカメラ ライブストリーミング Live Streaming of ""Hida Takayama Live camera""","https://www.youtube.com/watch?v=Yk4O1xByiIA","True","","True","","","","Livetakayama","https://www.youtube.com/channel/UC5MNHWRJRJ1buoVIg2sHmCw","","36.143387","137.257793","2025-01-28 00:42:05"
"yt_OIbxxtKjVUk","長崎県島原市「秩父が浦町の船溜まり」からライブ映像","https://www.youtube.com/watch?v=OIbxxtKjVUk","True","","True","","","","Love Blue・長崎県島原市","https://www.youtube.com/channel/UC2bdjZh3HYvHs_0OTleL5Wg","","32.761062","130.371217","2025-01-28 00:42:51"
"yt_LndsC97Mj28","🔴LIVE at NARITA International Airport Plane Spotting　2025.01.27 成田空港ライブカメラ 成田空港　NRT/RJAA","https://www.youtube.com/watch?v=LndsC97Mj28","True","video","False","","","","Love Flight Jack","https://www.youtube.com/channel/UCH1R8j9ReS3GSV3wi58Xu1A","","35.771766","140.392476","2025-01-28 02:16:53"
"yt_u6e_v5ntnyw","父母ヶ浜ライブカメラ 4K","https://www.youtube.com/watch?v=u6e_v5ntnyw","True","video","True","","","","Love, Mitoyo","https://www.youtube.com/channel/UCcNpMZYWUnTNePHU0IO38pQ","","34.188442","133.64905","2025-01-28 00:41:27"
"yt_FzD8t6ObXOI","【ライブ配信】丸沼高原　レストラン プラトー","https://www.youtube.com/watch?v=FzD8t6ObXOI","True","video","True","","","","MARUNUMA","https://www.youtube.com/channel/UCVh1-I9rKs7w7C7_LuUhwcg","","36.814684","139.330029","2025-01-28 02:16:55"
"yt__iU4OLWO0ko","【ライブ配信】ツリーアドベンチャー丸沼高原","https://www.youtube.com/watch?v=_iU4OLWO0ko","True","video","True","","","","MARUNUMA","https://www.youtube.com/channel/UCVh1-I9rKs7w7C7_LuUhwcg","","36.813077","139.3364","2025-01-28 00:40:23"
"yt_0Q2YZBnp7vk","【ライブ配信】丸沼高原　関東以北最高峰日光白根山","https://www.youtube.com/watch?v=0Q2YZBnp7vk","True","video","True","","","","MARUNUMA","https://www.youtube.com/channel/UCVh1-I9rKs7w7C7_LuUhwcg","","","","2025-01-28 02:16:15"
"yt_DSEesr7uFh8","【ライブ配信】丸沼高原　標高2000ｍ　Terrace","https://www.youtube.com/watch?v=DSEesr7uFh8","True","video","True","","","","MARUNUMA","https://www.youtube.com/channel/UCVh1-I9rKs7w7C7_LuUhwcg","","36.806807","139.354957","2025-01-28 02:16:42"
"yt_cqvEOhOzN2o","【ライブ配信】丸沼高原バイオレットコース　標高1500m","https://www.youtube.com/watch?v=cqvEOhOzN2o","True","video","True","","","","MARUNUMA","https://www.youtube.com/channel/UCVh1-I9rKs7w7C7_LuUhwcg","","36.813623","139.344096","2025-01-28 02:16:51"
"yt_lsag_Os_zc8","【ライブ配信】丸沼高原　レストラン 高原の駅丸沼","https://www.youtube.com/watch?v=lsag_Os_zc8","True","video","True","","","","MARUNUMA","https://www.youtube.com/channel/UCVh1-I9rKs7w7C7_LuUhwcg","","36.81616","139.329706","2025-01-28 02:16:57"
"yt_Kg1Q-47xGJQ","【ライブ配信】丸沼高原　標高1400m　イエローコース","https://www.youtube.com/watch?v=Kg1Q-47xGJQ","True","","True","","","","MARUNUMA","https://www.youtube.com/channel/UCVh1-I9rKs7w7C7_LuUhwcg","","36.812365","139.344459","2025-01-28 02:16:38"
"yt_Xd5ssXY_BVA","【ライブ配信】丸沼高原　レストランとんふぁん","https://www.youtube.com/watch?v=Xd5ssXY_BVA","True","","True","","","","MARUNUMA","https://www.youtube.com/channel/UCVh1-I9rKs7w7C7_LuUhwcg","","36.814374","139.337082","2025-01-28 02:16:35"
"yt_DUS5L5w3t3U","【ライブ配信】丸沼高原　標高1400m イエローゴンドラ連絡路","https://www.youtube.com/watch?v=DUS5L5w3t3U","True","video","True","","","","MARUNUMA","https://www.youtube.com/channel/UCVh1-I9rKs7w7C7_LuUhwcg","","36.814917","139.330532","2025-01-28 02:16:56"
"yt_GVLwWhfwDqk","【LIVE】大阪・伊丹空港ライブカメラ 　今の空港の様子は？ OSAKA  Itami Airport(ITM)","https://www.youtube.com/watch?v=GVLwWhfwDqk","True","video","True","","","","MBS NEWS","https://www.youtube.com/channel/UCkKJhKO73xF1pK5h9R82ZGQ","","34.790805","135.440536","2025-01-28 02:17:01"
"yt_fNhebGkhYDs","【LIVE】大阪港「ライブカメラ」大阪の今の様子は？　OSAKA LIVE CAM　JAPAN【MBS LIVE CAM】","https://www.youtube.com/watch?v=fNhebGkhYDs","True","video","False","","","","MBS NEWS","https://www.youtube.com/channel/UCkKJhKO73xF1pK5h9R82ZGQ","","34.641951","135.42799","2025-01-28 02:16:47"
"yt_PqpzIJ0wueo","福井県 ライブカメラ #福井県 #福井 #ライブカメラ #fukui #japan - Live Camera","https://www.youtube.com/watch?v=PqpzIJ0wueo","True","","True","","","","MRO北陸放送公式チャンネル","https://www.youtube.com/channel/UCF5te9Y8oBT7oVJNyQkhWWQ","","36.055353","136.215988","2025-01-28 00:43:26"
"yt_vjp_8TKQRhw","ライブカメラ　輪島市（石川県）Wajima , Ishikawa , Japan - Live Camera #輪島市 #輪島 #石川県 #石川","https://www.youtube.com/watch?v=vjp_8TKQRhw","True","video","True","","","","MRO北陸放送公式チャンネル","https://www.youtube.com/channel/UCF5te9Y8oBT7oVJNyQkhWWQ","","37.397766","136.899707","2025-01-28 02:17:01"
"yt_lfasmBsPKF4","金沢市（石川県） ライブカメラ #金沢 #石川 #kanazawa #Ishikawa #japan #ライブカメラ #カメラ   - Live Camera","https://www.youtube.com/watch?v=lfasmBsPKF4","True","video","True","","","","MRO北陸放送公式チャンネル","https://www.youtube.com/channel/UCF5te9Y8oBT7oVJNyQkhWWQ","","36.55832","136.659684","2025-01-28 02:16:53"
"yt_SMbUpoxA_jc","ライブカメラ　珠洲市（石川県）Suzu , Ishikawa , Japan - Live Camera #珠洲市 #珠洲 #石川県","https://www.youtube.com/watch?v=SMbUpoxA_jc","True","video","True","","","","MRO北陸放送公式チャンネル","https://www.youtube.com/channel/UCF5te9Y8oBT7oVJNyQkhWWQ","","37.436376","137.260657","2025-01-28 02:16:43"
"yt_UMq8otOTTjU","ライブカメラ　金沢市（石川県）Kanazawa , Ishikawa , Japan - Live Camera","https://www.youtube.com/watch?v=UMq8otOTTjU","False","video","False","道路","金沢市","","MRO北陸放送公式チャンネル","https://www.youtube.com/channel/UCF5te9Y8oBT7oVJNyQkhWWQ","石川県金沢市広坂一丁目2-1","36.561582","136.65889","2025-01-28 02:17:04"
"yt_Y1tPPc61i2Q","ライブカメラ　福井市（福井県）Fukui , Japan - Live Camera","https://www.youtube.com/watch?v=Y1tPPc61i2Q","False","video","False","河川","福井市","セーレン株式会社福井本社","MRO北陸放送公式チャンネル","https://www.youtube.com/channel/UCF5te9Y8oBT7oVJNyQkhWWQ","福井県福井市毛矢1丁目10-1","36.06412","136.219452","2025-01-28 02:16:23"
"other_18009d6b3295dd03","Madarao mountain resort ライブカメラ","https://www.madarao.jp/ski/live-camera","True","video","False","山岳","Madarrao mountain resort","","Madarrao mountain resort","https://www.madarao.jp/","新潟県妙高市樽本斑尾1052","37.025265","138.253485","2024-04-09 12:58:38"
"yt_2fRxCyf59D8","【LIVE】舞浜ライブカメラ『 24時間ライブ配信 / お天気カメラ』ディズニー花火・噴火・ディズニーリゾートライン・京葉線・航空機・ 船・首都高速湾岸線・羽田空港・ゲートブリッジ・横浜みなとみらい","https://www.youtube.com/watch?v=2fRxCyf59D8","True","","True","","","","Maihama LIVE CH","https://www.youtube.com/channel/UCA2Fq5xU2z1hS58IYmuDR9A","","35.648645","139.912914","2025-01-28 00:42:14"
"yt_lIATuKzNBwc","【ライブ】函館山上空 / The sky over Mt. Hakodate [LIVE]","https://www.youtube.com/watch?v=lIATuKzNBwc","False","video","False","山岳","","","Maniac Japan Travel","https://www.youtube.com/channel/UCLsrKjUSA5LGR5iEl5AdDyg","","","","2025-01-28 01:05:41"
"yt_BxWd4bc1KiU","【ライブ】函館山と十字街  / Mt. Hakodate and Tram [LIVE]","https://www.youtube.com/watch?v=BxWd4bc1KiU","False","video","False","鉄道","十字街","","Maniac Japan Travel","https://www.youtube.com/channel/UCLsrKjUSA5LGR5iEl5AdDyg","北海道函館市末広町8","41.764818","140.716105","2025-01-28 02:16:20"
"yt_UY37I_XAink","【ライブ】函館山と十字街  / Mt. Hakodate and Tram [LIVE]","https://www.youtube.com/watch?v=UY37I_XAink","True","video","True","","","","Maniac Japan Travel","https://www.youtube.com/channel/UCLsrKjUSA5LGR5iEl5AdDyg","","41.744643","140.705596","2025-01-28 02:16:42"
"yt_Xw73UgZNBaA","しぶんぎ座流星群2024千葉県船橋市アンデルセン公園上空  東向き流星観測高感度赤外線ライブカメラ🗾24h空配信🌟Japan Starry Sky 24h 🌠＃船橋ライブカメラ#四分儀座流星群2024","https://www.youtube.com/watch?v=Xw73UgZNBaA","True","video","True","","","","Marcos Kinjo","https://www.youtube.com/channel/UC5tHoC3hHg7K1Q43DP7_xsQ","","35.763352","140.053882","2025-01-28 02:16:58"
"yt_apog1DBabJg","伊丹空港　ライブ配信　2024.05.07　(スカイランドHARADA)　Osaka International Airport　Japan","https://www.youtube.com/watch?v=apog1DBabJg","True","video","False","空港","大阪国際空港 (伊丹空港)","スカイランドHARADA","Mattsu m","https://www.youtube.com/channel/UCZNh2-xXf1GbNW-bGNbxBNw","兵庫県伊丹市岩屋1丁目10","34.784295","135.400933","2025-01-28 02:17:01"
"yt_Trh0_q-xhgo","【生中継ライブ配信中】　屋上ライブカメラ　宮崎県　国道10号線　交通　台風　天気","https://www.youtube.com/watch?v=Trh0_q-xhgo","True","video","True","","","","Mediacity","https://www.youtube.com/channel/UCXAiwCQ4-nhMDQkorWs1pPA","","31.936054","131.428944","2025-01-28 02:16:58"
"yt_AHXjwu0xRzs","【LIVE】大阪お天気ライブカメラ 日本橋より新世界・通天閣方面　Osaka Japan Tsutenkaku Tower 24/7 Livecam","https://www.youtube.com/watch?v=AHXjwu0xRzs","True","video","True","","","","Mobile Live Cam","https://www.youtube.com/channel/UC2M0fVkQw_8cYBi073FGEGg","","34.65255","135.506324","2025-01-28 02:16:49"
"yt_Tlc3uegvdrQ","モトブテラス ライブカメラ｜沖縄北部 本部町 Okinawa Live cam","https://www.youtube.com/watch?v=Tlc3uegvdrQ","True","","True","","","","Motobu Terrace","https://www.youtube.com/channel/UCN4r4N7n0nRmyfWbzXHi-Xg","","26.644935","127.858784","2025-01-28 00:42:51"
"yt_ViHvnYOwtl4","白良浜ライブカメラ","https://www.youtube.com/watch?v=ViHvnYOwtl4","True","video","True","","","","Movie Shirahama-Town（白浜町公式チャンネル）","https://www.youtube.com/channel/UCZBtrisIssVz8n0NbeHvlPA","","33.681773","135.344437","2025-01-28 00:41:29"
"yt_KyewErDSn3E","【LIVE】沖縄鳩間島ライブカメラHatoma Island Okinawa Japan Livecamera","https://www.youtube.com/watch?v=KyewErDSn3E","True","video","True","","","","Mr.Kajiku /かじく","https://www.youtube.com/channel/UCw-gq5ojQF91k2ldN_VlnLg","","24.468742","123.819647","2025-01-28 00:40:29"
"yt_KMzyAnVDhNA","鵠沼（引地川）ライブカメラ","https://www.youtube.com/watch?v=KMzyAnVDhNA","False","video","False","海岸","鵠沼海岸","","NAMIARU LIVE","https://www.youtube.com/channel/UCiQUM1JfDY48N6GuytyUMUw","神奈川県藤沢市鵠沼海岸四丁目","35.33894","139.491116","2025-01-28 01:05:31"
"yt_FMuG2bFGbXs","NARITASAN SHINSHOJI のライブ配信","https://www.youtube.com/watch?v=FMuG2bFGbXs","True","video","True","","","","NARITASAN SHINSHOJI","https://www.youtube.com/channel/UC43jgy-6kAJu2kEyHuerdGQ","","","","2025-01-28 01:22:13"
"yt_fuHykz_8I9k","【LIVE】長野市内の様子","https://www.youtube.com/watch?v=fuHykz_8I9k","True","video","True","","","","NBS長野放送ニュース","https://www.youtube.com/channel/UC8Cb__xPfEf6wriBekEpZqA","","","","2025-01-28 01:22:11"
"yt_W-rgkFv8azY","【NCC】長崎港ライブ","https://www.youtube.com/watch?v=W-rgkFv8azY","True","video","False","","","","NCC長崎文化放送","https://www.youtube.com/channel/UCWkqxFZQSdkR_q8kGz6p9mw","","32.741797","129.868188","2025-01-28 00:40:23"
"yt_tGaSspbB8wA","【NCC】佐世保港ライブ","https://www.youtube.com/watch?v=tGaSspbB8wA","True","","False","","","","NCC長崎文化放送","https://www.youtube.com/channel/UCWkqxFZQSdkR_q8kGz6p9mw","","33.154688","129.726065","2025-01-28 00:42:31"
"yt_Q6xrfvPbYkk","【NCC】長崎空港","https://www.youtube.com/watch?v=Q6xrfvPbYkk","True","video","False","","","","NCC長崎文化放送","https://www.youtube.com/channel/UCWkqxFZQSdkR_q8kGz6p9mw","","32.913517","129.918546","2025-01-28 00:39:55"
"yt_1VfE8AW7Gug","【LIVE】鉄道ライブカメラ 西新宿　Live Railroad Camera, Shinjuku Station,  Tokyo Japan","https://www.youtube.com/watch?v=1VfE8AW7Gug","True","","True","","","","NEdS RECORDS","https://www.youtube.com/channel/UC5tScs1xEO1wqNmLCeWr99w","","35.695157","139.699038","2025-01-28 02:16:26"
"yt_WXqfK42NcC0","【LIVE】日光男体山ライブカメラ NIKKO Mountain Live Camera","https://www.youtube.com/watch?v=WXqfK42NcC0","True","video","True","","","","NIKKO Live channel 2","https://www.youtube.com/channel/UC9jCsJ6LXBQlzW6BbZskaoQ","","","","2025-01-28 01:22:12"
"yt_ElrK4VHP1V0","ライブカメラ　身延山　三門前広場","https://www.youtube.com/watch?v=ElrK4VHP1V0","False","video","False","山岳","身延山","","NNS LiveCamera","https://www.youtube.com/channel/UCNHRpHmTfsZvvrvLiTQBEEA","山梨県南巨摩郡早川町初鹿島","35.663935","138.568379","2025-01-28 02:16:22"
"yt_WtlFAysVf0M","奈良 若草山ライブカメラ／Nara Wakakusa-yama LiveCam","https://www.youtube.com/watch?v=WtlFAysVf0M","True","video","True","","","","NaLIVE","https://www.youtube.com/channel/UC0CTWpAAsLqr3-88sbEEjyg","","34.700722","135.851528","2025-01-28 00:40:52"
"yt_eX1zXE-mv40","下諏訪ローイングパークLiveカメラ","https://www.youtube.com/watch?v=eX1zXE-mv40","True","video","True","","","","NaganoRowing","https://www.youtube.com/channel/UC85IeiB1bl_FgFDsqjo6S1A","","36.062215","138.080236","2025-01-28 00:40:20"
"yt_cLTo1MqI3s8","【LIVE】中野区お天気確認ライブ(大久保通り)/眠れない夜に/TOKYO Nakano Okubo Street  LIVE CAM","https://www.youtube.com/watch?v=cLTo1MqI3s8","True","","False","","","","Nakano VE Channel","https://www.youtube.com/channel/UCDKV21Bmi48JPBnvcPA2KoA","","35.703064","139.667813","2025-01-28 02:16:19"
"yt_ixBWxy5tsk8","Mt. Yotei from Acehill_Niseko Tokyu Grand HIRAFU Official","https://www.youtube.com/watch?v=ixBWxy5tsk8","True","video","False","","","","Niseko Tokyu Grand HIRAFU","https://www.youtube.com/channel/UCi5rodStpvsXMJMXAvk-OnA","","","","2025-01-28 01:22:10"
"yt_iyL-RWQGgFY","Tokyo Live Camera【4K】","https://www.youtube.com/watch?v=iyL-RWQGgFY","True","video","True","","","","Odaiba-Papa","https://www.youtube.com/channel/UC2bNTeNkDDyodoCnWCOqBWg","","35.63447","139.776096","2025-01-28 00:40:50"
"yt_c0dljesq7XA","お台場ライブカメラ【4K】","https://www.youtube.com/watch?v=c0dljesq7XA","True","","True","","","","Odaiba-Papa","https://www.youtube.com/channel/UC2bNTeNkDDyodoCnWCOqBWg","","35.634627","139.776782","2025-01-28 00:43:35"
"yt_3uJByKgycZo","【Live！】ニセコ の森のライブカメラ  PCS Niseko Live Camera","https://www.youtube.com/watch?v=3uJByKgycZo","True","video","True","","","","PCS Niseko","https://www.youtube.com/channel/UCWBbba2-zuMzL0cK-oZ8kBw","","","","2025-01-28 02:16:15"
"yt_B_ZkUILu2cY","【山頂側】ニセコアンヌプリ国際スキー場 POWCOMライブカメラ","https://www.youtube.com/watch?v=B_ZkUILu2cY","True","video","True","","","","POWDER COMPANY","https://www.youtube.com/channel/UCOWQ-Sa0a2mcCsJIZwaSUUA","","42.848281","140.648368","2025-01-28 00:41:04"
"yt_HTlQe18Ve3w","【ゴンドラ側】ニセコアンヌプリ国際スキー場 POWCOMライブカメラ","https://www.youtube.com/watch?v=HTlQe18Ve3w","True","","True","","","","POWDER COMPANY","https://www.youtube.com/channel/UCOWQ-Sa0a2mcCsJIZwaSUUA","","42.849712","140.648262","2025-01-28 00:42:27"
"yt_0i2UH-uLbbk","【LIVE】鳥取市松並町交差点ライブカメラ","https://www.youtube.com/watch?v=0i2UH-uLbbk","True","","True","","","","Plusbits","https://www.youtube.com/channel/UCps-STwqstzBwnsoqew5B2Q","","35.517443","134.220392","2025-01-28 00:43:36"
"yt_ecz2Jf-GuCc","QAB琉球朝日放送　お天気カメラ　那覇空港ほか","https://www.youtube.com/watch?v=ecz2Jf-GuCc","True","video","True","","","","QAB琉球朝日放送","https://www.youtube.com/channel/UCWzx-v_6kdTKi3oXhWOK1FA","","26.20656","127.650678","2025-01-28 02:16:43"
"other_5aab9cf390d025c6","QAB琉球朝日放送 ライブカメラ 那覇空港ほか","https://www.qab.co.jp/movie/movie/live","True","video","False","空港","那覇空港","","Quebee","https://www.qab.co.jp/movie/","沖縄県那覇市字鏡水150","26.210713","127.651985","2024-04-18 16:28:19"
"yt_rkWkJqXO2rM","RAB青森放送 のライブ映像","https://www.youtube.com/watch?v=rkWkJqXO2rM","True","video","True","","","","RAB青森放送","https://www.youtube.com/channel/UCk_jA9Y8pb50Ab2EzV_KhLw","","","","2025-01-28 01:22:10"
"yt_0nLLc0XXuK0","【LIVE】リアル水族館　沖縄の海をお届け♪　ブセナ海中公園からライブ配信中♪| OKINAWA REAL AQUARIUM |","https://www.youtube.com/watch?v=0nLLc0XXuK0","True","video","False","","","","RBCチャンネル 【琉球放送】","https://www.youtube.com/channel/UCPxD1oyWWnpn6JBtfdYXrwA","","26.542227","127.932087","2025-01-28 02:16:40"
"yt_YRhTLBinssk","【LIVE】広島駅南口ライブカメラ　路面電車が２階に直結へ　新駅ビル建設進む南口の様子 Live Camera Hiroshima Station【RCC NEWS DIG】","https://www.youtube.com/watch?v=YRhTLBinssk","True","video","True","","","","RCC NEWS DIG Powered by JNN","https://www.youtube.com/channel/UCATnyu9lou_Lw43gvyoh8uA","","34.392434","132.471562","2025-01-28 02:17:00"
"yt_iZFJJoTcSfg","【LIVE】広島駅南口ライブカメラ　路面電車が２階に直結へ　新駅ビル建設進む南口の様子 Live Camera Hiroshima Station【RCC NEWS DIG】","https://www.youtube.com/watch?v=iZFJJoTcSfg","False","video","False","道路","広島駅前交差点","広島JPビルディング","RCC NEWS DIG Powered by JNN","https://www.youtube.com/channel/UCATnyu9lou_Lw43gvyoh8uA","広島県広島市南区松原町2-62","34.379884","132.469061","2025-01-28 02:16:20"
"yt_aVGYOlIzV0A","阿蘇ライブカメラ～阿蘇火山博物館・草千里～","https://www.youtube.com/watch?v=aVGYOlIzV0A","True","","True","","","","RKK NEWS DIG","https://www.youtube.com/channel/UCG1ApxYbWaC9xUxgHCWyR5Q","","32.885439","131.052238","2025-01-28 00:42:35"
"yt_OYO_IZpUhOw","人吉市内ライブカメラ","https://www.youtube.com/watch?v=OYO_IZpUhOw","True","video","True","","","","RKK NEWS DIG","https://www.youtube.com/channel/UCG1ApxYbWaC9xUxgHCWyR5Q","","32.209749","130.742455","2025-01-28 00:40:37"
"yt_HfSrh4sZf1U","熊本県天草市牛深町ライブカメラ","https://www.youtube.com/watch?v=HfSrh4sZf1U","True","","True","","","","RKK NEWS DIG","https://www.youtube.com/channel/UCG1ApxYbWaC9xUxgHCWyR5Q","","32.19081","130.026185","2025-01-28 00:43:23"
"yt_u0zOoLKRLvs","熊本市内 白川ライブカメラ","https://www.youtube.com/watch?v=u0zOoLKRLvs","True","","True","","","","RKK NEWS DIG","https://www.youtube.com/channel/UCG1ApxYbWaC9xUxgHCWyR5Q","","32.79673","130.703328","2025-01-28 00:42:57"
"yt_0PAnSx_u_a8","白山通り交差点　ライブカメラ","https://www.youtube.com/watch?v=0PAnSx_u_a8","True","video","True","道路","白山通り交差点","","Ryuichi","https://www.youtube.com/channel/UCeDyTJklgdeV7yVIYiU0Eww","福岡県福岡市中央区天神２丁目１−１ ","","","2025-01-28 02:16:16"
"yt_briBfx5IZbg","【HD LIVE STREAM】 AMERICAN VILLAGE in Okinawa　沖縄ライブカメラ","https://www.youtube.com/watch?v=briBfx5IZbg","True","video","True","観光","美浜タウンリゾート・アメリカンビレッジ","","SAKURAYA CHANNEL OKINAWA","https://www.youtube.com/channel/UCpTWzGUr4aS45kkpomvU0ww","沖縄県中頭郡北谷町美浜","26.212365","127.680975","2025-01-28 02:17:01"
"yt_Gg6M93bj9_Q","【LIVE】諏訪湖の「いま」を配信します｜ライブ｜諏訪湖｜御神渡り｜LakeSuwa | SuwaCity | Nagano | GodCrossing","https://www.youtube.com/watch?v=Gg6M93bj9_Q","True","video","True","","","","SBC信越放送ニュース","https://www.youtube.com/channel/UCpin9fWaJ2bdeOtvx3OGjww","","","","2025-01-28 01:22:15"
"yt_M9aq4KtNISA","【LIVE】富士山・日本平ライブカメラ Mt.Fuji, JAPAN | SBS NEWS6","https://www.youtube.com/watch?v=M9aq4KtNISA","True","","True","","","","SBSnews6","https://www.youtube.com/channel/UCOLVB0iYK8ahQ0mFn-lF-8g","","34.704189","137.734415","2025-01-28 00:43:28"
"yt_2rcllDuFtdo","【LIVE】東京・新橋駅方面ライブカメラ | SBS NEWS6","https://www.youtube.com/watch?v=2rcllDuFtdo","True","","True","","","","SBSnews6","https://www.youtube.com/channel/UCOLVB0iYK8ahQ0mFn-lF-8g","","35.668768","139.758939","2025-01-28 00:42:53"
"yt_6_8ehEmYBYc","【LIVE】清水・由比ライブカメラ(静岡市清水区) | SBS NEWS6","https://www.youtube.com/watch?v=6_8ehEmYBYc","True","video","True","海岸","","薩埵峠","SBSnews6","https://www.youtube.com/channel/UCOLVB0iYK8ahQ0mFn-lF-8g","静岡県静岡市清水区草薙６００−１","","","2025-01-28 01:22:15"
"yt__r-g8wU-0o8","関門海峡【LIVE CAMERA】癒しの空間、関門海峡を（門司港から）ライブ配信中！ 船の汽笛が聴けるように生音での配信（壇ノ浦の戦いの場）※チャット参加の方は概要欄一読を🙏","https://www.youtube.com/watch?v=_r-g8wU-0o8","True","video","True","","","","SEA & SKY ch","https://www.youtube.com/channel/UC3vSAbIwuDdbyxln1Wlnehg","","33.955207","130.964674","2025-01-28 00:40:21"
"yt_lJ_pJCUeRyA","[淡路島]SHEVRON PLACE ライブカメラ CHANNEL②","https://www.youtube.com/watch?v=lJ_pJCUeRyA","True","","True","","","","SHEVRON PLACE","https://www.youtube.com/channel/UC8hwEZIvQlYZGbfXcC5HDfw","","34.405406","134.894166","2025-01-28 00:42:09"
"yt_kfIQBC0hrII","【LIVE & BGM♪】いまの札幌／さっぽろ創世スクエア　北海道ｏｎ天気カメラ　ライブカメラ　LIVE　streaming　SAPPORO-city　大通公園　さっぽろテレビ塔","https://www.youtube.com/watch?v=kfIQBC0hrII","True","","True","","","","SODANEチャンネル","https://www.youtube.com/channel/UCmluFv8LmQmKpmq0wyCAVgA","","43.062293","141.355283","2025-01-28 02:16:25"
"other_fa3b7cbb375214b2","STV札幌テレビ(小樽)","https://www.stv.jp/webcam/otaru/index.html","True","image","False","河川","","ホテルノルド小樽","STV札幌テレビ","https://www.stv.jp/webcam/index.html","北海道小樽市色内一丁目4-16","43.1907527","140.994605","2024-04-12 14:55:57"
"other_1843a456e83d13f6","STV札幌テレビ(帯広)","https://www.stv.jp/webcam/obihiro/index.html","True","image","False","河川","十勝大橋","","STV札幌テレビ","https://www.stv.jp/webcam/index.html","北海道帯広市東一条北二丁目","42.934649","143.205281","2024-04-12 13:16:11"
"other_c8fe6511c99bc495","STV札幌テレビ(網走)","https://www.stv.jp/webcam/abashiri/index.html","True","image","False","海岸","","網走市役所","STV札幌テレビ","https://www.stv.jp/webcam/index.html","北海道網走市南六条東四丁目","44.020631","144.273422","2024-04-12 13:17:18"
"other_b01325d1801a0cf2","STV札幌テレビ(江差)","https://www.stv.jp/webcam/esashi/index.html","True","image","False","海岸","","江差町公民館（対鴎館）","STV札幌テレビ","https://www.stv.jp/webcam/index.html","北海道檜山郡江差町字上野町46","41.869244","140.12756","2024-04-12 13:10:25"
"other_8aac37fd1aec5509","STV札幌テレビ(知床)","https://www.stv.jp/webcam/shiretoko/index.html","True","image","False","海岸","ウトロ港","北こぶし知床　ホテル＆リゾート","STV札幌テレビ","https://www.stv.jp/webcam/index.html","北海道斜里郡斜里町ウトロ東172","44.0718701","144.995659","2024-04-12 14:42:06"
"other_ea726395f37bbfaa","STV札幌テレ(赤井川)","https://www.stv.jp/webcam/yoichi/index.html","True","image","False","観光","キロロリゾート・マウンテンセンター","","STV札幌テレビ","https://www.stv.jp/webcam/index.html","北海道余市郡赤井川村字常盤650","43.090599","140.95299","2024-04-12 13:07:55"
"other_4a7de81b49a36101","STV札幌テレビ(根室)","https://www.stv.jp/webcam/nemuro/index.html","True","image","False","海岸","北海道 根室市 花咲港","","STV札幌テレビ","https://www.stv.jp/webcam/index.html","北海道根室市","43.330036","145.582903","2024-04-12 14:46:25"
"other_f5e316f5f69b61b4","STV札幌テレビ(浦河)","https://www.stv.jp/webcam/urakawa/index.html","True","image","False","海岸","浦河","","STV札幌テレビ","https://www.stv.jp/webcam/index.html","北海道浦河郡浦河町築地一丁目 浦河町役場","42.168355","142.768213","2024-04-12 14:56:14"
"other_aa29ddf7fd24f776","STV札幌テレビ(新千歳空港ターミナルビル)","https://www.stv.jp/webcam/shinchitose/index.html","True","image","False","空港","新千歳空港ターミナル","","STV札幌テレビ","https://www.stv.jp/webcam/index.html","北海道千歳市美々987-22","42.783915","141.695934","2024-04-13 21:39:51"
"other_860f33680341a7b5","STV札幌テレビ(新千歳空港滑走路)","https://www.stv.jp/webcam/shinchitose2/index.html","True","image","False","空港","新千歳空港滑走路の東側","","STV札幌テレビ","https://www.stv.jp/webcam/index.html","北海道千歳市美々","42.783915","141.695934","2024-04-12 14:57:46"
"other_4e3e318e0f1f8977","STV札幌テレビ(北広島)","https://www.stv.jp/webcam/kitahiroshima/index.html","True","image","False","鉄道","","北広島市役所","STV札幌テレビ","https://www.stv.jp/webcam/index.html","北海道北広島市中央四丁目2-1","42.985255","141.563165","2024-04-12 15:36:47"
"other_c04b7023a6cba0b3","STV札幌テレビ(礼文)","https://www.stv.jp/webcam/rebun/index.html","True","image","False","海岸","利尻富士","礼文町役場","STV札幌テレビ","https://www.stv.jp/webcam/index.html","北海道礼文郡礼文町大字香深村字トンナイ558-5","45.303062","141.047717","2024-04-12 15:37:08"
"other_e66ad81bc03a2dee","STV札幌テレビ(稚内)","https://www.stv.jp/webcam/wakkanai/index.html","True","image","False","海岸","","稚内百年記念塔","STV札幌テレビ","https://www.stv.jp/webcam/index.html","北海道稚内市大字稚内村ヤムワッカナイ","45.38739","141.659489","2024-04-12 15:37:18"
"other_a02d461d97c8e3c5","STV札幌テレビ(留萌)","https://www.stv.jp/webcam/rumoi/index.html","True","image","False","海岸","","留萌市役所","STV札幌テレビ","https://www.stv.jp/webcam/index.html","北海道留萌市幸町一丁目11-11","43.940987","141.637009","2024-04-12 15:02:11"
"other_15a0f2521daabd71","STV札幌テレビ(函館)","https://www.stv.jp/webcam/hakodate/index.html","True","image","False","海岸","","函館山ＳＴＶテレビ函館送信所","STV札幌テレビ","https://www.stv.jp/webcam/index.html","北海道函館市函館山 テレビ送信所","41.768712","140.729108","2024-04-12 13:14:20"
"other_813a5047fe8a58ec","STV札幌テレビ(札幌大通公園)","https://www.stv.jp/webcam/ohdori4/index.html","True","image","False","観光","","明治安田生命札幌大通ビル","STV札幌テレビ","https://www.stv.jp/webcam/index.html","北海道札幌市中央区大通西三丁目","43.061414","141.35389","2024-04-12 15:06:34"
"other_58eac74bd0fedeff","STV札幌テレビ(旭川)","https://www.stv.jp/webcam/asahikawa/index.html","True","image","False","道路","新橋","","STV札幌テレビ","https://www.stv.jp/webcam/index.html","北海道旭川市九条通一丁目","43.771404","142.365314","2024-04-12 11:02:35"
"yt_AzL2Af8X-s4","ライブカメラ  岩見沢(STV札幌テレビ放送)北海道岩見沢市 /Live Camera Iwamizawa , Hokkaido","https://www.youtube.com/watch?v=AzL2Af8X-s4","True","video","False","","","","STV札幌テレビ放送 公式","https://www.youtube.com/channel/UCGrZAL2OKyKHj5flMIVU72A","","","","2025-01-28 02:16:14"
"yt_najXGwbYass","ライブカメラ 北広島市（STV札幌テレビ放送）北海道北広島市／Live Camera Kitahirosima City, Hokkaido","https://www.youtube.com/watch?v=najXGwbYass","True","","False","","","","STV札幌テレビ放送 公式","https://www.youtube.com/channel/UCGrZAL2OKyKHj5flMIVU72A","","42.986227","141.564171","2025-01-28 00:42:55"
"yt_I1kJB1jdGo0","ライブカメラ ＪＲ札幌駅 (ＳＴＶ札幌テレビ放送)  Live Camera Sapporo Station , Hokkaido","https://www.youtube.com/watch?v=I1kJB1jdGo0","True","","False","","","","STV札幌テレビ放送 公式","https://www.youtube.com/channel/UCGrZAL2OKyKHj5flMIVU72A","","43.069434","141.353636","2025-01-28 02:16:25"
"yt_WUN-183KH7M","いまの札幌 ライブカメラ（STV札幌テレビ放送）北海道札幌市中央区 /Live Camera Sapporo , Hokkaido","https://www.youtube.com/watch?v=WUN-183KH7M","True","video","False","","","","STV札幌テレビ放送 公式","https://www.youtube.com/channel/UCGrZAL2OKyKHj5flMIVU72A","","","","2025-01-28 01:22:10"
"yt_uvNVpMKG8rw","ライブカメラ 新千歳空港ターミナル(ＳＴＶ札幌テレビ放送)/ Live Camera New Chitose Airport Terminal","https://www.youtube.com/watch?v=uvNVpMKG8rw","True","","False","","","","STV札幌テレビ放送 公式","https://www.youtube.com/channel/UCGrZAL2OKyKHj5flMIVU72A","","42.787709","141.678388","2025-01-28 00:42:19"
"yt_c6Gqe6L_xZg","ライブカメラ 北海道(ＳＴＶ札幌テレビ放送)/LiveCamera Hokkaido Japan","https://www.youtube.com/watch?v=c6Gqe6L_xZg","True","video","False","","","","STV札幌テレビ放送 公式","https://www.youtube.com/channel/UCGrZAL2OKyKHj5flMIVU72A","","","","2025-01-28 01:22:10"
"yt_Qp0Pu-9YAos","ライブカメラ 北広島市（STV札幌テレビ放送）北海道北広島市／Live Camera Kitahirosima City, Hokkaido","https://www.youtube.com/watch?v=Qp0Pu-9YAos","False","video","False","鉄道","","北広島市役所庁舎","STV札幌テレビ放送 公式","https://www.youtube.com/channel/UCGrZAL2OKyKHj5flMIVU72A","北海道北広島市中央四丁目2-1","42.985255","141.563165","2025-01-28 01:05:42"
"yt_vuoPFKnHcaE","下田プリンスホテル　白浜中央海水浴場（ライブカメラより）","https://www.youtube.com/watch?v=vuoPFKnHcaE","True","","True","","","","Shimoda Prince Hotel","https://www.youtube.com/channel/UCn6wb4E1-pdzUG2Fn_tAfWA","","34.696233","138.973286","2025-01-28 02:16:38"
"yt_E1l9PcSGojU","【LIVE】浅草・雷門前の様子　Asakusa, Tokyo JAPAN 【ライブカメラ】 | TBS NEWS DIG","https://www.youtube.com/watch?v=E1l9PcSGojU","True","video","True","","","","TBS NEWS DIG Powered by JNN","https://www.youtube.com/channel/UC6AG81pAkf6Lbi_1VC5NmPA","","","","2025-01-28 02:16:12"
"yt_0UUu10W-K2Q","【LIVE】新宿駅前のライブカメラ 現在の様子は？ Shinjuku, Tokyo JAPAN | TBS NEWS DIG","https://www.youtube.com/watch?v=0UUu10W-K2Q","False","video","False","道路","新宿駅","","TBS NEWS DIG Powered by JNN","https://www.youtube.com/channel/UC6AG81pAkf6Lbi_1VC5NmPA","東京都新宿区新宿三丁目38-1","35.689568","139.691717","2025-01-28 01:05:38"
"yt_orjgCwFT_lY","【LIVE】横浜 みなとみらいのライブカメラ 現在の様子は？Yokohama, Minatomirai JAPAN | TBS NEWS DIG","https://www.youtube.com/watch?v=orjgCwFT_lY","True","video","False","海岸","みなとみらい","","TBS NEWS DIG Powered by JNN","https://www.youtube.com/channel/UC6AG81pAkf6Lbi_1VC5NmPA","青森県青森市大谷小谷１−５","","","2025-01-28 01:22:08"
"yt__R-taGvWNEU","【LIVE】新宿駅前のライブカメラ 現在の様子は？ Shinjuku, Tokyo JAPAN | TBS NEWS DIG","https://www.youtube.com/watch?v=_R-taGvWNEU","True","video","True","","","","TBS NEWS DIG Powered by JNN","https://www.youtube.com/channel/UC6AG81pAkf6Lbi_1VC5NmPA","","","","2025-01-28 01:22:13"
"yt_lnfXQ7H7J3c","【LIVE】高岡市広小路－交通情報ライブカメラ","https://www.youtube.com/watch?v=lnfXQ7H7J3c","True","video","True","","","","TCNライブ 高岡ケーブルネットワーク","https://www.youtube.com/channel/UCViEINl4jn95elupZZPk__w","","36.752125","137.020477","2025-01-28 00:40:29"
"yt_DdorLfVx5VQ","【LIVE】国道156号清水町交差点－交通情報ライブカメラ","https://www.youtube.com/watch?v=DdorLfVx5VQ","True","","True","","","","TCNライブ 高岡ケーブルネットワーク","https://www.youtube.com/channel/UCViEINl4jn95elupZZPk__w","","36.738986","137.00374","2025-01-28 00:43:29"
"yt_r3mb1DPkaxE","【LIVE】高岡市昭和町－交通情報ライブカメラ","https://www.youtube.com/watch?v=r3mb1DPkaxE","True","video","True","","","","TCNライブ 高岡ケーブルネットワーク","https://www.youtube.com/channel/UCViEINl4jn95elupZZPk__w","","36.75362","137.001064","2025-01-28 00:41:38"
"yt_tpREfA1l7mM","【東京ライブカメラ】お台場・レインボーブリッジ・富士山の絶景！ Rainbow Bridge & TOYOSU Market & Mt.FUJI TOKYO BAY AREA LIVECAM","https://www.youtube.com/watch?v=tpREfA1l7mM","True","video","True","","","","TOKYO LIVE CAMERA","https://www.youtube.com/channel/UC8W6RWFeN4cmx6C3tPNEdaQ","","35.645575","139.785396","2025-01-28 00:41:18"
"yt_6EfrnWWnDNI","【LIVE】新倉山浅間公園・忠霊塔 展望デッキ ライブカメラ (Mt.Fuji Live Camera  from Arakurayama Sengen Park Chureito Pagoda)","https://www.youtube.com/watch?v=6EfrnWWnDNI","False","video","False","観光","新倉山浅間公園","","TOURISM FUJIYOSHIDA","https://www.youtube.com/channel/UCnqVpkMd8g9BvbePO-ZXTVA","山梨県富士吉田市浅間2丁目4-1","35.487499","138.807857","2025-01-28 02:17:03"
"yt_MDeVPQ5atzQ","【LIVE】新倉山浅間公園・忠霊塔 展望デッキ ライブカメラ (Mt.Fuji Live Camera  from Arakurayama Sengen Park Chureito Pagoda)","https://www.youtube.com/watch?v=MDeVPQ5atzQ","True","video","True","","","","TOURISM FUJIYOSHIDA","https://www.youtube.com/channel/UCnqVpkMd8g9BvbePO-ZXTVA","","","","2025-01-28 02:16:11"
"yt_765O9y3--zo","【TSC】岡山桃太郎空港　岡山市","https://www.youtube.com/watch?v=765O9y3--zo","True","video","False","","","","TSCテレビせとうち","https://www.youtube.com/channel/UCAzaZfwgfjYVRGn4S60xM6Q","","34.760334","133.853418","2025-01-28 02:16:44"
"other_63622198a08809a4","TSKライブカメラ | TSKさんいん中央テレビ","https://tsk-tv.com/livecamera/","True","image","False","道路","宍道湖","","TSKさんいん中央テレビ","https://tsk-tv.com/livecamera/","島根県松江市末次町86","35.467467","133.049814","2024-04-18 17:08:57"
"yt_ZHL5uf5KJF8","2025/01/27 PM～配信済み　JR 中央線 高尾駅 周辺 ライブカメラ / 4K LIVE TOKYO JAPAN","https://www.youtube.com/watch?v=ZHL5uf5KJF8","True","","False","","","","TTSC CH","https://www.youtube.com/channel/UC3XaMdKWwInRZABct7gKwFA","","35.642547","139.284646","2025-01-28 02:16:19"
"yt_a49pXas0L4M","観音寺川の桜並木 ライブカメラ 【2024.4.16～配信　4/17満開】","https://www.youtube.com/watch?v=a49pXas0L4M","False","video","False","観光","三春滝桜","","TUFchannel","https://www.youtube.com/channel/UCsci9tL9g8QPOvUwjJeDAgA","福島県田村郡三春町大字滝字桜久保296","37.4076991","140.500067","2025-01-28 02:16:22"
"yt_lFl4hgnoQTA","ライブカメラ　(福島・郡山・会津若松・小名浜)　[TUFテレビユー福島]","https://www.youtube.com/watch?v=lFl4hgnoQTA","True","","True","","","","TUFchannel","https://www.youtube.com/channel/UCsci9tL9g8QPOvUwjJeDAgA","","37.400682","140.37486","2025-01-28 02:16:30"
"yt_rBsA61t4URc","ライブカメラ　(吾妻山・阿武隈川)　提供：国交省福島河川国道事務所  [TUFテレビユー福島]","https://www.youtube.com/watch?v=rBsA61t4URc","True","video","False","","","","TUFchannel","https://www.youtube.com/channel/UCsci9tL9g8QPOvUwjJeDAgA","","37.73368","140.19998","2025-01-28 02:16:43"
"yt_wtu_BW6tN7I","ライブカメラ","https://www.youtube.com/watch?v=wtu_BW6tN7I","True","video","False","","","","TVh テレビ北海道 TV HOKKAIDO","https://www.youtube.com/channel/UCKFJS8Mrik1Uhzu_Hfnt91w","","","","2025-01-28 01:22:10"
"yt_GpUEzSGuxLQ","【ライブカメラ】","https://www.youtube.com/watch?v=GpUEzSGuxLQ","False","video","False","その他","札幌市","","TVh テレビ北海道 TV HOKKAIDO","https://www.youtube.com/channel/UCKFJS8Mrik1Uhzu_Hfnt91w","北海道札幌市","43.061972","141.354374","2025-01-28 01:05:35"
"yt_oAZ0owknbR4","T - base 難波江 波情報Live","https://www.youtube.com/watch?v=oAZ0owknbR4","True","video","True","","","","Tbase難波江","https://www.youtube.com/channel/UCdP867jH_zBQNtO45JExnSw","","35.501659","135.508715","2025-01-28 00:41:27"
"yt_IQms8zArI7w","【ライブカメラ】新潟市、長岡市、上越市、佐渡市、JR新潟駅前　県内5地点ループ　Niigata, Japan","https://www.youtube.com/watch?v=IQms8zArI7w","True","video","True","","","","TeNY新潟一番ニュース","https://www.youtube.com/channel/UC_0tfCjB-pPNR8r9G9G1fTA","","","","2025-01-28 02:16:14"
"yt_enBReBFAk7U","利尻島　オタドマリ沼Live配信　-Rishiri Island, Hokkaido-","https://www.youtube.com/watch?v=enBReBFAk7U","True","video","True","","","","Tetsu Kuro","https://www.youtube.com/channel/UCp1PQJKoJfZcfAcYlOh8sKA","","45.118205","141.286267","2025-01-28 02:16:51"
"yt_5BG3KJVFRVM","利尻島　仙法志御崎公園LIVE配信！-Rishiri Island, Hokkaido-","https://www.youtube.com/watch?v=5BG3KJVFRVM","True","video","True","","","","Tetsu Kuro","https://www.youtube.com/channel/UCp1PQJKoJfZcfAcYlOh8sKA","","45.100907","141.228139","2025-01-28 02:16:50"
"yt_FMfrTVW-FpA","JR 中央本線ライブカメラ② （春日居町 ⇔ 石和温泉）下り甲府、松本方面【1月】","https://www.youtube.com/watch?v=FMfrTVW-FpA","True","video","True","","","","The Dramatic 中央本線。","https://www.youtube.com/channel/UCZ974tQkAeV7_l_opPHCcdg","","","","2025-01-28 01:22:09"
"yt_KeivZcJ38VM","JR 中央本線ライブカメラ③（春日居町 ⇔ 石和温泉）熊野権現踏切【1月】","https://www.youtube.com/watch?v=KeivZcJ38VM","True","video","True","","","","The Dramatic 中央本線。","https://www.youtube.com/channel/UCZ974tQkAeV7_l_opPHCcdg","","35.668135","138.652124","2025-01-28 00:41:10"
"yt_XXE7EK46Nb0","JR 中央本線ライブカメラ①（春日居町 ⇔ 石和温泉）上り八王子、新宿方向【山梨県笛吹市】","https://www.youtube.com/watch?v=XXE7EK46Nb0","True","","True","","","","The Dramatic 中央本線。","https://www.youtube.com/channel/UCZ974tQkAeV7_l_opPHCcdg","","35.66615","138.649898","2025-01-28 00:43:05"
"yt_Kh6nj86qJyQ","【ライブカメラ・４K】絶景　東伊豆　熱川　片瀬海岸（URLが変わる場合があります。チャンネル登録が便利です）","https://www.youtube.com/watch?v=Kh6nj86qJyQ","True","video","True","","","","The East Coast Of The Izu Peninsula.","https://www.youtube.com/channel/UCJmcX1-3OyZr7rGWSFc-1rg","","34.799842","139.036207","2025-01-28 02:16:50"
"yt_1ik7_dvknHI","白樺公園ライブカメラ","https://www.youtube.com/watch?v=1ik7_dvknHI","False","video","False","その他","白樺公園","","TobetsuTown","https://www.youtube.com/channel/UCBcf4Bn1rbhg6iObCHbpdMQ","北海道石狩郡当別町白樺町","43.223706","141.515577","2025-01-28 01:05:37"
"yt_bQMP7-GzdIQ","ライブカメラ ＪＲ札幌駅 (ＳＴＶ札幌テレビ放送) Live Camera Sapporo Station , Hokkaido - YouTube","https://www.youtube.com/watch?v=bQMP7-GzdIQ","False","video","False","鉄道","JR札幌駅","札幌医療リハビリ専門学校","TobetsuTown - YouTube","https://www.youtube.com/@itjoho/streams","北海道札幌市北区北六条西一丁目3-1","43.090693","141.340882","2024-04-13 20:07:46"
"yt_kmo17mb5LvI","Tokyo Live Camera Ch1 [4K] 東京 汐留 鉄道 ライブカメラ","https://www.youtube.com/watch?v=kmo17mb5LvI","False","video","False","その他","汐留","","Tokyo Live Camera","https://www.youtube.com/channel/UCbTLJi8lXWIt_d1AtRv4Nmw","東京都港区東新橋二丁目18-1","35.689568","139.691717","2025-01-28 01:05:41"
"yt_8i9ltzhq80s","Tokyo 4K Panorama Livecam 東京4Kパノラマライブカメラ","https://www.youtube.com/watch?v=8i9ltzhq80s","False","video","False","河川","東京都江東区の運河","","Tokyo Skyline","https://www.youtube.com/channel/UCsQBuRimy-hLk1jNBq-Yx9Q","東京都江東区豊洲六丁目1-16","35.6488834","139.790019","2025-01-28 01:05:30"
"yt_VSWIG1JCZNk","Tokyo 4K Panorama Livecam 東京4Kパノラマライブカメラ","https://www.youtube.com/watch?v=VSWIG1JCZNk","True","video","True","河川","江東区","豊洲運河","Tokyo Skyline","https://www.youtube.com/channel/UCsQBuRimy-hLk1jNBq-Yx9Q","東京都中央区晴海３丁目１３−２","","","2025-01-28 01:22:07"
"yt_2vfYbuEdHxU","【LIVE Shinjuku Tokyo Japan】東京スカイライン・ライブカメラ - Tokyo Skyline Live Camera","https://www.youtube.com/watch?v=2vfYbuEdHxU","True","","True","","","","Tokyo Skyline Live","https://www.youtube.com/channel/UCZDmkaJ80vMMvvflpN32h-A","","35.740449","139.717541","2025-01-28 00:42:02"
"yt_RFIR8PFYwkw","自分の配信東京 隅田川 ライブカメラ　Tokyo Sumida River LIVE  Camera","https://www.youtube.com/watch?v=RFIR8PFYwkw","True","","True","","","","Tokyo Sumida River LIVE","https://www.youtube.com/channel/UC8cHkbzzh2HvCAx0wLh2Qjw","","35.686528","139.794049","2025-01-28 02:16:32"
"yt_r74OyneNmg8","東京ライブカメラ Tokyo Live Camera: Experience the Beauty of Tokyo 24/7","https://www.youtube.com/watch?v=r74OyneNmg8","True","video","False","河川","レインボーブリッジ","","Tokyo Views","https://www.youtube.com/channel/UCaaSp7JYkACHR-Sr-p3OHeQ","東京都港区港南三丁目9","35.689568","139.691717","2025-01-28 02:19:53"
"yt_693RRt4gu6k","今日は会えるかな？野生の朱鷺(トキ) 佐渡島・特別天然記念物 Liveチャンネル（Nipponia nippon）☆日頃、当ライブチャンネルをご視聴頂きありがとうございます。☆","https://www.youtube.com/watch?v=693RRt4gu6k","False","video","False","","","","Travel Japan Live Channel","https://www.youtube.com/channel/UCFfurCxvxE0mFkFy1ZwSang","","38.036673","138.420848","2025-01-28 00:40:15"
"yt_1phhm90i1mg","【満天キラ星】（軽井沢町・浅間山)】Liveチャンネル　☆日頃、当ライブチャンネルをご視聴頂きありがとうございます。☆","https://www.youtube.com/watch?v=1phhm90i1mg","True","video","True","","","","Travel Japan Live Channel","https://www.youtube.com/channel/UCFfurCxvxE0mFkFy1ZwSang","","","","2025-01-28 02:16:13"
"yt_UgeR0QhtdGA","北海道 十勝の森の風景～エゾリスと小鳥の庭～　Liveチャンネル　☆日頃、当ライブチャンネルをご視聴頂きありがとうございます。☆","https://www.youtube.com/watch?v=UgeR0QhtdGA","True","video","True","","","","Travel Japan Live Channel","https://www.youtube.com/channel/UCFfurCxvxE0mFkFy1ZwSang","","42.796574","143.1611","2025-01-28 02:17:00"
"yt_e_osEPIYYGM","【満天キラ星】（環境省認定 )日本一星空がきれいに見える場所・長野県・阿智村 Liveチャンネル　☆日頃、当ライブチャンネルをご視聴頂きありがとうございます。☆","https://www.youtube.com/watch?v=e_osEPIYYGM","True","video","True","","","","Travel Japan Live Channel","https://www.youtube.com/channel/UCFfurCxvxE0mFkFy1ZwSang","","35.443832","137.660744","2025-01-28 02:16:46"
"yt_lZ0Va0y_KxA","日本海に沈む美しい夕日 ライブチャンネル（新潟県・鯨波海岸)＋BGM 　☆日頃、当ライブチャンネルをご視聴頂きありがとうございます。☆","https://www.youtube.com/watch?v=lZ0Va0y_KxA","True","video","True","","","","Travel Japan Live Channel","https://www.youtube.com/channel/UCFfurCxvxE0mFkFy1ZwSang","","37.347055","138.487446","2025-01-28 02:16:47"
"yt_amYCJ1cTol4","大海原でお仕事をされている大間漁師さんのお陰で美味しい海の幸を頂くことが出来る事に感謝します。巨大マグロの大間漁港（荷揚げ場）お天気Liveチャンネル","https://www.youtube.com/watch?v=amYCJ1cTol4","True","","True","","","","Travel Japan Live Channel","https://www.youtube.com/channel/UCFfurCxvxE0mFkFy1ZwSang","","41.528916","140.904973","2025-01-28 00:42:25"
"yt_Z4v8Td6ax0c","【本州最北端・巨大マグロの青森県大間崎】下北半島国定公園 24H Live チャンネル ※晴れた日には津軽海峡をはさんで北海道の海岸も御覧いただけます。","https://www.youtube.com/watch?v=Z4v8Td6ax0c","True","video","True","","","","Travel Japan Live Channel","https://www.youtube.com/channel/UCFfurCxvxE0mFkFy1ZwSang","","","","2025-01-28 01:22:10"
"yt_16IpSMCu4cU","白鳥（新潟県【瓢湖】国指定瓢湖鳥獣保護区）Liveチャンネル　☆日頃、当ライブチャンネルをご視聴頂きありがとうございます。☆","https://www.youtube.com/watch?v=16IpSMCu4cU","True","","True","","","","Travel Japan Live Channel","https://www.youtube.com/channel/UCFfurCxvxE0mFkFy1ZwSang","","37.838496","139.23711","2025-01-28 02:16:24"
"yt_nwO2D1yUnT8","【道の駅】新潟県・笹川流れ 夕日会館　Liveチャンネル+BGM　☆日頃、当ライブチャンネルをご視聴頂きありがとうございます。☆","https://www.youtube.com/watch?v=nwO2D1yUnT8","True","","True","","","","Travel Japan Live Channel","https://www.youtube.com/channel/UCFfurCxvxE0mFkFy1ZwSang","","38.375218","139.458558","2025-01-28 02:16:27"
"yt_-hyYkoP0RBU","新潟県・道の駅　笹川流れライブチャンネル＋外部マイク　※晴れた日には粟島の島影も御覧いただけます　☆日頃、当ライブチャンネルをご視聴頂きありがとうございます。☆","https://www.youtube.com/watch?v=-hyYkoP0RBU","True","","True","","","","Travel Japan Live Channel","https://www.youtube.com/channel/UCFfurCxvxE0mFkFy1ZwSang","","38.376613","139.458681","2025-01-28 02:16:32"
"yt_zXA3yM0W2QA","日本海に沈む美しい夕日 ライブチャンネル（新潟県・関屋浜)＋BGM　※晴れた日には佐渡島の島影も御覧いただけます。☆日頃、当ライブチャンネルをご視聴頂きありがとうございます。☆","https://www.youtube.com/watch?v=zXA3yM0W2QA","True","video","True","","","","Travel Japan Live Channel","https://www.youtube.com/channel/UCFfurCxvxE0mFkFy1ZwSang","","37.914432","139.008156","2025-01-28 02:16:46"
"yt_YEg-gA-OvtM","【富士急行線河口湖駅】富士観光開発(株) 本社屋上ライブカメラ　提供：UTYテレビ山梨【Kawaguchiko Station Live Cam in Japan】","https://www.youtube.com/watch?v=YEg-gA-OvtM","True","video","True","","","","UTYテレビ山梨公式チャンネル","https://www.youtube.com/channel/UCk2oG--VyYST4SYyQkeadjA","","","","2025-01-28 02:16:16"
"yt_So6EoqPRAbI","【甲府盆地の街並み】山梨県立科学館　屋上ライブカメラ（提供：テレビ山梨）【Kofu basin Live Cam in Japan】","https://www.youtube.com/watch?v=So6EoqPRAbI","True","video","True","","","","UTYテレビ山梨公式チャンネル","https://www.youtube.com/channel/UCk2oG--VyYST4SYyQkeadjA","","","","2025-01-28 02:16:16"
"yt_slOgQojt8w8","【交通・渋滞ライブカメラ】中央自動車道 上野原インターチェンジ 提供:UTYテレビ山梨【Uenohara I.C. Live Cam on CHUO EXPWY in Japan】","https://www.youtube.com/watch?v=slOgQojt8w8","True","video","True","","","","UTYテレビ山梨公式チャンネル","https://www.youtube.com/channel/UCk2oG--VyYST4SYyQkeadjA","","35.621219","139.115859","2025-01-28 00:41:31"
"yt_eU8A7QQOcso","【富士山ライブカメラ】～河口湖～富士山パノラマロープウェイ展望台　提供：UTYテレビ山梨【Mt.Fuji Live Cam in Japan】","https://www.youtube.com/watch?v=eU8A7QQOcso","True","","True","","","","UTYテレビ山梨公式チャンネル","https://www.youtube.com/channel/UCk2oG--VyYST4SYyQkeadjA","","35.503598","138.776987","2025-01-28 02:16:36"
"yt_zSQv73oysCY","滋賀県立大学　お天気カメラ","https://www.youtube.com/watch?v=zSQv73oysCY","True","video","True","","","","UnivShigaPref","https://www.youtube.com/channel/UCa9DpI_1lyyF3SHi26ozcog","","35.259572","136.218882","2025-01-28 02:16:58"
"yt_fWSeRxYDpKA","【LIVE】LIVE from Mt""Fuji summit JAPAN, #富士山頂ライブカメラ #赤富士 #紅富士 #山中湖ライブカメラ   #带来好运的红富士 　#富士山ライブカメラ","https://www.youtube.com/watch?v=fWSeRxYDpKA","True","","False","","","","VICENTE AGEMATSU","https://www.youtube.com/channel/UCz9uOOV45iv-gi8t5fpdkDQ","","35.494751","138.869095","2025-01-28 02:16:19"
"yt_l4N6DkuqctM","【LIVE】ふたご座流星群まもなく！ LIVE from Mt""Fuji summit JAPAN meteor shower 流星群 富士山頂  山中湖ライブカメラ 富士山ライブカメラ","https://www.youtube.com/watch?v=l4N6DkuqctM","True","video","False","山岳","富士山頂","","VICENTE AGEMATSU","https://www.youtube.com/channel/UCz9uOOV45iv-gi8t5fpdkDQ","栃木県日光市上鉢石町","","","2025-01-28 02:16:09"
"yt_N-i2J4PCj2E","【LIVE】 Mt. Fuji live camera, World heritage of JAPAN#紅富士  #赤富士  #北斎画  #红富士带来好运#富士山ライブカメラ#山中湖ライブカメラ","https://www.youtube.com/watch?v=N-i2J4PCj2E","True","video","False","","","","VICENTE AGEMATSU","https://www.youtube.com/channel/UCz9uOOV45iv-gi8t5fpdkDQ","","35.43007","138.902738","2025-01-28 02:16:54"
"yt_N6cN8jbrPh0","VIVAアルパカ牧場ライブカメラ","https://www.youtube.com/watch?v=N6cN8jbrPh0","True","","True","","","","VIVAアルパカ牧場","https://www.youtube.com/channel/UCYlEQnd0D7nOOZTZG_F0DEw","","44.103762","142.396673","2025-01-28 00:42:16"
"yt_n49L-PpC0Wg","4k 東京ライブカメラ  Tokyo live camera  ドコモタワー・国立競技場・新宿御苑紅葉・画面右新宿駅付近・中央左渋谷。都心通過の羽田空港への着陸機 南風15時以降 ＠国立競技場＃紅葉","https://www.youtube.com/watch?v=n49L-PpC0Wg","True","video","True","観光","新宿区","","Venus117","https://www.youtube.com/channel/UCvnoz9Xda2mwTb6KhfYBUnQ","東京都中央区銀座８丁目２１−１","","","2025-01-28 02:16:17"
"yt_8HL4OnCSX9s","【4K Livecamera】ゆふいん、由布岳と夜景/Yufuin Onsen-Japan","https://www.youtube.com/watch?v=8HL4OnCSX9s","True","video","True","","","","Very Berry Waffle / 苺わっふる","https://www.youtube.com/channel/UCPp5uV5TACxVBprPDOmOoSA","","33.248256","131.32539","2025-01-28 00:40:01"
"yt_8e761gp0jgY","【LIVE】恵比寿駅前のライブカメラ　Ebisu Live Camera","https://www.youtube.com/watch?v=8e761gp0jgY","False","video","False","道路","恵比寿駅前","","WAGAN．TV","https://www.youtube.com/channel/UCblxymfdtaQOxPQrdlP4GPQ","東京都渋谷区恵比寿南一丁目1-11","35.644942","139.709897","2025-01-28 02:16:21"
"yt_ObdWjz_yw3g","【LIVE】恵比寿駅前のライブカメラ　Ebisu Live Camera","https://www.youtube.com/watch?v=ObdWjz_yw3g","True","","True","","","","WAGAN．TV","https://www.youtube.com/channel/UCblxymfdtaQOxPQrdlP4GPQ","","35.646464","139.708349","2025-01-28 02:16:32"
"yt_PHQe_2MlH4E","姫路城ライブカメラ（Himeji Castle Live Camera） - YouTube","https://www.youtube.com/watch?v=PHQe_2MlH4E","False","video","False","観光","姫路城","","WINK姫路ケーブルテレビ - YouTube","https://www.youtube.com/@wink1019/streams","兵庫県姫路市本町68","34.815496","134.685458","2024-04-09 13:14:16"
"yt_EccEyG61BtI","茨城大竹 ライブカメラ 波情報 C250118","https://www.youtube.com/watch?v=EccEyG61BtI","True","","True","","","","Wave Garage","https://www.youtube.com/channel/UC77Eqb-7TzAj5HweU_pBSlw","","36.160056","140.578453","2025-01-28 00:42:11"
"yt_J56hFFHTfls","【24時間配信中】現在の山形市","https://www.youtube.com/watch?v=J56hFFHTfls","True","","True","","","","YBC山形放送公式チャンネル","https://www.youtube.com/channel/UCq4EHq2s9H8hBPXZVOi9alw","","38.256434","140.339123","2025-01-28 00:42:25"
"yt_o3HewgWWtw0","【生配信】現在の山形空港","https://www.youtube.com/watch?v=o3HewgWWtw0","False","video","False","空港","山形空港","","YBC山形放送公式チャンネル","https://www.youtube.com/channel/UCq4EHq2s9H8hBPXZVOi9alw","山形県東根市羽入 柏原新林3008","38.431292","140.391021","2025-01-28 01:05:35"
"yt_OozjynN_Dd4","現在の酒田市","https://www.youtube.com/watch?v=OozjynN_Dd4","True","video","True","海岸","酒田市","","YBC山形放送公式チャンネル","https://www.youtube.com/channel/UCq4EHq2s9H8hBPXZVOi9alw","山形県酒田市","38.914386","139.836513","2024-04-18 12:04:20"
"yt_noJXuadWQBM","Mt.FUJI Live Camera／富士山ライブカメラ","https://www.youtube.com/watch?v=noJXuadWQBM","True","video","True","","","","YBS山梨放送 公式チャンネル","https://www.youtube.com/channel/UCL3peEBSiAkEMDuxNkffbvw","","35.487497","138.807854","2025-01-28 00:40:29"
"yt_WeGlDad704k","Yokohama Live Camera | 横浜の天気","https://www.youtube.com/watch?v=WeGlDad704k","True","","True","","","","Yokohama Live","https://www.youtube.com/channel/UCkoEOusDS_MVHIqMgWDPsnA","","35.450211","139.616099","2025-01-28 00:42:54"
"yt_Z5tqB0y3pB8","Yokohama Live 4K | 横浜ランドマークタワーを眺める | お天気カメラ","https://www.youtube.com/watch?v=Z5tqB0y3pB8","True","video","True","","","","Yokohama Live","https://www.youtube.com/channel/UCkoEOusDS_MVHIqMgWDPsnA","","","","2025-01-28 01:22:13"
"yt_5LhEJpX6EOc","相模鉄道（天王町駅～星川駅間）LIVE映像（画面左が横浜、右が海老名・湘南台方面）#相鉄 #天王町 #星川 #横浜 #相模鉄道 #sotetsu #yokohama #live #japan","https://www.youtube.com/watch?v=5LhEJpX6EOc","True","video","True","","","","Yokohama Live Camera","https://www.youtube.com/channel/UC0F803Kns6UiSdtYd5G1CWw","","35.455604","139.599013","2025-01-28 00:40:02"
"yt_2RUChKtPxaY","JR浜松駅南口（新幹線口）24時間ライブカメラ","https://www.youtube.com/watch?v=2RUChKtPxaY","True","video","True","","","","ZAZAマガジンチャンネル","https://www.youtube.com/channel/UCJKH8wYxFYeufDnvy1MPofA","","34.702698","137.734314","2025-01-28 00:40:09"
"yt_0lvLYEbuK8A","気田川（けたがわ）24hライブカメラ｜気田川漁業協同組合より配信（音声付）春野町・鮎の故郷・すみれの花咲く頃　　（防災カメラとしてもお役立て下さい）","https://www.youtube.com/watch?v=0lvLYEbuK8A","True","video","True","","","","ZAZAマガジンチャンネル","https://www.youtube.com/channel/UCJKH8wYxFYeufDnvy1MPofA","","34.960823","137.894324","2025-01-28 02:16:54"
"yt_AC1HzP9M5dU","鍛冶町通りライブカメラ［ザザシティ浜松］PTZ（パン/チルト/ズーム）","https://www.youtube.com/watch?v=AC1HzP9M5dU","True","","True","","","","ZAZAマガジンチャンネル","https://www.youtube.com/channel/UCJKH8wYxFYeufDnvy1MPofA","","34.705504","137.730351","2025-01-28 00:43:11"
"yt_pFlwpTTEuq0","掛川城天守閣24hライブカメラ","https://www.youtube.com/watch?v=pFlwpTTEuq0","True","","True","","","","ZAZAマガジンチャンネル","https://www.youtube.com/channel/UCJKH8wYxFYeufDnvy1MPofA","","34.774967","138.014444","2025-01-28 00:43:05"
"yt_ZpeR0ra_YMY","ザザシティ浜松　24時間ライブカメラ　（ワイド固定）","https://www.youtube.com/watch?v=ZpeR0ra_YMY","True","video","True","","","","ZAZAマガジンチャンネル","https://www.youtube.com/channel/UCJKH8wYxFYeufDnvy1MPofA","","34.70551","137.730115","2025-01-28 02:16:55"
"yt_ubM5PnMsacc","浜名湖  舞阪漁港  浜名大橋24hライブカメラ「魚あら」より配信","https://www.youtube.com/watch?v=ubM5PnMsacc","True","video","True","","","","ZAZAマガジンチャンネル","https://www.youtube.com/channel/UCJKH8wYxFYeufDnvy1MPofA","","34.682956","137.607296","2025-01-28 02:16:59"
"yt_zRpK4WXRcdc","御前崎灯台24hライブカメラ　岬の宿「八潮」より配信","https://www.youtube.com/watch?v=zRpK4WXRcdc","True","video","True","海岸","御前崎","八潮","ZAZAマガジンチャンネル","https://www.youtube.com/channel/UCJKH8wYxFYeufDnvy1MPofA","静岡県御前崎市港６１０３−１","","","2025-01-28 02:16:09"
"yt_CSJ-pbEj69o","はままつフラワーパーク　ライブカメラ  24h配信中","https://www.youtube.com/watch?v=CSJ-pbEj69o","True","","True","","","","ZAZAマガジンチャンネル","https://www.youtube.com/channel/UCJKH8wYxFYeufDnvy1MPofA","","34.763295","137.632933","2025-01-28 02:16:31"
"yt_E1Ee27IczxY","浜松市防災情報24時間ライブ河川カメラ［馬込川（楊子橋）］","https://www.youtube.com/watch?v=E1Ee27IczxY","True","","True","","","","ZAZAマガジンチャンネル","https://www.youtube.com/channel/UCJKH8wYxFYeufDnvy1MPofA","","34.69549","137.743003","2025-01-28 00:42:08"
"yt_ZCssl60VdY0","浜名湖ガーデンパーク　ライブ24h配信　PTZカメラ","https://www.youtube.com/watch?v=ZCssl60VdY0","True","video","True","","","","ZAZAマガジンチャンネル","https://www.youtube.com/channel/UCJKH8wYxFYeufDnvy1MPofA","","34.714356","137.6026","2025-01-28 02:16:53"
"yt_JWE-JS4O0AA","【LIVE】ZEN RESORT NIKKO  日光中禅寺湖ライブカメラ","https://www.youtube.com/watch?v=JWE-JS4O0AA","True","video","True","","","","ZEN RESORT NIKKO","https://www.youtube.com/channel/UC2vDsbLyCHQjXatp4nT0Jfw","","","","2025-01-28 02:16:13"
"yt_9etGgTqEA4I","【ライブカメラ】ささしまライブ/Sasashima Live","https://www.youtube.com/watch?v=9etGgTqEA4I","False","video","False","道路","名古屋高速 5号万場線","愛知大学名古屋キャンパス","[公式]スターキャット","https://www.youtube.com/channel/UCsuKV3IwmGEHJTvi9GAJ1tA","愛知県名古屋市中村区平池町四丁目60-6","35.161858","136.883249","2025-01-28 01:05:37"
"yt_khi056RTSlM","【ライブカメラ】ささしまライブ/Sasashima Live","https://www.youtube.com/watch?v=khi056RTSlM","True","","True","","","","[公式]スターキャット","https://www.youtube.com/channel/UCsuKV3IwmGEHJTvi9GAJ1tA","","35.161355","136.884665","2025-01-28 00:42:47"
"yt_UDIS1IgYkDo","【ライブカメラ】名古屋駅西口(太閤通口)/Nagoya station　West Gate","https://www.youtube.com/watch?v=UDIS1IgYkDo","False","video","False","鉄道","名古屋駅西口","井門名古屋ビル","[公式]スターキャット","https://www.youtube.com/channel/UCsuKV3IwmGEHJTvi9GAJ1tA","愛知県名古屋市中村区椿町1-16","35.1718559","136.879505","2025-01-28 02:16:21"
"yt_1Cpl6fHD8Fc","【ライブカメラ】名古屋市中川区役所駐⾞場","https://www.youtube.com/watch?v=1Cpl6fHD8Fc","True","","False","","","","[公式]スターキャット","https://www.youtube.com/channel/UCsuKV3IwmGEHJTvi9GAJ1tA","","35.141449","136.854539","2025-01-28 00:42:38"
"yt_cJd9IIu2vio","【ライブカメラ】名古屋駅西口(太閤通口)/名古屋駅西改札","https://www.youtube.com/watch?v=cJd9IIu2vio","True","","True","","","","[公式]スターキャット","https://www.youtube.com/channel/UCsuKV3IwmGEHJTvi9GAJ1tA","","35.171445","136.880425","2025-01-28 00:42:29"
"yt_LRgGBlcL4KU","【ライブカメラ】県営名古屋空港/Nagoya Airport","https://www.youtube.com/watch?v=LRgGBlcL4KU","True","video","True","","","","[公式]スターキャット","https://www.youtube.com/channel/UCsuKV3IwmGEHJTvi9GAJ1tA","","35.253773","136.920225","2025-01-28 00:41:05"
"yt_5Gi_L90rt2k","【ライブカメラ】名古屋駅/Nagoya Station","https://www.youtube.com/watch?v=5Gi_L90rt2k","True","video","False","","","","[公式]スターキャット","https://www.youtube.com/channel/UCsuKV3IwmGEHJTvi9GAJ1tA","","35.165546","136.882072","2025-01-28 00:40:13"
"yt_8QljbTT1t88","【LIVE CAMERA】#向日市 #向日町 #まちてらすMUKO #竹の里乙訓 #京都西山 #ライブカメラ #livecamera  #mukomachi #muko","https://www.youtube.com/watch?v=8QljbTT1t88","True","video","True","","","","agataJapan","https://www.youtube.com/channel/UCAqJUdintpCdd-Kqk-UxFTw","","34.956888","135.709545","2025-01-28 02:16:46"
"yt_FP6virW2Ff0","【LIVE CAMERA】#西尾市 #トンボロ干潟 #東幡豆海岸 #ライブカメラ #livecamera #nishio #higashihazu #aichi","https://www.youtube.com/watch?v=FP6virW2Ff0","True","video","True","観光","トンボロ干潟","","agataJapan","https://www.youtube.com/channel/UCAqJUdintpCdd-Kqk-UxFTw","熊本県熊本市中央区白山２丁目１−１","","","2025-01-28 01:22:08"
"yt_obzfkwtGDoQ","【LIVE CAMERA】#長岡京市 #長岡天満宮八条ケ池 #ライブカメラ #livecamera  #nagaokakyo #nagaokatenmanguhachijogaikepond","https://www.youtube.com/watch?v=obzfkwtGDoQ","True","video","True","観光","","長岡天満宮八条ケ池","agataJapan","https://www.youtube.com/channel/UCAqJUdintpCdd-Kqk-UxFTw","京都府宇治市五ケ庄三番割34","","","2025-01-28 02:16:16"
"yt_Eyt5W76Qvh0","【LIVE CAMERA】#南丹市 #美山かやぶきの里  #ライブカメラ #livecamera  #nantan #miyama #thatchedvillage #美山","https://www.youtube.com/watch?v=Eyt5W76Qvh0","True","","True","","","","agataJapan","https://www.youtube.com/channel/UCAqJUdintpCdd-Kqk-UxFTw","","35.313574","135.621691","2025-01-28 02:16:34"
"yt_oqjo3yvUBSg","【LIVE CAMERA】京都 駅ビル大階段 イルミネーション #ライブカメラ #京都 #イルミネーション Kyoto Station Grand Staircase #kyoto #japan","https://www.youtube.com/watch?v=oqjo3yvUBSg","True","","True","","","","agataJapan","https://www.youtube.com/channel/UCAqJUdintpCdd-Kqk-UxFTw","","34.985809","135.757541","2025-01-28 00:43:13"
"yt_CVWSK_rOCj8","【LIVE CAMERA】#宇治市 #萬福寺 #ライブカメラ #ランタンフェスティバル #lanternfestival #livecamera #uji #manpukuji #kyoto","https://www.youtube.com/watch?v=CVWSK_rOCj8","True","video","True","観光","萬福寺","","agataJapan","https://www.youtube.com/channel/UCAqJUdintpCdd-Kqk-UxFTw","愛知県西尾市東幡豆町新田","","","2025-01-28 01:22:08"
"yt_1gEVm66RjeY","【LIVE CAMERA】京都 駅ビル大階段 イルミネーション #ライブカメラ #京都 #イルミネーション Kyoto Station Grand Staircase #kyoto #japan","https://www.youtube.com/watch?v=1gEVm66RjeY","False","video","False","観光","","京都駅","agataJapan","https://www.youtube.com/channel/UCAqJUdintpCdd-Kqk-UxFTw","京都府長岡京市天神４丁目１−１","","","2025-01-28 01:22:08"
"yt_472XxqktOOQ","【LIVE CAMERA】#スプリングスひよし #ライブカメラ #南丹市 #livecamera #springshiyoshi #nantan #kyoto #日吉ダム #キャンプ #camp","https://www.youtube.com/watch?v=472XxqktOOQ","True","","True","","","","agataJapan","https://www.youtube.com/channel/UCAqJUdintpCdd-Kqk-UxFTw","","35.152769","135.515816","2025-01-28 00:43:28"
"yt_MSk2SzzPyvI","【LIVE CAMERA】#福知山市 #福知山城  #ライブカメラ #livecamera  #fukuchiyama #fukuchiyamacatsle #明智光秀 #京都 #kyoto","https://www.youtube.com/watch?v=MSk2SzzPyvI","True","video","True","","","","agataJapan","https://www.youtube.com/channel/UCAqJUdintpCdd-Kqk-UxFTw","","35.296256","135.129788","2025-01-28 02:17:00"
"yt_5GYicFHRW7I","【LIVE CAMERA】#渋谷 #富士山 #セルリアンタワー #ライブカメラ #livecamera  #Shibuya #Fujisan #MtFuji","https://www.youtube.com/watch?v=5GYicFHRW7I","True","video","True","","","","agataJapan","https://www.youtube.com/channel/UCAqJUdintpCdd-Kqk-UxFTw","","35.656689","139.699401","2025-01-28 02:16:59"
"yt_Kdvg84_mL8Q","【LIVE CAMERA】#南丹 #紅葉峠展望台 #ライブカメラ #livecamera #nantan #momijitougetenboudai - YouTube","https://www.youtube.com/watch?v=Kdvg84_mL8Q","False","video","False","観光","","京都府南丹市　紅葉峠展望台","agataJapan - YouTube","https://www.youtube.com/@agataJapan","京都府南丹市八木町氷所","35.021279","135.755635","2025-01-28 01:05:37"
"yt_nczUqLlEXbE","宮城県仙台市若林区の天気(Live camera)","https://www.youtube.com/watch?v=nczUqLlEXbE","True","video","True","","","","aube mori","https://www.youtube.com/channel/UCOyPArQHLjr8z9QNwE6RXGA","","38.243695","140.900716","2025-01-28 00:39:56"
"yt_5jflzuCuNmY","Shonan Beach FM 78.9 - Sagami Bay, Enoshima & Mt. Fuji","https://www.youtube.com/watch?v=5jflzuCuNmY","True","video","False","","","","beachfm789 live","https://www.youtube.com/channel/UCFZUwIuza5InZvhykOud-MA","","35.282465","139.568942","2025-01-28 00:40:34"
"yt_AoRAAex6nBk","🔴【LIVE】京都ライブカメラ 東本願寺前の市民緑地「お東さん広場」から生中継 KYOTO JAPAN  京都ライブカメラ Livecam","https://www.youtube.com/watch?v=AoRAAex6nBk","True","video","True","","","","butsuguya(京都の祭、観光地をモバイルライブ配信)","https://www.youtube.com/channel/UCbK8WglSwkj6R0nqcmZH_NQ","","34.990685","135.760361","2025-01-28 02:16:54"
"yt_IQKJPxjnjUw","🔴【生中継】京都タワー Kyoto Japan Live Camera 🌙京都ライブカメラ 🏢🗼🕯🎑　森信三郎商舗より生中継 🌕 即時影像 LiveCam　天気 京都観光 天体","https://www.youtube.com/watch?v=IQKJPxjnjUw","True","video","True","観光","京都タワー","","butsuguya(京都の祭、観光地をモバイルライブ配信)","https://www.youtube.com/channel/UCbK8WglSwkj6R0nqcmZH_NQ","京都府京都市下京区東塩小路町721-1","35.021279","135.755635","2025-01-28 02:17:04"
"yt_aT3saBHTTyE","🔴🎥【LIVE】京都ライブカメラ 東本願寺 (KYOTO JAPAN LIVE CAMERA) 森信三郎商舗から生中継 即時影像 livecam #nhk紅白歌合戦 #Ado #聖地 - YouTube","https://www.youtube.com/watch?v=aT3saBHTTyE","False","video","False","観光","東本願寺","","butsuguya(京都の祭、観光地をモバイルライブ配信) - YouTube","https://www.youtube.com/@butsuguya","京都府京都市下京区烏丸通七条上る","35.021279","135.755635","2025-01-28 01:05:32"
"yt_HXp5x6llMo4","軽井沢 小さな鳥とリスのLIVE","https://www.youtube.com/watch?v=HXp5x6llMo4","True","","True","","","","chi s","https://www.youtube.com/channel/UCknCiFBy4pQTphwgyj2aa7A","","36.366015","138.597551","2025-01-28 00:42:17"
"yt_pdbWm1mny9o","お天気カメラ　chico sandesu のライブ配信","https://www.youtube.com/watch?v=pdbWm1mny9o","True","video","True","","","","chico sandesu","https://www.youtube.com/channel/UCG8UvSvwBInYjrfe9HomN3g","","35.697355","139.443862","2025-01-28 02:16:41"
"yt_q-0AjG2Fp0M","【Live】土谷棚田ライブカメラ　Doya Rice Terraces Live Camera","https://www.youtube.com/watch?v=q-0AjG2Fp0M","True","video","True","","","","chunchunTV","https://www.youtube.com/channel/UCiK4obZhOWVjA4xNPfUoPwA","","33.383257","129.814987","2025-01-28 02:16:53"
"yt_mFpvJ-EzbK0","2025/01/27 15:02 阪急電車 神戸線 西宮車庫 西宮北口 ライブカメラ 5 名神高速","https://www.youtube.com/watch?v=mFpvJ-EzbK0","True","video","True","","","","dw","https://www.youtube.com/channel/UC_jLdHQKYiUU4IE3cUP8K5g","","34.747183","135.359612","2025-01-28 00:41:07"
"yt_47whPTtQiUo","2025/01/27 15:00 西宮北口 ライブカメラ1 東向き お天気 風景 夜景 阪急電車 神戸線 西宮車庫 名神高速","https://www.youtube.com/watch?v=47whPTtQiUo","True","","True","","","","dw","https://www.youtube.com/channel/UC_jLdHQKYiUU4IE3cUP8K5g","","34.745799","135.355503","2025-01-28 00:42:27"
"yt_VRghhPGjTuA","【館山 ライブカメラ】海辺の遊び屋KNOTS - YouTube","https://www.youtube.com/watch?v=VRghhPGjTuA","False","video","False","海岸","海辺の遊び屋KNOTS","","e-CAMチャンネル - YouTube","https://www.youtube.com/@e-CAM","千葉県館山市八幡821-1","34.996608","139.870085","2025-01-28 01:05:42"
"yt_nlE1Lp9Pnjo","●LIVE しまなみ海道ライブカメラ／来島海峡大橋","https://www.youtube.com/watch?v=nlE1Lp9Pnjo","True","video","True","","","","eat愛媛朝日テレビ","https://www.youtube.com/channel/UCOItj2DCO5Pj-eJKnLrbz6g","","34.120113","133.033395","2025-01-28 00:41:36"
"yt_1zpj9r71X0o","成田山新勝寺の様子をライブ配信（総門）","https://www.youtube.com/watch?v=1zpj9r71X0o","False","video","False","観光","","成田山新勝寺","feelnarita839","https://www.youtube.com/channel/UCn4VjzRbzeRqSCdAQsUl_wQ","東京都台東区雷門２丁目２０","","","2025-01-28 01:22:07"
"yt_pSPkfUI7uIc","成田山新勝寺の様子をライブ配信（総門）","https://www.youtube.com/watch?v=pSPkfUI7uIc","False","","False","","","","feelnarita839","https://www.youtube.com/channel/UCn4VjzRbzeRqSCdAQsUl_wQ","","35.784596","140.31809","2025-01-28 00:42:07"
"yt_CIF4HjYCdFw","[LIVE][北海道北見市常呂町]常呂町から東の空ライブ中継(常呂市街地区・100年記念塔・網走市方向) (HOKKAIDO KITAMI TOKORO LIVECAMERA)","https://www.youtube.com/watch?v=CIF4HjYCdFw","False","video","False","その他","","北見市常呂町の高台","fkaz55","https://www.youtube.com/channel/UCxuCMqKKTWjzNbZiw661kAQ","北海道北見市常呂町","43.803066","143.894806","2024-04-13 19:48:20"
"yt_jdK8HRh4Ty4","[LIVE]グローバル体験施設若原ライブカメラ(旧 虫夢ところ昆虫の家)　施設全景カメラ　北海道北見市常呂町吉野","https://www.youtube.com/watch?v=jdK8HRh4Ty4","False","video","False","観光","グローバル体験施設 若原","","fkaz55","https://www.youtube.com/channel/UCxuCMqKKTWjzNbZiw661kAQ","北海道北見市常呂町137","43.803066","143.894806","2025-01-28 02:16:22"
"yt_4Nc5-y8A8tY","[LIVE][北海道北見市常呂町]常呂町から南の空ライブ中継(イワケシュ山・大雪山・北見自治区方向) (HOKKAIDO KITAMI TOKORO LIVECAMERA)","https://www.youtube.com/watch?v=4Nc5-y8A8tY","True","video","True","","","","fkaz55","https://www.youtube.com/channel/UCxuCMqKKTWjzNbZiw661kAQ","","44.013494","144.006252","2025-01-28 00:40:18"
"yt_tZMic307Bxo","[LIVE]忠津鉄工所ライブ中継(オホーツク海、常呂の町並み、流氷、ところストーンアイス(ジュエリーアイス)、夕日、常南ビーチ) (HOKKAIDO KITAMI TOKORO LIVECAMERA)","https://www.youtube.com/watch?v=tZMic307Bxo","True","video","False","海岸","ユーラス常呂能取ウインドファーム","忠津鉄工所","fkaz55","https://www.youtube.com/channel/UCxuCMqKKTWjzNbZiw661kAQ","北海道北見市常呂町弁天18-43","43.803066","143.894806","2025-01-28 02:19:56"
"yt_7dA7n25r7og","[LIVE][北海道北見市常呂町]常呂町から東の空ライブ中継 朝焼け・日の出カメラ (常呂市街地区・100年記念塔・網走市方向) (HOKKAIDO KITAMI TOKORO LIVECAMERA)","https://www.youtube.com/watch?v=7dA7n25r7og","True","video","True","","","","fkaz55","https://www.youtube.com/channel/UCxuCMqKKTWjzNbZiw661kAQ","","44.071493","143.994321","2025-01-28 00:40:22"
"yt_ZeTZTKZk9Dg","[LIVE]グローバル体験施設若原ライブカメラ(旧 虫夢ところ昆虫の家)　施設全景カメラ　北海道北見市常呂町吉野","https://www.youtube.com/watch?v=ZeTZTKZk9Dg","True","video","True","","","","fkaz55","https://www.youtube.com/channel/UCxuCMqKKTWjzNbZiw661kAQ","","43.972979","143.880663","2025-01-28 02:16:42"
"yt_CgT8S2ZJCBM","[LIVE][北海道北見市常呂町]常呂町から南の空ライブ中継(イワケシュ山・大雪山・北見自治区方向) (HOKKAIDO KITAMI TOKORO LIVECAMERA)","https://www.youtube.com/watch?v=CgT8S2ZJCBM","False","video","False","その他","","北見市常呂町の高台","fkaz55","https://www.youtube.com/channel/UCxuCMqKKTWjzNbZiw661kAQ","北海道北見市常呂町","43.803066","143.894806","2025-01-28 01:05:34"
"yt_dNUzvHCg1CM","[LIVE]北海道北見市常呂町より北の空(低緯度オーロラ・風雪対策用／仮設)","https://www.youtube.com/watch?v=dNUzvHCg1CM","True","video","True","","","","fkaz55","https://www.youtube.com/channel/UCxuCMqKKTWjzNbZiw661kAQ","","44.087843","144.015708","2025-01-28 00:41:30"
"yt_VMYrGpZqZus","[LIVE]ユーラス常呂能取ウインドファーム(風力発電所)　ライブカメラ１ (HOKKAIDO KITAMI TOKORO Wind-power generation LIVECAMERA 1)","https://www.youtube.com/watch?v=VMYrGpZqZus","True","video","True","","","","fkaz55","https://www.youtube.com/channel/UCxuCMqKKTWjzNbZiw661kAQ","","44.119774","144.090428","2025-01-28 02:16:55"
"yt_kYK9J6KNz0M","富士山ライブカメラ/河口湖駅前   Live camera of Mt,Fuji","https://www.youtube.com/watch?v=kYK9J6KNz0M","True","","True","","","","fuji-net","https://www.youtube.com/channel/UCiIA2H7KnbK7Wsyhpw1_glw","","35.498843","138.768544","2025-01-28 02:16:30"
"yt_Ms2PIvqvxI8","Live Camera Axis M1125","https://www.youtube.com/watch?v=Ms2PIvqvxI8","True","","True","","","","hakodateyama MEG","https://www.youtube.com/channel/UCN46KMWWoEd-Uz-0ZqoTLdw","","35.427811","135.995869","2025-01-28 00:42:25"
"yt_c2cLVDTHNFA","太郎坊 ライブカメラ","https://www.youtube.com/watch?v=c2cLVDTHNFA","True","","True","","","","hochi shiga","https://www.youtube.com/channel/UCSFBxdJadO44xGGbhqHu3Zw","","35.116378","136.18128","2025-01-28 00:42:06"
"yt_frMqQXjc5xs","2025年 フクロウ巣箱ライブ【2023年繁殖 2雛巣立ち】　Ural Owl Nest Box Cam  Iizuna Nagano Japan","https://www.youtube.com/watch?v=frMqQXjc5xs","True","","True","","","","hukurou shimasen","https://www.youtube.com/channel/UCoWIUUglegPu8ZksyTnjSgA","","36.763196","138.254808","2025-01-28 02:16:30"
"yt_f50R4vDlCmA","【iTSCOMライブ配信】渋谷 ライブカメラ LIVE Camera/ Tokyo Shibuya","https://www.youtube.com/watch?v=f50R4vDlCmA","True","video","False","","","","iTSCOM","https://www.youtube.com/channel/UCPPFGmTUyM4iDIgp2_zJi5g","","35.656649","139.699807","2025-01-28 00:40:03"
"yt_fndY3LREfdE","【iTSCOMライブ配信】二子玉川 ライブカメラ LIVE Camera/ Tokyo Futako Tamagawa","https://www.youtube.com/watch?v=fndY3LREfdE","True","video","False","","","","iTSCOM","https://www.youtube.com/channel/UCPPFGmTUyM4iDIgp2_zJi5g","","","","2025-01-28 01:22:13"
"yt_AADZvNj8db4","【iTSCOMライブ配信】用賀 ライブカメラ LIVE Camera/ Tokyo Metropolitan Expressway Yoga Tollgate","https://www.youtube.com/watch?v=AADZvNj8db4","True","video","False","","","","iTSCOM","https://www.youtube.com/channel/UCPPFGmTUyM4iDIgp2_zJi5g","","35.626585","139.632716","2025-01-28 00:41:23"
"yt_ZW5vLJrxaPU","宮崎市木崎浜ライブカメラ【宮崎県 波情報ライブカメラ ii-nami.com】","https://www.youtube.com/watch?v=ZW5vLJrxaPU","True","video","False","","","","ii-nami com","https://www.youtube.com/channel/UCAu_SrUI1IBv8wFgYSi6kVg","","31.827745","131.452715","2025-01-28 02:19:57"
"yt_IkkdW2A40V8","川南町伊倉ヶ浜ライブカメラ【宮崎県 波情報ライブカメラ ii-nami.com】","https://www.youtube.com/watch?v=IkkdW2A40V8","True","video","False","","","","ii-nami com","https://www.youtube.com/channel/UCAu_SrUI1IBv8wFgYSi6kVg","","32.194972","131.5544","2025-01-28 00:41:46"
"yt_baGecyHT2tE","日南市梅ヶ浜ライブカメラ【宮崎県 波情報ライブカメラ ii-nami.com】","https://www.youtube.com/watch?v=baGecyHT2tE","True","video","False","","","","ii-nami com","https://www.youtube.com/channel/UCAu_SrUI1IBv8wFgYSi6kVg","","31.58412","131.410008","2025-01-28 00:41:21"
"yt_nmd1-UnHdvU","江口浜ライブカメラ【鹿児島県 波情報ライブカメラ ii-nami.com】","https://www.youtube.com/watch?v=nmd1-UnHdvU","True","video","False","","","","ii-nami com","https://www.youtube.com/channel/UCAu_SrUI1IBv8wFgYSi6kVg","","31.647486","130.321636","2025-01-28 00:40:10"
"yt_pgEt-WWLfLM","串間市恋ヶ浦ライブカメラ【宮崎県 波情報ライブカメラ ii-nami.com】","https://www.youtube.com/watch?v=pgEt-WWLfLM","True","video","False","","","","ii-nami com","https://www.youtube.com/channel/UCAu_SrUI1IBv8wFgYSi6kVg","","31.412323","131.343502","2025-01-28 00:41:50"
"yt_RfA3iAT7Opc","福岡県芥屋ライブカメラ【宮崎県 波情報ライブカメラ ii-nami.com】","https://www.youtube.com/watch?v=RfA3iAT7Opc","True","video","False","","","","ii-nami com","https://www.youtube.com/channel/UCAu_SrUI1IBv8wFgYSi6kVg","","33.585717","130.108402","2025-01-28 00:41:51"
"yt_Ho1ZvKgTrLE","福岡県釣川ライブカメラ【宮崎県 波情報ライブカメラ ii-nami.com】","https://www.youtube.com/watch?v=Ho1ZvKgTrLE","True","video","False","","","","ii-nami com","https://www.youtube.com/channel/UCAu_SrUI1IBv8wFgYSi6kVg","","33.852798","130.501337","2025-01-28 00:40:43"
"yt_tKyXHlBs7ZM","宮崎市一ツ葉ライブカメラ【宮崎県 波情報ライブカメラ ii-nami.com】","https://www.youtube.com/watch?v=tKyXHlBs7ZM","True","video","False","","","","ii-nami com","https://www.youtube.com/channel/UCAu_SrUI1IBv8wFgYSi6kVg","","31.981258","131.483374","2025-01-28 00:41:08"
"yt_AinAZQgQp_s","【LIVE】仙台駅前の様子／【LIVE】突撃！ナマイキＴＶ「デパスパ一番のり！」同時配信（毎週月～金午前10時頃）","https://www.youtube.com/watch?v=AinAZQgQp_s","True","video","False","","","","khb東日本放送","https://www.youtube.com/channel/UCkW_baVbq6aGPWeYY4hOPCA","","38.260324","140.881821","2025-01-28 00:40:32"
"yt_hVGdqZAd1xA","【Live Stream】久里浜遠望カメラ　神奈川県横須賀市 The sky of Yokosuka, Japan","https://www.youtube.com/watch?v=hVGdqZAd1xA","True","video","True","","","","kimopy (kimopy)","https://www.youtube.com/channel/UCTTbcfIcioz1eGwlLIYmDIg","","","","2025-01-28 02:16:11"
"yt_FCwlyfXcLNE","瀬戸内海ライブカメラ (岡山市南区)","https://www.youtube.com/watch?v=FCwlyfXcLNE","True","","True","","","","kogushi","https://www.youtube.com/channel/UCVMMnH7mTPksymujI9jwyjQ","","34.57853","134.043367","2025-01-28 00:43:12"
"yt_Txb-lq5bvNA","HIROHAI佐伯総合スポーツ公園①","https://www.youtube.com/watch?v=Txb-lq5bvNA","True","video","True","","","","m.y","https://www.youtube.com/channel/UCHsm0dVYVf0Fp3snFE11DjA","","34.368794","132.19497","2025-01-28 00:40:46"
"yt_LoB05-nvmFU","HIROHAI佐伯総合スポーツ公園③","https://www.youtube.com/watch?v=LoB05-nvmFU","True","","True","","","","m.y","https://www.youtube.com/channel/UCHsm0dVYVf0Fp3snFE11DjA","","34.370144","132.195599","2025-01-28 00:41:58"
"yt_-JyiKauoFF0","白浜カメラ 伊豆白浜海岸 shirahama surfcam","https://www.youtube.com/watch?v=-JyiKauoFF0","True","","True","","","","mariner1173","https://www.youtube.com/channel/UCnJUV9-pfhyWQdQbvTJ84QA","","34.689455","138.972856","2025-01-28 00:42:23"
"yt_JaeYPGL_fGQ","【MITライブ配信】","https://www.youtube.com/watch?v=JaeYPGL_fGQ","True","video","False","","","","menkoichannel","https://www.youtube.com/channel/UCw14eNQAUDqCg-fX3Uvd07w","","39.076123","141.715418","2025-01-28 00:40:41"
"yt_LGK8FmpQGRU","【MITライブ配信】 - YouTube","https://www.youtube.com/watch?v=LGK8FmpQGRU","False","video","False","その他","","","menkoichannel - YouTube","https://www.youtube.com/@menkoichannel","岩手県大船渡市大船渡町字茶屋前55-7","39.0635178","141.718954","2025-01-28 01:05:35"
"yt_YBnFHpbqNbA","【大牟田の今を映す】増田うなぎ前 ライブカメラ  福岡県 大牟田市 三池 新町 最新ライブ配信  リアルタイム ライブ映像 定点カメラ 登校確認 事故 台風情報 大雨  地震 雷","https://www.youtube.com/watch?v=YBnFHpbqNbA","True","video","True","","","","mm765(なむこ)の行けるとこまで","https://www.youtube.com/channel/UCL8aQfzHSWNNPCAO-IDR_8A","","33.046411","130.480572","2025-01-28 02:16:40"
"yt_4z4MdNkUk7Q","獅子矢原漁港","https://www.youtube.com/watch?v=4z4MdNkUk7Q","True","video","True","","","","muturyou","https://www.youtube.com/channel/UCkERHEaKiEZjOAxN1Dr9Cgg","","35.567816","135.221641","2025-01-28 00:41:50"
"yt_ZYVfZpXO2_8","ニセコビレッジ　(ザ・グリーンリーフ隣接コース)Niseko Village (Adjacent to The Green Leaf Course)","https://www.youtube.com/watch?v=ZYVfZpXO2_8","False","video","False","山岳","ニセコビレッジ　(ザ・グリーンリーフ隣接コース)","","niseko village公式チャンネル","https://www.youtube.com/channel/UCq8U31WJmnaVGevIZG7cSLQ","北海道 虻田郡虻田郡ニセコ町東山 温泉","43.0639406","141.347907","2025-01-28 02:16:21"
"yt_w_173GPVnwA","ニセコビレッジ（ニセコゴンドラ山麓駅舎）Niseko Village (Niseko Gondola Base Station Building)","https://www.youtube.com/watch?v=w_173GPVnwA","True","video","False","","","","niseko village公式チャンネル","https://www.youtube.com/channel/UCq8U31WJmnaVGevIZG7cSLQ","","42.846861","140.684607","2025-01-28 00:41:40"
"yt_kRWC48y34nI","富士山＆河口湖ライブカメラ / Mt.Fuji & Lake Kawaguchiko livestream from Mizno hotel","https://www.youtube.com/watch?v=kRWC48y34nI","True","video","True","","","","official MIZNO HOTEL","https://www.youtube.com/channel/UCdI9Vn0aIzNOdlIZkAy-VnA","","35.513789","138.773437","2025-01-28 00:40:40"
"yt_R-tsEsYNbtw","おいなりさん総門前","https://www.youtube.com/watch?v=R-tsEsYNbtw","True","video","False","","","","paul gotto","https://www.youtube.com/channel/UCBlP5ZE9SqkdAFFTrSdYGBw","","34.824566","137.394599","2025-01-28 00:40:06"
"yt_pzFuh7ASWG4","おいなりさん境内","https://www.youtube.com/watch?v=pzFuh7ASWG4","True","video","True","","","","paul gotto","https://www.youtube.com/channel/UCBlP5ZE9SqkdAFFTrSdYGBw","","34.826011","137.396494","2025-01-28 00:41:38"
"yt_UVmy3yUcngc","豊川進雄神社","https://www.youtube.com/watch?v=UVmy3yUcngc","True","","True","","","","paul gotto","https://www.youtube.com/channel/UCBlP5ZE9SqkdAFFTrSdYGBw","","34.825901","137.396546","2025-01-28 00:42:33"
"yt_vzUCB9qS4Ks","スノーヴァ新横浜最新ライブカメラR6/3/22～","https://www.youtube.com/watch?v=vzUCB9qS4Ks","True","video","True","","","","shinyoko snova","https://www.youtube.com/channel/UC3zsqZH0S4lIJ5p6HDhjKoQ","","35.524599","139.658831","2025-01-28 00:41:43"
"yt_GKem31OI1rA","LIVECAM HAYAMA JAPAN","https://www.youtube.com/watch?v=GKem31OI1rA","True","video","True","","","","shonandive","https://www.youtube.com/channel/UCsdcb6ObtzFFJqij9AoH4Uw","","","","2025-01-28 01:22:14"
"yt_9kITK3XCqMo","【大阪LIVE】動くカメラ 大阪の今の風景／Osaka Live Stream 24/7livestreaming","https://www.youtube.com/watch?v=9kITK3XCqMo","True","","True","","","","starstyle","https://www.youtube.com/channel/UC7lHIZbQzHILorlX4R0izsw","","34.670691","135.527943","2025-01-28 00:43:01"
"yt_PJ_BAs1mKHs","【LIVE】お天気カメラ　大阪／OSAKA,JAPAN 24/7 livestreaming weather   /Osaka Sky Livecam","https://www.youtube.com/watch?v=PJ_BAs1mKHs","False","video","False","その他","","八尾市","starstyle","https://www.youtube.com/channel/UC7lHIZbQzHILorlX4R0izsw","大阪府八尾市龍華町2丁目1-35","34.686394","135.519994","2025-01-28 02:16:23"
"yt_49-0QLljuTE","【LIVE】お天気カメラ　大阪／OSAKA,JAPAN 24/7 livestreaming weather   /Osaka Sky Livecam","https://www.youtube.com/watch?v=49-0QLljuTE","True","","True","","","","starstyle","https://www.youtube.com/channel/UC7lHIZbQzHILorlX4R0izsw","","34.622436","135.582804","2025-01-28 02:16:39"
"yt__p3JnMqPq8w","【大阪LIVE】動くカメラ 大阪の今の風景／Osaka Live Stream 24/7livestreaming","https://www.youtube.com/watch?v=_p3JnMqPq8w","False","video","False","その他","大阪","","starstyle","https://www.youtube.com/channel/UC7lHIZbQzHILorlX4R0izsw","","","","2025-01-28 01:05:30"
"yt_qz8F44n5DEw","ライブ配信・夜景がきれい！あべのハルカス・大阪の夜景/JAPAN NIGHT VEW /Live streaming and beautiful night view! Osaka,Japan","https://www.youtube.com/watch?v=qz8F44n5DEw","True","video","True","","","","starstyle","https://www.youtube.com/channel/UC7lHIZbQzHILorlX4R0izsw","","34.623317","135.579162","2025-01-28 00:40:56"
"yt_Ac5CDG4fFGY","奈良富雄の空(南南西 ）","https://www.youtube.com/watch?v=Ac5CDG4fFGY","True","","True","","","","tamekich","https://www.youtube.com/channel/UCX1zHWgFbkpRxiVbi2i_r-w","","34.694603","135.734308","2025-01-28 00:42:18"
"yt_7sn1xqGaRAk","照葉峡のライブ配信","https://www.youtube.com/watch?v=7sn1xqGaRAk","True","video","True","","","","tamura seiryuunoyado","https://www.youtube.com/channel/UC6Versyui8izAmIwq05pmeQ","","","","2025-01-28 01:22:11"
"yt_cl9uqX1OXR8","LIVE映像　山形空港｜Live streaming from YAMAGATA AIRPORT","https://www.youtube.com/watch?v=cl9uqX1OXR8","True","","True","","","","tuy6ch","https://www.youtube.com/channel/UCTWatTAOnFVB0vwIetZCTHw","","38.410445","140.366335","2025-01-28 02:16:36"
"yt_9NnERgN__JU","LIVE映像　庄内空港｜Live streaming from SHONAI AIRPORT","https://www.youtube.com/watch?v=9NnERgN__JU","True","video","True","","","","tuy6ch","https://www.youtube.com/channel/UCTWatTAOnFVB0vwIetZCTHw","","38.815814","139.788329","2025-01-28 02:16:40"
"yt_LnyhZo_G6jo","LIVE映像　山形市・酒田市　情報カメラ（緊急情報はこちらでLIVE配信します）","https://www.youtube.com/watch?v=LnyhZo_G6jo","True","video","True","","","","tuy6ch","https://www.youtube.com/channel/UCTWatTAOnFVB0vwIetZCTHw","","","","2025-01-28 02:16:14"
"yt_FEnTtqnlJT8","LIVE映像　肘折温泉｜Live streaming from HIJIORI ONSEN","https://www.youtube.com/watch?v=FEnTtqnlJT8","True","video","True","","","","tuy6ch","https://www.youtube.com/channel/UCTWatTAOnFVB0vwIetZCTHw","","","","2025-01-28 02:16:13"
"yt_1z5ThygUO6I","【4K  LIVE】Beppu Bay Cam　国道10号・別府湾　災害時の波、道路渋滞、地震、台風などの情報にお役立てください。　＃災害＃別府湾＃別大＃夕焼け","https://www.youtube.com/watch?v=1z5ThygUO6I","True","","True","","","","tyann sywei","https://www.youtube.com/channel/UCd41Qao7-RbhcZeDywVfZ9w","","33.248443","131.580425","2025-01-28 02:16:28"
"yt_SZCCXON7x5Y","内妻 のライブ配信","https://www.youtube.com/watch?v=SZCCXON7x5Y","True","video","True","","","","uchizuma uchizuma (ふくちゃん)","https://www.youtube.com/channel/UC3kYL05u3OLTio9GD9syg1w","","33.659383","134.40045","2025-01-28 00:40:15"
"yt_t1pb-8sUHuY","熊本市 大甲橋・日教社模型店ライブカメラ","https://www.youtube.com/watch?v=t1pb-8sUHuY","True","video","True","","","","yagi norihiko","https://www.youtube.com/channel/UCQ015NynqGkmScpGKXbhCFw","","32.801646","130.714794","2025-01-28 00:41:20"
"yt_pzmULgVLlQo","〈石川県宝達志水町〉今浜海岸ライブカメラ","https://www.youtube.com/watch?v=pzmULgVLlQo","True","video","True","海岸","今浜海岸","","〈石川県宝達志水町〉今浜海岸ライブカメラ","https://www.youtube.com/channel/UC2Cr2292GgA_vDlYMy9wYkQ","石川県羽咋郡宝達志水町今浜ソ1","36.862759","136.797557","2024-04-08 19:02:02"
"yt_bdUbACCWmoY","【LIVE】河口湖大石公園からの「富士山ライブカメラ」 ""mount fuji live camera"" from Lake Kawaguchiko Oishi Park  (Japan)","https://www.youtube.com/watch?v=bdUbACCWmoY","True","video","True","山岳","河口湖","","【KTV】ケーブルテレビ河口湖","https://www.youtube.com/channel/UCK9eHUAiJeNA2i_1TcgZcfw","大阪府箕面市箕面公園２−２","","","2025-01-28 02:16:18"
"yt_1cnReFAU04k","【LIVE】河口湖からの「富士山ライブカメラ」""mount fuji live camera"" from Lake Kawaguchiko (Yamanashi Japan)","https://www.youtube.com/watch?v=1cnReFAU04k","True","","True","","","","【KTV】ケーブルテレビ河口湖","https://www.youtube.com/channel/UCK9eHUAiJeNA2i_1TcgZcfw","","35.511693","138.764507","2025-01-28 00:42:19"
"yt_so_3HK9HIdg","【LIVE】精進湖からの「富士山ライブカメラ」日の出スポット　""mount fuji live camera"" from Lake Shojiko (Yamanashi Japan)","https://www.youtube.com/watch?v=so_3HK9HIdg","True","video","True","","","","【KTV】ケーブルテレビ河口湖","https://www.youtube.com/channel/UCK9eHUAiJeNA2i_1TcgZcfw","","","","2025-01-28 02:16:11"
"yt_Dsi9fHhqZh4","【新大阪 ライブカメラ】＠大阪コロナホテル Japan ShinOsaka Live Camera","https://www.youtube.com/watch?v=Dsi9fHhqZh4","True","","True","","","","【LIVE】定点カメラ@大阪コロナホテル","https://www.youtube.com/channel/UCdoxbxQNSOTRDi_XZvF6cJw","","34.735534","135.504392","2025-01-28 00:43:06"
"yt_6dp-bvQ7RWo","【LIVE】2024 Tokyo Shinjuku 新宿 大ガード交差点 Live Ch","https://www.youtube.com/watch?v=6dp-bvQ7RWo","True","video","True","道路","新宿 大ガード交差点","","【LIVE】新宿 大ガード交差点 Tokyo Shinjuku Live Ch","https://www.youtube.com/channel/UCpk2ftN35L3xfoV2S5xLN2A","東京都新宿区西新宿一丁目2-1 ファイブケイビル","35.689568","139.691717","2024-04-29 14:18:52"
"yt_GLQhbRGv5qU","【LIVE】Tokyo Shinjuku JR Live Cam東京 新宿 鉄道 ライブカメラ OmoideYokocho 2024","https://www.youtube.com/watch?v=GLQhbRGv5qU","True","video","True","","","","【LIVE】東京 新宿 鉄道 ライブ Tokyo Shinjuku Live Ch","https://www.youtube.com/channel/UC1kDVgEX2DsE295Bkum_K9Q","","35.698512","139.697662","2025-01-28 00:40:54"
"yt_1aecJhx5JuA","【Mon,01/27/2025 Livecamera at the florist】 スローダンス SLOWDANCE 等々力 尾山台 世田谷 Setagaya 東京 Tokyo 日本 Japan","https://www.youtube.com/watch?v=1aecJhx5JuA","True","video","False","","","","【公式YouTube】SLOWDANCEch","https://www.youtube.com/channel/UCSOPcjkQVRR1u2DAZo54FFA","","35.608438","139.650294","2025-01-28 00:40:43"
"yt_jbBAJ_xnLuU","【LIVE】宮島ライブカメラ/Miyajima live camera","https://www.youtube.com/watch?v=jbBAJ_xnLuU","True","","True","","","","【公式】HOME広島ニュース","https://www.youtube.com/channel/UCRnFGOp_mjaCYEhMzsE2iHA","","34.294358","132.314176","2025-01-28 00:43:24"
"yt_Nk5GuZAl6J4","【LIVE】いまの広島本通交差点／Hiroshima City, Japan. The 2023 G7 Summit was held.","https://www.youtube.com/watch?v=Nk5GuZAl6J4","False","video","False","道路","広島本通交差点","","【公式】HOME広島ニュース","https://www.youtube.com/channel/UCRnFGOp_mjaCYEhMzsE2iHA","広島県広島市中区大手町二丁目1","34.391937","132.455349","2025-01-28 01:05:40"
"yt_NjitOK31AkY","【LIVE】開業まであと2カ月！新広島駅ビルの変化の様子まとめ","https://www.youtube.com/watch?v=NjitOK31AkY","True","","True","","","","【公式】HOME広島ニュース","https://www.youtube.com/channel/UCRnFGOp_mjaCYEhMzsE2iHA","","34.413521","132.462949","2025-01-28 00:42:38"
"yt_UlNoPGKJ_9k","【LIVE】広島空港ライブカメラ/Hiroshima Airport Plane Spotting","https://www.youtube.com/watch?v=UlNoPGKJ_9k","False","video","False","空港","広島空港","","【公式】HOME広島ニュース","https://www.youtube.com/channel/UCRnFGOp_mjaCYEhMzsE2iHA","広島県三原市本郷町善入寺64-31","34.436868","132.909136","2025-01-28 01:05:40"
"yt_KNzbj8quhDY","【LIVE】いまの広島本通交差点／Hiroshima City, Japan. The 2023 G7 Summit was held.","https://www.youtube.com/watch?v=KNzbj8quhDY","True","video","True","","","","【公式】HOME広島ニュース","https://www.youtube.com/channel/UCRnFGOp_mjaCYEhMzsE2iHA","","34.393555","132.457211","2025-01-28 00:41:02"
"yt_kZVcsYcLm_A","【LIVE】宮島ライブカメラ/Miyajima live camera","https://www.youtube.com/watch?v=kZVcsYcLm_A","False","video","False","海岸","厳島","","【公式】HOME広島ニュース","https://www.youtube.com/channel/UCRnFGOp_mjaCYEhMzsE2iHA","広島県廿日市市宮島町","34.272605","132.309988","2025-01-28 01:05:40"
"yt_3GG0N612qno","【LIVE】エンゼルグランディア越後中里","https://www.youtube.com/watch?v=3GG0N612qno","True","video","False","","","","【公式】エンゼルグランディア越後中里","https://www.youtube.com/channel/UCexdnSOIhkaNm2AvOmLeinQ","","","","2025-01-28 01:22:11"
"yt_d5PmbWHklW8","【LIVE】新宿猫の目線（新宿駅東口） ライブカメラ","https://www.youtube.com/watch?v=d5PmbWHklW8","True","video","False","","","","【公式】クロス新宿ビジョン","https://www.youtube.com/channel/UC8cnCaq-MquhsebMer9A9rQ","","35.692623","139.700797","2025-01-28 00:41:32"
"yt_2JcOHCCV4MA","【LIVE】新宿猫の目線（新宿駅東口） ライブカメラ","https://www.youtube.com/watch?v=2JcOHCCV4MA","False","video","False","道路","新宿駅東口広場","新宿東口","【公式】クロス新宿ビジョン","https://www.youtube.com/channel/UC8cnCaq-MquhsebMer9A9rQ","東京都新宿区新宿三丁目24","35.689568","139.691717","2025-01-28 01:05:37"
"yt_RkTPGrbAewc","【LIVE】ビジョン視点（＋周辺） ライブカメラ","https://www.youtube.com/watch?v=RkTPGrbAewc","True","video","False","","","","【公式】クロス新宿ビジョン","https://www.youtube.com/channel/UC8cnCaq-MquhsebMer9A9rQ","","","","2025-01-28 01:22:13"
"other_bd5fea2ded43375e","ライブカメラ | 【公式】ザ･ブセナテラス | 沖縄リゾートホテル","https://www.terrace.co.jp/busena/livecam/","True","image","False","海岸","ザ･ブセナテラス | 沖縄リゾートホテル","","【公式】ザ･ブセナテラス | 沖縄リゾートホテル","https://www.terrace.co.jp/busena/","沖縄県名護市喜瀬1808","26.212365","127.680975","2024-04-21 15:19:00"
"yt_QVx30qT1_BI","【石川県・珠洲市】被災地の天気は… Suzu, Ishikawa Japan #地震 #災害 #能登半島地震 #テレビ金沢 #ニュース","https://www.youtube.com/watch?v=QVx30qT1_BI","True","","True","","","","【公式】テレビ金沢","https://www.youtube.com/channel/UCzeRR8rMI8IkjqGx_MFlUjQ","","37.436567","137.260603","2025-01-28 00:43:20"
"yt_rXF9kQldlao","【石川県・輪島市】被災地の天気は… Wajima, Ishikawa Japan #地震 #災害 #能登半島地震 #テレビ金沢 #ニュース","https://www.youtube.com/watch?v=rXF9kQldlao","True","video","True","","","","【公式】テレビ金沢","https://www.youtube.com/channel/UCzeRR8rMI8IkjqGx_MFlUjQ","","36.564213","136.656327","2025-01-28 00:40:43"
"yt_ZpzNv_hNxPE","【石川県・兼六園】#雪つり Kenrokuen Garden, Ishikawa Japan  #テレビ金沢 #ニュース","https://www.youtube.com/watch?v=ZpzNv_hNxPE","True","","True","","","","【公式】テレビ金沢","https://www.youtube.com/channel/UCzeRR8rMI8IkjqGx_MFlUjQ","","36.561727","136.66289","2025-01-28 02:16:29"
"yt_fl0YqYWGvd8","【LIVE】リビエラ逗子マリーナ ライブカメラ / Riviera Zushi Marina Live Camera","https://www.youtube.com/watch?v=fl0YqYWGvd8","True","video","True","","","","【公式】リビエラ / Riviera Official","https://www.youtube.com/channel/UC811znPqrm4Oqs4P-rGN9yg","","35.296303","139.552426","2025-01-28 00:41:35"
"yt_KG_NX5YkkOo","【LIVE】リビエラシーボニアマリーナ ライブカメラ / Riviera Seabornia Marina Live Camera","https://www.youtube.com/watch?v=KG_NX5YkkOo","True","","False","","","","【公式】リビエラ / Riviera Official","https://www.youtube.com/channel/UC811znPqrm4Oqs4P-rGN9yg","","35.162616","139.619726","2025-01-28 00:42:03"
"yt_DoC_PlS1P_M","【LIVE】江の島ヨットハーバー ライブカメラ / Enoshima Yacht Harbor Live Camera","https://www.youtube.com/watch?v=DoC_PlS1P_M","True","video","False","","","","【公式】リビエラ / Riviera Official","https://www.youtube.com/channel/UC811znPqrm4Oqs4P-rGN9yg","","","","2025-01-28 01:22:14"
"yt__v5y5bpCAAw","きじひき高原ライブカメラ～大沼方面～","https://www.youtube.com/watch?v=_v5y5bpCAAw","True","video","True","山岳","大沼","きじひき高原パノラマ展望台","【公式】北海道北斗市役所","https://www.youtube.com/channel/UCqptvzf0hRAA8lUdYLaPFmw","北海道北斗市村山","41.94913","140.572745","2024-04-16 13:45:06"
"yt_0AkMnQW4XOk","きじひき高原ライブカメラ～函館方面～","https://www.youtube.com/watch?v=0AkMnQW4XOk","True","video","True","山岳","函館","きじひき高原パノラマ展望台","【公式】北海道北斗市役所","https://www.youtube.com/channel/UCqptvzf0hRAA8lUdYLaPFmw","北海道北斗市村山","41.94913","140.572745","2024-04-16 14:52:51"
"yt_TUxN7e_KxH4","【ライブカメラ 】松山空港 Matsuyama Airport,MYJ＜NEWS CH.4＞","https://www.youtube.com/watch?v=TUxN7e_KxH4","True","video","True","","","","【公式】南海放送NEWS（チャン４）","https://www.youtube.com/channel/UC-2L3iPWxVyvvnPLplpdCHA","","33.8291","132.70371","2025-01-28 00:40:58"
"yt__d7Q4wxNfyE","【ライブカメラ】松山市本町＜NEWS CH.4＞","https://www.youtube.com/watch?v=_d7Q4wxNfyE","True","video","True","","","","【公式】南海放送NEWS（チャン４）","https://www.youtube.com/channel/UC-2L3iPWxVyvvnPLplpdCHA","","33.840925","132.758336","2025-01-28 00:41:21"
"yt_n8Iy3_ZM5MI","🔴松本城ライブカメラ#3 /Matsumoto Castle Live Cam#3 ""Weather Info.""","https://www.youtube.com/watch?v=n8Iy3_ZM5MI","True","video","True","","","","【公式】国宝松本城 / National Treasure ""Matsumoto Castle""","https://www.youtube.com/channel/UCi4RF7aKUxthUM7U0PcGWIw","","","","2025-01-28 01:22:14"
"yt__G5cf3y6ePk","🔴松本城ライブカメラ#2「黒門」/Matsumoto Castle Live Cam#2 - View from ""Kuromon"" black gate.","https://www.youtube.com/watch?v=_G5cf3y6ePk","True","video","True","","","","【公式】国宝松本城 / National Treasure ""Matsumoto Castle""","https://www.youtube.com/channel/UCi4RF7aKUxthUM7U0PcGWIw","","","","2025-01-28 01:22:14"
"yt_e1b_GJ35DZE","🔴松本城ライブカメラ#1「本丸庭園」/Matsumoto Castle Live Cam#1 ""Honmaru Garden""","https://www.youtube.com/watch?v=e1b_GJ35DZE","True","video","True","","","","【公式】国宝松本城 / National Treasure ""Matsumoto Castle""","https://www.youtube.com/channel/UCi4RF7aKUxthUM7U0PcGWIw","","","","2025-01-28 01:22:14"
"yt_gNzFeQ6GbYg","🔴松本城ライブカメラ#1「本丸庭園」/Matsumoto Castle Live Cam#1 ""Honmaru Garden"" - YouTube","https://www.youtube.com/watch?v=gNzFeQ6GbYg","False","video","False","観光","松本城","","【公式】国宝松本城 / National Treasure ""Matsumoto Castle"" - YouTube","https://www.youtube.com/@matsumoto-castle/streams","長野県松本市丸の内4-1","36.238062","137.970922","2024-04-15 18:17:43"
"yt_sbN0DbzoWH8","🔴松本城ライブカメラ#2「黒門」/Matsumoto Castle Live Cam#2 - View from ""Kuromon"" black gate. - YouTube","https://www.youtube.com/watch?v=sbN0DbzoWH8","False","video","False","観光","松本城","","【公式】国宝松本城 / National Treasure ""Matsumoto Castle"" - YouTube","https://www.youtube.com/@matsumoto-castle/streams","長野県松本市丸の内4-1","36.238062","137.970922","2025-01-28 01:05:32"
"yt_3AT0G5dIBNI","🔴松本城ライブカメラ#3「本丸庭園しだれ桜」/Matsumoto Castle Live Cam#3 ""SAKURA"" - YouTube","https://www.youtube.com/watch?v=3AT0G5dIBNI","False","video","False","観光","松本城","","【公式】国宝松本城 / National Treasure ""Matsumoto Castle"" - YouTube","https://www.youtube.com/@matsumoto-castle/streams","長野県松本市丸の内4-1","36.238062","137.970922","2024-04-15 18:17:46"
"yt_Pk8Q-69MWSU","ライブカメラ：嚴島神社入口","https://www.youtube.com/watch?v=Pk8Q-69MWSU","True","","True","","","","【公式】宮島観光協会","https://www.youtube.com/channel/UC73QFSdUY5fMNZtgnhBjlRg","","34.29656","132.319966","2025-01-28 00:42:47"
"yt_SZAawoS2wUE","【やまのうちLIVE配信】志賀高原 山の駅","https://www.youtube.com/watch?v=SZAawoS2wUE","True","video","True","","","","【公式】山ノ内まちづくり観光局","https://www.youtube.com/channel/UCPhpp0O43zs-6y7Z56N_obA","","36.719503","138.490589","2025-01-28 00:41:19"
"yt_lAWdqnXJ0w0","【やまのうちLIVE配信】湯田中駅前","https://www.youtube.com/watch?v=lAWdqnXJ0w0","True","video","True","","","","【公式】山ノ内まちづくり観光局","https://www.youtube.com/channel/UCPhpp0O43zs-6y7Z56N_obA","","","","2025-01-28 01:22:11"
"yt_QHKgpgSMjh4","【LIVE】いまのJR広島駅／Hiroshima Station | Live Camera","https://www.youtube.com/watch?v=QHKgpgSMjh4","True","","True","","","","【公式】広島ホームテレビ","https://www.youtube.com/channel/UCg9YmSd9-AF2RRPNHsLjj2A","","36.852999","136.988171","2025-01-28 00:43:08"
"yt_qYnCG4J26d8","雲海の宿　ホテル四季の館箱根芦ノ湖　ライブ配信　Japan,Hakone,Lake Ashi,Live Camera","https://www.youtube.com/watch?v=qYnCG4J26d8","True","video","True","河川","箱根芦ノ湖","","【公式】日本ハウス・ホテル&リゾート","https://www.youtube.com/channel/UC-HXHzxEer-YxkeHAjsBlvA","神奈川県足柄下郡箱根町元箱根103-241","35.232301","139.106886","2025-01-28 02:17:02"
"yt_-2GomybaJk0","ホテル森の風鴬宿ライブカメラ（HOTEL MORINOKAZE OUSHUKU）","https://www.youtube.com/watch?v=-2GomybaJk0","False","video","False","観光","ホテル森の風鶯宿","","【公式】日本ハウス・ホテル&リゾート","https://www.youtube.com/channel/UC-HXHzxEer-YxkeHAjsBlvA","岩手県岩手郡雫石町鴬宿10-64-1","39.696319","140.975779","2025-01-28 01:05:40"
"yt__tx5tWvV1EQ","ホテル森の風那須　ライブカメラHOTEL MORI NO KAZE NASU Live Camera","https://www.youtube.com/watch?v=_tx5tWvV1EQ","False","video","False","山岳","ホテル森の風那須","","【公式】日本ハウス・ホテル&リゾート","https://www.youtube.com/channel/UC-HXHzxEer-YxkeHAjsBlvA","栃木県那須郡那須町大字高久丙1179-2","37.01977","140.121008","2025-01-28 02:16:20"
"yt_TPoc9n-WP-I","ホテル森の風那須　ライブカメラHOTEL MORI NO KAZE NASU Live Camera","https://www.youtube.com/watch?v=TPoc9n-WP-I","True","","True","","","","【公式】日本ハウス・ホテル&リゾート","https://www.youtube.com/channel/UC-HXHzxEer-YxkeHAjsBlvA","","37.050277","140.040668","2025-01-28 02:16:35"
"yt_EjAS_uzVXaI","身延山久遠寺境内ライブカメラ LIVE Camera #身延山 #久遠寺 #ライブカメラ #livecam","https://www.youtube.com/watch?v=EjAS_uzVXaI","True","video","True","観光","身延山久遠寺","身延山久遠寺境内の釈迦殿新納牌堂","【公式】日蓮宗総本山 身延山久遠寺","https://www.youtube.com/channel/UCynx5q3etICcGrRGZz8OdUA","山梨県南巨摩郡身延町身延3567","35.663935","138.568379","2024-04-13 19:21:42"
"other_1e16f30c52b112fa","ライブカメラ | 白浜・白良浜まで徒歩1分｜ 【公式】白浜温泉の旅館 むさし","https://www.yado-musashi.co.jp/camera/","True","video","False","海岸","白良浜","","【公式】白浜温泉の旅館 むさし","https://www.yado-musashi.co.jp/camera/","和歌山県西牟婁郡白浜町868","33.678188","135.348108","2024-04-22 12:01:57"
"yt_hK4fgu46uBQ","道後温泉本館ライブカメラ（正面カメラ）","https://www.youtube.com/watch?v=hK4fgu46uBQ","True","video","True","","","","【公式】道後温泉","https://www.youtube.com/channel/UClAtpDytL1hmOUeiJaNrHlQ","","33.852001","132.786415","2025-01-28 00:40:14"
"yt_6NujHK9hnOQ","【富山方面】蜃気楼ライブカメラ 2025/01/27  11:44JST-","https://www.youtube.com/watch?v=6NujHK9hnOQ","True","video","False","","","","【富山方面】蜃気楼ライブカメラ","https://www.youtube.com/channel/UCvi3Y7He6rm7wUSzOYb6Swg","","36.825411","137.393335","2025-01-28 02:16:44"
"yt_dIR71vRLf2Y","【射水方面】蜃気楼ライブカメラ 2025/01/27  11:42JST-","https://www.youtube.com/watch?v=dIR71vRLf2Y","True","video","False","","","","【射水方面】蜃気楼ライブカメラ","https://www.youtube.com/channel/UCWz7A1XiXqmfnrM5Dsk06DA","","36.825369","137.393399","2025-01-28 02:16:46"
"yt_72x_FFH83lQ","【LIVE】沖縄・那覇空港（Naha Airport） Okinawa JAPAN｜RBC News","https://www.youtube.com/watch?v=72x_FFH83lQ","True","","True","","","","【琉球放送】RBC NEWS","https://www.youtube.com/channel/UCl27leged0PT2kIrRtrFYKA","","26.210112","127.650349","2025-01-28 00:42:11"
"yt_jCvAUY8SanQ","【LIVE】沖縄・那覇空港（Naha Airport） Okinawa JAPAN｜RBC News","https://www.youtube.com/watch?v=jCvAUY8SanQ","False","video","False","空港","那覇空港","","【琉球放送】RBC NEWS","https://www.youtube.com/channel/UCl27leged0PT2kIrRtrFYKA","沖縄県那覇市字鏡水150","26.210713","127.651985","2024-07-25 20:58:45"
"yt_ZJg8Q8Svhr8","【LIVE】沖縄・石垣島（Ishigaki Island) Okinawa JAPAN｜RBC News","https://www.youtube.com/watch?v=ZJg8Q8Svhr8","True","","True","","","","【琉球放送】RBC NEWS","https://www.youtube.com/channel/UCl27leged0PT2kIrRtrFYKA","","24.336933","124.154654","2025-01-28 00:43:34"
"yt_MKMk5UqVLcc","※メンテナンスのため一時配信を停止します※【LIVE】沖縄・石垣島（Ishigaki Island) Okinawa JAPAN｜RBC News","https://www.youtube.com/watch?v=MKMk5UqVLcc","False","video","False","海岸","石垣島","","【琉球放送】RBC NEWS","https://www.youtube.com/channel/UCl27leged0PT2kIrRtrFYKA","沖縄県石垣市","26.212365","127.680975","2025-01-28 01:05:41"
"yt_g3Q9rLBDHbw","【石川県羽咋市】千里浜ライブカメラ のライブ配信","https://www.youtube.com/watch?v=g3Q9rLBDHbw","True","video","False","","","","【石川県羽咋市】千里浜ライブカメラ","https://www.youtube.com/channel/UC4SO_m6DMmGEb9j42C4zgAQ","","36.881235","136.763246","2025-01-28 00:40:00"
"yt_yoOGxenxnEU","【ライブカメラ】KFB福島放送 情報カメラ（郡山市・福島市・相馬市・いわき市小名浜）","https://www.youtube.com/watch?v=yoOGxenxnEU","True","video","True","","","","【福島放送公式】 ときまるTV","https://www.youtube.com/channel/UC32pF1BZLteNqIaXUVs7Slg","","37.82515","140.973007","2025-01-28 00:41:08"
"other_7da07a2e8d4568e2","【美馬市】観光サイト(うだつの町並み①)","http://cam6.city.mima.lg.jp/live/index.html?Language=1&ViewMode=pull","True","image","False","観光","うだつの町並み","","【美馬市】観光サイト","https://www.city.mima.lg.jp/kanko/livecamera/","徳島県美馬市脇町大字脇町162-2","34.065728","134.559484","2024-04-11 0:43:01"
"other_79ceac1ecb2d7121","【美馬市】観光サイト(うだつの町並み②)","https://www.city.mima.lg.jp/kanko/livecamera/","True","image","False","観光","うだつの町並み","","【美馬市】観光サイト","https://www.city.mima.lg.jp/kanko/livecamera/","徳島県美馬市脇町大字脇町162-2","34.065728","134.559484","2024-04-11 0:43:10"
"other_91b4721ce58da78d","【美馬市】観光サイト(穴吹川（二又の瀬）)","http://cam3.city.mima.lg.jp/#view","True","image","False","河川","穴吹川（二又の瀬）","","【美馬市】観光サイト","https://www.city.mima.lg.jp/kanko/livecamera/","徳島県美馬市穴吹町口山","34.065728","134.559484","2024-04-11 0:46:24"
"yt_EEPKkPefMpk","(北向き)LIVECAM OSAKA 東海道本線（JR京都線）・おおさか東線（梅田貨物線）ライブカメラ【4KUHD】","https://www.youtube.com/watch?v=EEPKkPefMpk","True","video","True","","","","【鉄道】大阪ライブカメラ","https://www.youtube.com/channel/UCVw-HgO1ivfBtvxZ3x9pbDA","","34.703731","135.498821","2025-01-28 00:40:46"
"yt_uJUKRhENZ2s","【黒部方面】蜃気楼ライブカメラ 2025/01/27  11:44JST-","https://www.youtube.com/watch?v=uJUKRhENZ2s","True","","False","","","","【黒部方面】蜃気楼ライブカメラ","https://www.youtube.com/channel/UCi4bQ4dKg6UxXT0M39l_3kg","","36.825455","137.393353","2025-01-28 02:16:19"
"yt_iq0AiuVEuFI","東京八王子ライブカメラ　Hachioji, Tokyo | Rail Live Camera　JR中央線","https://www.youtube.com/watch?v=iq0AiuVEuFI","False","video","False","鉄道","西八王子駅付近","","あおば交通ch. / Aoba traffics","https://www.youtube.com/channel/UCynDLZ-YJnrMLSQvwYi-bUA","東京都八王子市千人町一丁目12-5","35.65912","139.315654","2025-01-28 02:16:21"
"yt_RMTEXLFpO0E","東京八王子ライブカメラ　Hachioji, Tokyo | Rail Live Camera　JR中央線","https://www.youtube.com/watch?v=RMTEXLFpO0E","True","video","True","","","","あおば交通ch. / Aoba traffics","https://www.youtube.com/channel/UCynDLZ-YJnrMLSQvwYi-bUA","","35.657848","139.314908","2025-01-28 02:16:52"
"other_67c43e51e8649695","いぶきの里スキー場 | 本日のゲレンデ","https://www.ibukinosato.co.jp/gelande/index.php","True","image","False","観光","いぶきの里スキー場","","いぶきの里スキー場","https://www.ibukinosato.co.jp/","岡山県新見市千屋花見1336-1","34.661759","133.934894","2024-04-13 19:28:43"
"yt_f5RKS6V9esI","岩代グラウンドから見る安達太良山","https://www.youtube.com/watch?v=f5RKS6V9esI","False","video","False","山岳","安達太良山","","いわしろ夢現塾","https://www.youtube.com/channel/UCdl93kGO3Di8TZhleUtjoFA","福島県郡山市熱海町石筵黒森","37.570606","140.260121","2025-01-28 01:05:33"
"yt_XHnrgK4sEDE","いわて花巻空港ライブ映像","https://www.youtube.com/watch?v=XHnrgK4sEDE","True","video","True","","","","いわて花巻空港","https://www.youtube.com/channel/UCujqw4iys19UVg2JYVfVsYA","","39.421392","141.138377","2025-01-28 00:39:58"
"yt_-iHpDloHK3o","2025/01/27(月曜日)【西武線ライブカメラ】　西武池袋線保谷駅付近の踏切からライブ配信","https://www.youtube.com/watch?v=-iHpDloHK3o","True","video","False","","","","うめたくん","https://www.youtube.com/channel/UCAPMlxH-TQVQNzKgD9V_JEw","","35.748255","139.565287","2025-01-28 02:16:46"
"yt_kzQdszcQ2HM","【西武線ライブカメラ２】　西武池袋線保谷駅付近の電留線ライブ映像","https://www.youtube.com/watch?v=kzQdszcQ2HM","True","video","True","","","","うめたくん","https://www.youtube.com/channel/UCAPMlxH-TQVQNzKgD9V_JEw","","35.747994","139.565405","2025-01-28 02:16:40"
"other_2aa5c684a19cbf65","えひめの道ライブカメラ(（一）湯山北条線JRアンダー東側)","https://www.pref.ehime.jp/dkanri/details.html?4_26","True","image","False","道路","（一）湯山北条線JRアンダー東側","","えひめの道ライブカメラ","https://www.pref.ehime.jp/dkanri/index.html","愛媛県松山市鹿峰163-1","33.839157","132.765556","2024-04-13 20:33:58"
"other_b38a992d059b4db2","えひめの道ライブカメラ(水ヶ峠トンネル(松山市側))","https://www.pref.ehime.jp/dkanri/details.html?4_1","True","image","False","道路","水ヶ峠トンネル(松山市側)","","えひめの道ライブカメラ","https://www.pref.ehime.jp/dkanri/index.html","愛媛県松山市 国道317号線","33.839157","132.765556","2024-04-13 20:30:11"
"other_31f01ba00c70160a","えひめの道ライブカメラ(（国）440号（松山市久谷町）)","https://www.pref.ehime.jp/dkanri/details.html?4_24","True","image","False","道路","（国）440号（松山市久谷町）","","えひめの道ライブカメラ","https://www.pref.ehime.jp/dkanri/index.html","愛媛県松山市 国道317号線","33.839157","132.765556","2024-04-13 20:31:49"
"other_fd75b7b5e4e50829","えひめの道ライブカメラ(（国）379号（伊予郡砥部町玉谷）)","https://www.pref.ehime.jp/dkanri/details.html?4_12","True","image","False","道路","（国）379号（伊予郡砥部町玉谷）","","えひめの道ライブカメラ","https://www.pref.ehime.jp/dkanri/index.html","愛媛県伊予郡砥部町","33.841646","132.766103","2024-04-13 20:38:27"
"other_a30e91e890619d8f","えひめの道ライブカメラ(（主）大洲長浜線（大洲市春賀）)","https://www.pref.ehime.jp/dkanri/details.html?6_500","True","image","False","道路","（主）大洲長浜線（大洲市春賀）","","えひめの道ライブカメラ","https://www.pref.ehime.jp/dkanri/index.html","愛媛県大洲市 春賀甲375","33.841646","132.766103","2024-04-13 20:54:16"
"other_6cb4101c3e578620","えひめの道ライブカメラ(（国）319号（四国中央市新宮町馬立）)","https://www.pref.ehime.jp/dkanri/details.html?1_15","True","image","False","道路","（国）319号（四国中央市新宮町馬立）","","えひめの道ライブカメラ","https://www.pref.ehime.jp/dkanri/index.html","愛媛県四国中央市新宮町馬立1144","33.841646","132.766103","2024-04-13 20:43:06"
"other_805371112a4f69c2","えひめの道ライブカメラ(峠御堂隧道（久万高原町側）)","https://www.pref.ehime.jp/dkanri/details.html?5_38","True","image","False","道路","峠御堂隧道（久万高原町側）","","えひめの道ライブカメラ","https://www.pref.ehime.jp/dkanri/index.html","愛媛県上浮穴郡久万高原町菅生","33.841646","132.766103","2024-04-13 20:43:36"
"other_cf7cdfd73b4ec702","えひめの道ライブカメラ(真弓トンネル（内子町側)","https://www.pref.ehime.jp/dkanri/details.html?6_39","True","image","False","道路","真弓トンネル（内子町側)","","えひめの道ライブカメラ","https://www.pref.ehime.jp/dkanri/index.html","愛媛県喜多郡内子町大平","33.841646","132.766103","2024-04-13 20:43:31"
"other_db4b00480705c5cb","えひめの道ライブカメラ(（国）197号（大洲市鹿野川大橋付近））","https://www.pref.ehime.jp/dkanri/details.html?6_49","True","image","False","道路","（国）197号（大洲市鹿野川大橋付近））","","えひめの道ライブカメラ","https://www.pref.ehime.jp/dkanri/index.html","愛媛県大洲市肱川町山鳥坂282-1","33.841646","132.766103","2024-04-13 20:51:04"
"other_543b6b7204585188","えひめの道ライブカメラ(（国）197号（大洲市肱東中学校付近）)","https://www.pref.ehime.jp/dkanri/details.html?6_51","True","image","False","道路","国）197号（大洲市肱東中学校付近）","","えひめの道ライブカメラ","https://www.pref.ehime.jp/dkanri/index.html","愛媛県大洲市菅田町菅田1790","33.841646","132.766103","2024-04-13 20:52:59"
"other_749ee03d2180bc19","えひめの道ライブカメラ(（国）197号（大洲市肱川町宇和川）)","https://www.pref.ehime.jp/dkanri/details.html?6_7","True","image","False","道路","（国）197号（大洲市肱川町宇和川）","","えひめの道ライブカメラ","https://www.pref.ehime.jp/dkanri/index.html","愛媛県大洲市肱川町宇和川588-1","33.841646","132.766103","2024-04-13 20:48:25"
"other_f680eb5b5a1b2b17","えひめの道ライブカメラ(（一）湯山北条線JRアンダー西側)","https://www.pref.ehime.jp/dkanri/details.html?4_25","True","image","False","道路","（一）湯山北条線JRアンダー西側","","えひめの道ライブカメラ","https://www.pref.ehime.jp/dkanri/index.html","愛媛県松山市鹿峰213","33.839157","132.765556","2024-04-13 20:35:45"
"other_7583e926c0c1e720","えひめの道ライブカメラ(水ヶ峠トンネル(今治市側))","https://www.pref.ehime.jp/dkanri/details.html?3_2","True","image","False","道路","水ヶ峠トンネル(今治市側)","","えひめの道ライブカメラ","https://www.pref.ehime.jp/dkanri/index.html","愛媛県松山市 国道317号線","33.839157","132.765556","2024-04-13 20:27:19"
"other_89b2670148ddf4e7","えひめの道ライブカメラ(新居浜角野線JRアンダー北側)","https://www.pref.ehime.jp/dkanri/details.html?2_20","True","image","False","道路","新居浜角野線JRアンダー北側","","えひめの道ライブカメラ","https://www.pref.ehime.jp/dkanri/index.html","愛媛県新居浜市坂井町3丁目8-61","33.841646","132.766103","2024-04-13 20:20:43"
"other_30ccc1d68c041559","えひめの道ライブカメラ(（主）宇和野村線（西予市野村町河西）)","https://www.pref.ehime.jp/dkanri/details.html?8_9","True","image","False","道路","（主）宇和野村線（西予市野村町河西）","","えひめの道ライブカメラ","https://www.pref.ehime.jp/dkanri/index.html","愛媛県西予市野村町河西116","33.841646","132.766103","2024-04-13 21:27:43"
"other_040a672f5c86f16f","えひめの道ライブカメラ(西条久万線（西条市西之川）)","https://www.pref.ehime.jp/dkanri/details.html?2_42","True","image","False","道路","西条久万線（西条市西之川）","","えひめの道ライブカメラ","https://www.pref.ehime.jp/dkanri/index.html","愛媛県西条市","33.841646","132.766103","2024-04-13 20:22:41"
"other_b72dbc21b2f498c0","えひめの道ライブカメラ(西条港線JRアンダー南側)","https://www.pref.ehime.jp/dkanri/details.html?2_23","True","image","False","道路","西条港線JRアンダー南側","","えひめの道ライブカメラ","https://www.pref.ehime.jp/dkanri/index.html","愛媛県西条市大町1412-2","33.841646","132.766103","2024-04-13 20:24:56"
"other_6fe512342ceb9b25","えひめの道ライブカメラ(西条港線JRアンダー北側)","https://www.pref.ehime.jp/dkanri/details.html?2_22","True","image","False","道路","西条港線JRアンダー北側","","えひめの道ライブカメラ","https://www.pref.ehime.jp/dkanri/index.html","愛媛県西条市神拝甲121","33.841646","132.766103","2024-04-13 20:25:56"
"other_c1a51c95c1debb9e","えひめの道ライブカメラ(（主）高知伊予三島線（富郷町津根山）)","https://www.pref.ehime.jp/dkanri/details.html?1_41","True","image","False","道路","高知伊予三島線（富郷町津根山）","","えひめの道ライブカメラ","https://www.pref.ehime.jp/dkanri/index.html","愛媛県四国中央市","33.841646","132.766103","2024-04-13 19:58:41"
"other_7a4283e6731a01e4","えひめの道ライブカメラ(（国）320号（鬼北町水分）)","https://www.pref.ehime.jp/dkanri/details.html?9_27","True","image","False","道路","（国）320号（鬼北町水分）","","えひめの道ライブカメラ","https://www.pref.ehime.jp/dkanri/index.html","愛媛県北宇和郡鬼北町奈良","33.841646","132.766103","2024-04-13 21:39:30"
"other_4f8af1f80fc89862","えひめの道ライブカメラ(（国）378号（八幡浜市保内町磯崎）)","https://www.pref.ehime.jp/dkanri/details.html?7_8","True","image","False","道路","（国）378号（八幡浜市保内町磯崎）","","えひめの道ライブカメラ","https://www.pref.ehime.jp/dkanri/index.html","愛媛県八幡浜市保内町磯崎2017-4","33.841646","132.766103","2024-04-13 21:38:48"
"other_956c1ba8e55fef43","えひめの道ライブカメラ(（国）441号（大洲市梅川）)","https://www.pref.ehime.jp/dkanri/details.html?6_43","True","image","False","道路","（国）441号（大洲市梅川）
","","えひめの道ライブカメラ","https://www.pref.ehime.jp/dkanri/index.html","愛媛県大洲市梅川","33.841646","132.766103","2024-04-13 21:38:42"
"other_4fefc7605d109088","えひめの道ライブカメラ(（国）381号（北宇和郡鬼北町大字出目）)","https://www.pref.ehime.jp/dkanri/details.html?9_45","True","image","False","道路","（国）381号（北宇和郡鬼北町大字出目）","","えひめの道ライブカメラ","https://www.pref.ehime.jp/dkanri/index.html","愛媛県北宇和郡鬼北町出目3369-2","33.841646","132.766103","2024-04-13 21:36:25"
"other_e15addad918306d8","えひめの道ライブカメラ(（一）大洲保内線（大洲市西大洲）)","https://www.pref.ehime.jp/dkanri/details.html?6_48","True","image","False","道路","（一）大洲保内線（大洲市西大洲）","","えひめの道ライブカメラ","https://www.pref.ehime.jp/dkanri/index.html","愛媛県大洲市1010-1 大洲市 西大洲甲","33.841646","132.766103","2024-04-13 21:00:06"
"other_8ec47c46b3bef25b","えひめの道ライブカメラ(（国）197号（大洲市菅田小学校付近）)","https://www.pref.ehime.jp/dkanri/details.html?6_52","True","image","False","道路","（国）197号（大洲市菅田小学校付近）","","えひめの道ライブカメラ","https://www.pref.ehime.jp/dkanri/index.html","愛媛県大洲市菅田町703","33.841646","132.766103","2024-04-13 20:52:54"
"other_c27c9d89a756aab4","えひめの道ライブカメラ(新居浜角野線JRアンダー南側)","https://www.pref.ehime.jp/dkanri/details.html?2_21","True","image","False","道路","新居浜角野線JRアンダー南側","","えひめの道ライブカメラ","https://www.pref.ehime.jp/dkanri/index.html","愛媛県新居浜市坂井町2丁目3","33.841646","132.766103","2024-04-13 20:19:00"
"other_dca47ea7d1379438","えひめの道ライブカメラ(壬生川新居浜野田線（新居浜市一宮）)","https://www.pref.ehime.jp/dkanri/details.html?2_40","True","image","False","道路","壬生川新居浜野田線（新居浜市一宮）","","えひめの道ライブカメラ","https://www.pref.ehime.jp/dkanri/index.html","愛媛県新居浜市宮西町4-46","33.841646","132.766103","2024-04-13 20:07:32"
"other_febe15402a5ba246","えひめの道ライブカメラ(（国）379号（内子町吉野川）)","https://www.pref.ehime.jp/dkanri/details.html?6_288","True","image","False","道路","（国）379号（内子町吉野川）","","えひめの道ライブカメラ","https://www.pref.ehime.jp/dkanri/index.html","愛媛県喜多郡内子町吉野川59","33.841646","132.766103","2024-04-13 21:00:30"
"other_2448fdccb770eaa7","えひめの道ライブカメラ(法皇トンネル（金砂町平野山側）)","https://www.pref.ehime.jp/dkanri/details.html?1_13","True","image","False","道路","法皇トンネル（金砂町平野山側）","","えひめの道ライブカメラ","https://www.pref.ehime.jp/dkanri/index.html","愛媛県四国中央市金砂町平野山232","33.841646","132.766103","2024-04-13 21:02:17"
"other_3b2bc7131c3688f5","えひめの道ライブカメラ(八幡浜道路八幡浜IC)","https://www.pref.ehime.jp/dkanri/details.html?7_54","True","image","False","道路","八幡浜道路八幡浜IC","","えひめの道ライブカメラ","https://www.pref.ehime.jp/dkanri/index.html","愛媛県八幡浜市大平","33.841646","132.766103","2024-04-13 21:09:18"
"other_92622f719b846bed","えひめの道ライブカメラ(歯長隧道（西予市側）)","https://www.pref.ehime.jp/dkanri/details.html?8_300","True","image","False","道路","歯長隧道（西予市側）","","えひめの道ライブカメラ","https://www.pref.ehime.jp/dkanri/index.html","愛媛県西予市宇和町下川","33.841646","132.766103","2024-04-13 21:28:50"
"other_83c5631cf86ae9c2","えひめの道ライブカメラ(寒風山トンネル（西条市側）)","https://www.pref.ehime.jp/dkanri/details.html?2_19","True","image","False","道路","寒風山トンネル（西条市側）","","えひめの道ライブカメラ","https://www.pref.ehime.jp/dkanri/index.html","愛媛県西条市藤之石己 国道194号","33.841646","132.766103","2024-04-13 20:03:10"
"other_09c6f48be7ec522a","えひめの道ライブカメラ(（主）長浜中村線（大洲市多田）)","https://www.pref.ehime.jp/dkanri/details.html?6_47","True","image","False","道路","（主）長浜中村線（大洲市多田）","","えひめの道ライブカメラ","https://www.pref.ehime.jp/dkanri/index.html","愛媛県大洲市多田406","33.841646","132.766103","2024-04-13 20:56:25"
"other_f4aa91ecfedf72d6","えひめの道ライブカメラ(（国）197号（北宇和郡鬼北町日向谷）)","https://www.pref.ehime.jp/dkanri/details.html?9_11","True","image","False","道路","（国）197号（北宇和郡鬼北町日向谷）","","えひめの道ライブカメラ","https://www.pref.ehime.jp/dkanri/index.html","愛媛県北宇和郡鬼北町日向谷798 1504","33.841646","132.766103","2024-04-13 21:35:22"
"other_b500ec6aec0df427","えひめの道ライブカメラ(壬生川新居浜野田線JRアンダー北側)","https://www.pref.ehime.jp/dkanri/details.html?1_17","True","image","False","道路","壬生川新居浜野田線JRアンダー北側","","えひめの道ライブカメラ","https://www.pref.ehime.jp/dkanri/index.html","愛媛県新居浜市坂井町3丁目甲3456-1","33.841646","132.766103","2024-04-13 20:01:36"
"other_fd8f8d200bc3b628","えひめの道ライブカメラ(名坂道路保内IC)","https://www.pref.ehime.jp/dkanri/details.html?7_53","True","image","False","道路","名坂道路保内IC","","えひめの道ライブカメラ","https://www.pref.ehime.jp/dkanri/index.html","愛媛県八幡浜市保内町喜木","33.841646","132.766103","2024-04-13 21:10:05"
"other_41143a046a6fbce8","えひめの道ライブカメラ(（主）広見三間宇和島線（三間町務田）)","https://www.pref.ehime.jp/dkanri/details.html?9_44","True","image","False","道路","（主）広見三間宇和島線（三間町務田）","","えひめの道ライブカメラ","https://www.pref.ehime.jp/dkanri/index.html","愛媛県宇和島市三間町務田1330 番外地","33.841646","132.766103","2024-04-13 21:32:37"
"other_6f7b8994a4171fb1","えひめの道ライブカメラ(夜昼トンネル(大洲市側))","https://www.pref.ehime.jp/dkanri/details.html?6_3","True","image","False","道路","夜昼トンネル(大洲市側)
","","えひめの道ライブカメラ","https://www.pref.ehime.jp/dkanri/index.html","愛媛県大洲市平野町野田","33.841646","132.766103","2024-04-13 21:10:57"
"other_3122a57c525e61eb","えひめの道ライブカメラ(（国）494号（東温市河之内）)","https://www.pref.ehime.jp/dkanri/details.html?4_46","True","image","False","道路","（国）494号（東温市河之内）
","","えひめの道ライブカメラ","https://www.pref.ehime.jp/dkanri/index.html","愛媛県東温市河之内","33.841646","132.766103","2024-04-13 20:29:15"
"other_89bc79a4da999c52","えひめの道ライブカメラ(八幡浜道路千丈トンネル（八幡浜IC側）)","https://www.pref.ehime.jp/dkanri/details.html?7_55","True","image","False","道路","八幡浜道路千丈トンネル（八幡浜IC側）","","えひめの道ライブカメラ","https://www.pref.ehime.jp/dkanri/index.html","愛媛県八幡浜市松柏 甲734-1","33.841646","132.766103","2024-04-13 21:08:02"
"other_8fa0aa641c2ee321","えひめの道ライブカメラ(名坂トンネル（大平側）)","https://www.pref.ehime.jp/dkanri/details.html?7_333","True","image","False","道路","名坂トンネル（大平側）","","えひめの道ライブカメラ","https://www.pref.ehime.jp/dkanri/index.html","愛媛県八幡浜市大平","33.841646","132.766103","2024-04-13 21:13:43"
"other_eb7a099d13491546","えひめの道ライブカメラ(新居浜別子山線（新居浜市大永山)","https://www.pref.ehime.jp/dkanri/details.html?2_14","True","image","False","道路","新居浜別子山線（新居浜市大永山","","えひめの道ライブカメラ","https://www.pref.ehime.jp/dkanri/index.html","愛媛県新居浜市","33.841646","132.766103","2024-04-13 20:05:08"
"other_deb01b74553560bc","えひめの道ライブカメラ(笠置トンネル(八幡浜市側釜倉トンネル向き))","https://www.pref.ehime.jp/dkanri/details.html?7_6","True","image","False","道路","笠置トンネル(八幡浜市側釜倉トンネル向き)","","えひめの道ライブカメラ","https://www.pref.ehime.jp/dkanri/index.html","愛媛県八幡浜市川之内1-543","33.841646","132.766103","2024-04-13 21:12:56"
"other_08f908d5f6d9bab5","えひめの道ライブカメラ(夜昼トンネル(八幡浜市側))","https://www.pref.ehime.jp/dkanri/details.html?7_4","True","image","False","道路","夜昼トンネル(八幡浜市側)","","えひめの道ライブカメラ","https://www.pref.ehime.jp/dkanri/index.html","愛媛県八幡浜市川之内1-543","33.841646","132.766103","2024-04-13 21:11:53"
"other_14c5d54566079d58","えひめの道ライブカメラ(笠置トンネル(西予市側))","https://www.pref.ehime.jp/dkanri/details.html?8_5","True","image","False","道路","笠置トンネル(西予市側)","","えひめの道ライブカメラ","https://www.pref.ehime.jp/dkanri/index.html","愛媛県西予市宇和町岩木","33.841646","132.766103","2024-04-13 21:30:50"
"other_07fb98ef78358b87","えひめの道ライブカメラ(壬生川新居浜野田線JRアンダー南側)","https://www.pref.ehime.jp/dkanri/details.html?1_18","True","image","False","道路","壬生川新居浜野田線JRアンダー南側","","えひめの道ライブカメラ","https://www.pref.ehime.jp/dkanri/index.html","愛媛県新居浜市坂井町3丁目甲3456-1","33.841646","132.766103","2024-04-13 20:00:15"
"other_7bedad07b26a4cb2","えひめの道ライブカメラ(八幡浜道路八幡浜東IC)","https://www.pref.ehime.jp/dkanri/details.html?7_56","True","image","False","道路","八幡浜道路八幡浜東IC","","えひめの道ライブカメラ","https://www.pref.ehime.jp/dkanri/index.html","愛媛県八幡浜市郷","33.841646","132.766103","2024-04-13 21:39:21"
"other_0bd416849b6c39ca","えひめの道ライブカメラ(大久東トンネル（三崎側）)","https://www.pref.ehime.jp/dkanri/details.html?7_32","True","image","False","道路","大久東トンネル（三崎側）","","えひめの道ライブカメラ","https://www.pref.ehime.jp/dkanri/index.html","愛媛県西宇和郡伊方町大久","33.841646","132.766103","2024-04-13 21:23:18"
"other_b5c2840297683a50","えひめの道ライブカメラ(（国）197号（伊方町河内）)","https://www.pref.ehime.jp/dkanri/details.html?7_31","True","image","False","道路","（国）197号（伊方町河内）","","えひめの道ライブカメラ","https://www.pref.ehime.jp/dkanri/index.html","愛媛県西宇和郡伊方町河内1458","33.841646","132.766103","2024-04-13 21:21:41"
"other_adef2eab685adbf9","えひめの道ライブカメラ(大峠トンネル（八幡浜市側）)","https://www.pref.ehime.jp/dkanri/details.html?7_35","True","image","False","道路","大峠トンネル（八幡浜市側）","","えひめの道ライブカメラ","https://www.pref.ehime.jp/dkanri/index.html","愛媛県八幡浜市保内町宮内","33.841646","132.766103","2024-04-13 21:20:23"
"other_fdfbac268fd7bc46","えひめの道ライブカメラ(横平トンネル（布喜川側）)","https://www.pref.ehime.jp/dkanri/details.html?7_34","True","image","False","道路","横平トンネル（布喜川側）","","えひめの道ライブカメラ","https://www.pref.ehime.jp/dkanri/index.html","愛媛県八幡浜市布喜川253","33.841646","132.766103","2024-04-13 21:19:03"
"other_2a41581a5878b16f","えひめの道ライブカメラ(（国）197号（西予市城川町高野子）)","https://www.pref.ehime.jp/dkanri/details.html?8_10","True","image","False","道路","（国）197号（西予市城川町高野子）","","えひめの道ライブカメラ","https://www.pref.ehime.jp/dkanri/index.html","愛媛県北宇和郡鬼北町下鍵山54","33.841646","132.766103","2024-04-13 21:26:22"
"yt_nkB73BHUf6s","LIVE CAMERA Kyoto【京都おすすめ】常寂光寺山門 と おぐら茶屋","https://www.youtube.com/watch?v=nkB73BHUf6s","True","","False","","","","おぐら茶屋・京のココ見といやす　my favorite KYOTO  [Ogura-chaya]","https://www.youtube.com/channel/UC5GCXh2PEqAkiH5W2k2LU_Q","","35.019557","135.670193","2025-01-28 02:16:19"
"yt__hrnDpHB_pM","北海道川湯温泉Live Stream(霧氷・ダイヤモンドダスト・紅葉etc)","https://www.youtube.com/watch?v=_hrnDpHB_pM","True","video","True","","","","お宿欣喜湯＆別邸忍冬（川湯温泉）","https://www.youtube.com/channel/UCi7Mc9-mVGBKIYXXBtm3iGQ","","","","2025-01-28 01:22:10"
"yt_orZ7wUUkujM","【Live camera in Tokyo Japan】デカ盛り弁当屋キッチンDIVE 中継ライブカメラ 【渋谷・秋葉原出店計画中】JR亀戸駅 カメイドクロック近隣 24時間営業","https://www.youtube.com/watch?v=orZ7wUUkujM","True","video","True","","","","お弁当屋さんのライブカメラLIVE camera 【LIVE】キッチンDIVE","https://www.youtube.com/channel/UCo9e_ilRlTxHTCFAcaLR2-w","","35.696876","139.827076","2025-01-28 00:40:17"
"yt_00OymhMXQSg","がらっぱ堂からの川内川のライブ配信","https://www.youtube.com/watch?v=00OymhMXQSg","True","","True","","","","がらっぱ堂","https://www.youtube.com/channel/UC_Q_rKZRdhEobNA2GaKYv1A","","31.818733","130.304515","2025-01-28 00:43:32"
"yt_HxXavkLizWM","4K Live Cam お天気カメラ 京都駅周辺　西の空　東本願寺","https://www.youtube.com/watch?v=HxXavkLizWM","True","video","True","観光","東本願寺","滋賀県大津市","きょうの西の空　お天気カメラ 京都 / KYOTO livestreaming weather 4K","https://www.youtube.com/channel/UCIqV29FJyZLgHcwWVtf4VYA","京都府京都市下京区烏丸通七条上る","35.021279","135.755635","2025-01-28 02:17:03"
"yt_3MM0yX3QPX4","ぐるっと福島ライブカメラ","https://www.youtube.com/watch?v=3MM0yX3QPX4","True","video","False","","","","ぐるっと福島TV","https://www.youtube.com/channel/UCdI2ChbySxWNGSWEOaeTjFg","","","","2025-01-28 01:22:09"
"yt_-tZclwQqkyo","新幹線小田原駅ライブカメラ/Shinkansen Odawara Station Live Camera/Bullet train","https://www.youtube.com/watch?v=-tZclwQqkyo","True","video","True","","","","こだまらいふ Kodama life / Japanese bullet train","https://www.youtube.com/channel/UC9yuSASu1r3dKOvEmZwnptQ","","35.255884","139.156112","2025-01-28 00:40:51"
"yt_Vsoox52rygw","日本の歴史公園100選　西山公園（福井県鯖江市）","https://www.youtube.com/watch?v=Vsoox52rygw","False","video","False","観光","西山公園","","さばスタLIVE","https://www.youtube.com/channel/UCbxNvUOvm_SA8YTYTdpBE9g","福井県鯖江市桜町3丁目8-10","36.065244","136.221791","2025-01-28 02:16:22"
"yt_bIwhz9pgHdk","羽越本線(新発田)ライブカメラ","https://www.youtube.com/watch?v=bIwhz9pgHdk","True","","True","","","","しばたの","https://www.youtube.com/channel/UCR3cK6OhKGCzzY3Je3T3RWA","","37.947082","139.338185","2025-01-28 00:43:07"
"yt_rq09wGsY-aY","長崎県島原市「しまばら火張山花公園 」からライブ映像","https://www.youtube.com/watch?v=rq09wGsY-aY","True","","True","","","","しまばら火張山花公園","https://www.youtube.com/channel/UCFd3iy-coOTNOOfG8HA9DPw","","32.790169","130.33777","2025-01-28 00:42:00"
"yt_EwJ5TWwx2zI","🔴【Live】沖縄ライブカメラ 東海岸　#沖縄ライブカメラ #ライブカメラ沖縄  #西原町 #初日の出","https://www.youtube.com/watch?v=EwJ5TWwx2zI","True","video","True","","","","すぅこめ","https://www.youtube.com/channel/UCWlBnbkuAj6M1XANpeVY93w","","26.233974","127.756697","2025-01-28 02:16:54"
"yt_IMb7eCeTXwA","［LIVE CAMERA］札幌 狸小路 ライブカメラ（４丁目） Tanukikoji Shopping Street in Sapporo, Hokkaido, Japan.","https://www.youtube.com/watch?v=IMb7eCeTXwA","True","video","True","","","","たぬきやLIVE","https://www.youtube.com/channel/UCRZplV8vE67bgCI6_3sm3mQ","","","","2025-01-28 01:22:10"
"yt_dIDyg-kc9o0","【LIVE】新潟万代シテイ交差点　ライブカメラ＜BANDAI CITY, NIIGATA　LIVE CAMERA＞","https://www.youtube.com/watch?v=dIDyg-kc9o0","True","video","True","","","","だいすき!にいがた! チャンネル","https://www.youtube.com/channel/UCXScRoBNwPISEKWqBXeGiwQ","","37.91655","139.055822","2025-01-28 02:16:46"
"yt_Sm3nG3DHgBI","レインボーブリッジ　ワイド②　ライブカメラ、お台場東京【ちんあなご】Livecamera RainbowBridge Tokyo Odaiba","https://www.youtube.com/watch?v=Sm3nG3DHgBI","True","video","True","","","","ちんあなご","https://www.youtube.com/channel/UC-iKt6xd8uD-8_kXRfPY7Jw","","35.634674","139.776154","2025-01-28 02:16:54"
"yt_DIEFSHxEvrU","レインボーブリッジ　アップ③　ライブ配信　お台場東京【ちんあなご】Livestream Rainbowbridge Tokyo Japan","https://www.youtube.com/watch?v=DIEFSHxEvrU","True","","True","","","","ちんあなご","https://www.youtube.com/channel/UC-iKt6xd8uD-8_kXRfPY7Jw","","35.634449","139.772571","2025-01-28 02:16:25"
"yt_M3uRUx4J1UI","レインボーブリッジ①　お台場東京　４Ｋライブ配信【ちんあなご】Livestream- RainbowBridge tokyo Japan","https://www.youtube.com/watch?v=M3uRUx4J1UI","True","","True","","","","ちんあなご","https://www.youtube.com/channel/UC-iKt6xd8uD-8_kXRfPY7Jw","","35.63538","139.77522","2025-01-28 02:16:26"
"yt_GmsQbLNlJqg","東京タワー　ライブカメラ【ちんあなご】 Livestreaming TokyoTower　tokyo Japan","https://www.youtube.com/watch?v=GmsQbLNlJqg","True","video","True","","","","ちんあなご","https://www.youtube.com/channel/UC-iKt6xd8uD-8_kXRfPY7Jw","","35.649182","139.769585","2025-01-28 02:16:44"
"yt_Uxfy_7kUlAE","ながの表参道セントラルスクゥエア のライブ配信","https://www.youtube.com/watch?v=Uxfy_7kUlAE","True","video","True","","","","ながの表参道セントラルスクゥエア","https://www.youtube.com/channel/UCZI9agmips6GjCsI6QcARJw","","36.651762","138.187166","2025-01-28 00:41:35"
"yt_CXrqVqlxADc","なら歴史芸術文化村【公式】 ライブカメラ配信","https://www.youtube.com/watch?v=CXrqVqlxADc","True","video","True","","","","なら歴史芸術文化村【公式】","https://www.youtube.com/channel/UC0Cm7pJs0Jxj79vWUQ88ZYA","","34.589055","135.847069","2025-01-28 00:40:26"
"yt_7xHqZh-qKus","人懐っこい猫が暮らす癒しの温泉旅館　猫部屋ライブ配信中","https://www.youtube.com/watch?v=7xHqZh-qKus","True","","True","","","","にゃんたまチャンネル♪","https://www.youtube.com/channel/UCzsSKT7ckGdgyJ2_2wf2fyw","","33.270207","131.507063","2025-01-28 02:16:24"
"yt_wvJDZnoa4d8","白黒ハチワレ猫のお部屋　覗き見配信","https://www.youtube.com/watch?v=wvJDZnoa4d8","True","","True","","","","にゃんたまチャンネル♪","https://www.youtube.com/channel/UCzsSKT7ckGdgyJ2_2wf2fyw","","33.270099","131.506863","2025-01-28 02:16:30"
"yt_0KDtOZVtGcY","窓辺のニャルソック LIVECAM　(暗視・防犯カメラ)","https://www.youtube.com/watch?v=0KDtOZVtGcY","True","video","True","","","","にゃんたまチャンネル♪","https://www.youtube.com/channel/UCzsSKT7ckGdgyJ2_2wf2fyw","","33.270195","131.50675","2025-01-28 02:16:48"
"yt_D5eUvgKjYRU","地域ネコ見守りカメラとファミコン風BGM　ライブ配信","https://www.youtube.com/watch?v=D5eUvgKjYRU","True","","True","","","","にゃんたまチャンネル♪","https://www.youtube.com/channel/UCzsSKT7ckGdgyJ2_2wf2fyw","","33.270062","131.506699","2025-01-28 02:16:38"
"yt_SWE9hJ_NxGs","のんびり暮らす高齢猫部屋のライブ配信","https://www.youtube.com/watch?v=SWE9hJ_NxGs","True","video","True","","","","にゃんたまチャンネル♪","https://www.youtube.com/channel/UCzsSKT7ckGdgyJ2_2wf2fyw","","33.270222","131.50702","2025-01-28 00:40:08"
"yt_Lkbd067sHOw","木場公園ライブカメラ （東京都江東区, 都立公園）Live Camera at Kiba Park. Tokyo Japan","https://www.youtube.com/watch?v=Lkbd067sHOw","True","video","True","","","","のんびりカメラ RelaxCam","https://www.youtube.com/channel/UC2UpVqmflS3ro7kQ-KvlPFQ","","","","2025-01-28 01:22:13"
"other_17fbb03b2dd81e0e","hujiyamaツインテラス・富士山ライブカメラ","https://www.fuefuki-kanko.jp/livecam/","True","image","True","山岳","富士山","fujiyamaツインテラス","ふえふき観光ナビ","https://www.fuefuki-kanko.jp/","山梨県笛吹市芦川町上芦川","35.663935","138.568379","2024-04-10 14:57:09"
"yt_EMbzjZJ1eQU","富士山ライブ配信 ふもとっぱらキャンプサイトから - Mount Fuji Live from Fumotoppara (Shizuoka Japan)","https://www.youtube.com/watch?v=EMbzjZJ1eQU","True","video","True","","","","ふもとっぱらチャンネル","https://www.youtube.com/channel/UCYcexkyqYKH9oWzprRGsW0A","","","","2025-01-28 01:22:14"
"yt_-2E9g8flQNM","【LIVE】東京・板橋仲宿交差点下り TOKYO LIVE CAMERA","https://www.youtube.com/watch?v=-2E9g8flQNM","True","video","True","道路","東京・板橋仲宿交差点下り","","ほうとくねっと","https://www.youtube.com/channel/UCjC0AEc_OpnKFcfRI_8nl4Q","東京都板橋区板橋二丁目66-17","35.689568","139.691717","2024-04-11 21:22:26"
"yt_uJChZdBiID8","熱海みのやホテルライブカメラ","https://www.youtube.com/watch?v=uJChZdBiID8","False","video","False","海岸","","熱海みのやホテル","みのや 熱海","https://www.youtube.com/channel/UCypx3YHoIpYvJsGVhwfGgdA","静岡県熱海市和田浜南町7-12","34.976906","138.383023","2025-01-28 01:05:37"
"yt_iP9A-1ob7FU","熱海みのやホテルライブカメラ","https://www.youtube.com/watch?v=iP9A-1ob7FU","True","video","True","","","","みのや 熱海","https://www.youtube.com/channel/UCypx3YHoIpYvJsGVhwfGgdA","","","","2025-01-28 01:22:15"
"yt_fv7LqOOibI8","白黒猫カメラライブ配信【にゃんたま】別府浜脇温泉","https://www.youtube.com/watch?v=fv7LqOOibI8","True","video","True","","","","みんなでちんあなご","https://www.youtube.com/channel/UCEoAel9rJb9x5S_kGOJgZig","","33.270107","131.507026","2025-01-28 00:41:12"
"yt_G8eaA8Nbt5Q","金剛山 葛城山 ライブカメラ 即時影像 🔴Osaka Mountain View Lofi Live Camera 24/7 livestreaming Japan【Haru】","https://www.youtube.com/watch?v=G8eaA8Nbt5Q","True","","True","","","","みんなでちんあなご","https://www.youtube.com/channel/UCEoAel9rJb9x5S_kGOJgZig","","34.459629","135.58216","2025-01-28 00:43:26"
"yt_ehOU962UdrU","木場公園ライブカメラ(広角) 東京江東区 [LIVE japan tokyo] 【のんびりカメラ】","https://www.youtube.com/watch?v=ehOU962UdrU","True","video","True","","","","みんなでちんあなご","https://www.youtube.com/channel/UCEoAel9rJb9x5S_kGOJgZig","","35.671136","139.806385","2025-01-28 00:40:47"
"yt_lxR5Eu9aYv8","高田馬場・神田川ライブカメラ（東京都新宿区高田馬場）【のんびりカメラ】","https://www.youtube.com/watch?v=lxR5Eu9aYv8","True","video","True","","","","みんなでちんあなご","https://www.youtube.com/channel/UCEoAel9rJb9x5S_kGOJgZig","","35.713772","139.708981","2025-01-28 00:40:52"
"yt_QgN_xlqeMr0","画面調整中/新カメラ配信【LIVE！】よつやの窓 ライブカメラ　東京 新宿 四谷 四ツ谷より","https://www.youtube.com/watch?v=QgN_xlqeMr0","True","","True","","","","よつやの窓 TOKYO YOTSUYA LIVE CAMERA Full HD","https://www.youtube.com/channel/UC6hlU0SASgVKeDNd8d_bDNw","","35.689163","139.720675","2025-01-28 02:16:38"
"yt_3-_h66Z4w4Q","【LIVE！】よつやの窓 ライブカメラ　東京 新宿 四谷 四ツ谷より","https://www.youtube.com/watch?v=3-_h66Z4w4Q","True","video","True","","","","よつやの窓 TOKYO YOTSUYA LIVE CAMERA Full HD","https://www.youtube.com/channel/UC6hlU0SASgVKeDNd8d_bDNw","","35.689041","139.720407","2025-01-28 02:16:54"
"yt_2JP6tVH-59E","【画面調整中】　【羽田新ルート】よつやの空 着陸機の様子 from よつやの窓　東京 新宿 四谷 四ツ谷より","https://www.youtube.com/watch?v=2JP6tVH-59E","True","","True","","","","よつやの窓 TOKYO YOTSUYA LIVE CAMERA Full HD","https://www.youtube.com/channel/UC6hlU0SASgVKeDNd8d_bDNw","","35.688893","139.720482","2025-01-28 02:16:33"
"yt_It-U1mjwU8s","生井桜づつみ　見守りカメラ","https://www.youtube.com/watch?v=It-U1mjwU8s","True","","True","","","","わたらせコウノトリ ライブカメラ","https://www.youtube.com/channel/UCE6ExBO-KNOLxTHl6T8E6xQ","","36.245961","139.700706","2025-01-28 02:16:39"
"yt_MFmPwQiJOfY","【高画質】24時間ライブ・ミニチュアダックスに癒されるお部屋～","https://www.youtube.com/watch?v=MFmPwQiJOfY","True","","True","","","","わんわんの一日(・ω・ )","https://www.youtube.com/channel/UC7HLoVITaXptGhlhqjGw_DA","","36.00794","139.91393","2025-01-28 00:42:13"
"yt_oqXIlFhzYgQ","【LIVE】相模湖のいま・ライブカメラ・お天気確認・相模原市・スワン丸・釣り状況 Live Camera in The Lake Sagami ,Kanagawa in Japan","https://www.youtube.com/watch?v=oqXIlFhzYgQ","True","","True","","","","アイオーサポート","https://www.youtube.com/channel/UC2gv7jCWYfZk-EiwP3bFFrg","","35.612052","139.188766","2025-01-28 00:42:55"
"yt_HnM4_vua2qg","アオカワダイビングサービス のライブ配信","https://www.youtube.com/watch?v=HnM4_vua2qg","True","video","True","","","","アオカワダイビングサービス","https://www.youtube.com/channel/UCvUBcvvQUNaD2D33TS48kqA","","26.331846","127.742896","2025-01-28 00:40:55"
"yt_lA6TaaMGgDo","【 LIVE 】東京都 新宿 24時間 ライブカメラ / 西武新宿駅 pepe前広場 交差点 （YUNIKA VISION前） Tokyo Shinjuku Live camera","https://www.youtube.com/watch?v=lA6TaaMGgDo","True","","True","","","","インフォ新宿 channel","https://www.youtube.com/channel/UC56apcbc2pLZ9xyBizbD1Dg","","35.693933","139.700707","2025-01-28 00:43:10"
"yt_3o9aoRyrvAk","ウミネコ商店（店内カメラ）","https://www.youtube.com/watch?v=3o9aoRyrvAk","True","video","True","","","","ウミネコ商店","https://www.youtube.com/channel/UCjVQqE5mViYlR1zF1yefd2g","","36.956952","140.882803","2025-01-28 00:40:57"
"yt_gnGwhHccEB0","ウミネコ商店（外カメラ１）","https://www.youtube.com/watch?v=gnGwhHccEB0","True","","True","","","","ウミネコ商店","https://www.youtube.com/channel/UCjVQqE5mViYlR1zF1yefd2g","","36.956875","140.88281","2025-01-28 00:43:33"
"yt_dwaIbliQKKw","川越駅西口ライブカメラ","https://www.youtube.com/watch?v=dwaIbliQKKw","True","video","True","鉄道","川越駅西口","","エコーステーション","https://www.youtube.com/channel/UCdoPAAWTtb11C41yGXOodLA","埼玉県さいたま市中央区新都心１番地２","","","2025-01-28 01:22:08"
"yt_gdd7-OKEYEg","AKIHABARA LIVE CAMERA","https://www.youtube.com/watch?v=gdd7-OKEYEg","True","video","True","","","","エンタス秋葉原","https://www.youtube.com/channel/UC66vJdnFJXc9RaV_g7Ogl6Q","","","","2025-01-28 01:22:13"
"other_1becbb2e19688868","エーデルワイススキーリゾート","https://edelsnow.com/live_camera.php","True","image","False","山岳","エーデルワイススキーリゾート","","エーデルワイススキーリゾート","https://edelsnow.com/live_camera.php","栃木県日光市川治温泉高原鶏頂山","36.719861","139.698204","2024-04-21 15:26:39"
"yt_CfzhK5yjV7U","オノデンch【秋葉原ライブカメラ　Akihabara live camera】","https://www.youtube.com/watch?v=CfzhK5yjV7U","True","video","True","","","","オノデンch","https://www.youtube.com/channel/UChRQpufaxclkezElsQ04VXw","","","","2025-01-28 02:16:12"
"yt_iy1ized6rkc","オリジナルメーカー海づり公園-駐車場側カメラ","https://www.youtube.com/watch?v=iy1ized6rkc","False","video","False","その他","オリジナルメーカー海づり公園","","オリジナルメーカー海釣り公園","https://www.youtube.com/channel/UCBu4K70-7LLE0bSkfg-AXCQ","千葉県市原市五井南海岸","35.497897","140.115594","2025-01-28 01:05:38"
"yt_RtvZdhM5uN0","オリジナルメーカー海づり公園-桟橋釣り場側カメラ","https://www.youtube.com/watch?v=RtvZdhM5uN0","False","video","False","海岸","オリジナルメーカー海づり公園","","オリジナルメーカー海釣り公園","https://www.youtube.com/channel/UCBu4K70-7LLE0bSkfg-AXCQ","千葉県市原市五井南海岸1-12","35.497897","140.115594","2025-01-28 01:05:38"
"yt_vs91kpippxI","オリジナルメーカー海づり公園-駐車場側カメラ","https://www.youtube.com/watch?v=vs91kpippxI","True","video","True","","","","オリジナルメーカー海釣り公園","https://www.youtube.com/channel/UCBu4K70-7LLE0bSkfg-AXCQ","","35.542388","140.060385","2025-01-28 00:40:39"
"yt_FjKBR5ndBSw","オーシャンビュー北谷町砂辺、宮城海岸 のライブ配信","https://www.youtube.com/watch?v=FjKBR5ndBSw","True","","True","","","","オーシャンビュー北谷町砂辺、宮城海岸","https://www.youtube.com/channel/UCAtWb74mSuUVyOtN2DfPfKQ","","26.328964","127.744065","2025-01-28 00:43:32"
"yt_K0ZTZsBEOFY","「沖縄ライブカメラ　live　Japan　okinawa　1/27　カオルンルン」","https://www.youtube.com/watch?v=K0ZTZsBEOFY","True","video","False","","","","カオルンルン","https://www.youtube.com/channel/UCwAPL5FFHxP3yXNI2-PaV5w","","26.417181","127.829837","2025-01-28 02:16:56"
"yt_cvGhkPaNn6E","【LIVE】関西国際空港(KIX)ライブカメラ　第1ターミナル｜ Kansai International Airport - Osaka, Japan＜カンテレNEWS＞","https://www.youtube.com/watch?v=cvGhkPaNn6E","True","video","False","","","","カンテレNEWS","https://www.youtube.com/channel/UCQhaZjODkIjuv38d-i5TVRw","","34.43553","135.242277","2025-01-28 02:16:51"
"yt_o92ljOCWgv8","キタスポネットライブ","https://www.youtube.com/watch?v=o92ljOCWgv8","True","video","True","","","","キタスポ","https://www.youtube.com/channel/UCH6474x55InVC7RonLmywgg","","37.447767","140.339171","2025-01-28 00:40:56"
"yt_7Ml8DM5AL0I","【グッぼるライブカメラ】ボルダリングジムライブ","https://www.youtube.com/watch?v=7Ml8DM5AL0I","True","","True","","","","グッぼる ボルダリングCafe","https://www.youtube.com/channel/UC5qERffAPg96HP43OPUHPTw","","35.245114","136.251484","2025-01-28 00:42:00"
"other_2305015483103b8c","庵治カメラ","https://www.cavy.co.jp/webcam/index.php?id=10","True","image","False","海岸","庵治","高松市消防団庵治分団 第2部王の下屯所","ケーブルメディア四国","https://www.cavy.co.jp/camera/","香川県高松市庵治町","34.377396","134.142566","2024-04-20 16:18:40"
"other_9f9c5d04fbbd5ca6","御坊川カメラ","https://www.cavy.co.jp/webcam/index.php?id=5","True","image","False","河川","御坊川","ロイヤルケア高松","ケーブルメディア四国","https://www.cavy.co.jp/camera/","香川県高松市福岡町四丁目28-27","34.3396895","134.06781","2024-04-20 15:49:52"
"other_7a81c0b4dfcac68b","愛染川カメラ","https://www.cavy.co.jp/camera/","True","image","False","河川","愛染川","香西ポンプ場","ケーブルメディア四国","https://www.cavy.co.jp/camera/","香川県高松市香西本町","34.351236","134.004286","2024-04-20 16:20:37"
"other_47261f5affade668","屋島東町カメラ","https://www.cavy.co.jp/webcam/index.php?id=9","True","image","False","道路","屋島東町","屋島東小学校屋上","ケーブルメディア四国","https://www.cavy.co.jp/camera/","香川県高松市屋島東町942-1","34.361222","134.109149","2024-04-20 16:17:42"
"other_221729f130c8852a","擂鉢谷川カメラ","https://www.cavy.co.jp/webcam/index.php?id=8","True","image","False","河川","擂鉢谷川","西部ポンプ場","ケーブルメディア四国","https://www.cavy.co.jp/camera/","香川県高松市瀬戸内町15-6","34.3463588","134.028799","2024-04-20 16:02:52"
"other_6ad35f2fca5ec588","高松漁港カメラ","https://www.cavy.co.jp/webcam/index.php?id=4","True","image","False","海岸","高松漁港","西部分団第2屯所","ケーブルメディア四国","https://www.cavy.co.jp/camera/","香川県高松市瀬戸内町49","34.348535","134.034463","2024-04-20 15:48:15"
"other_b8df1966b0a3dbc9","新川カメラ","https://www.cavy.co.jp/webcam/index.php?id=6","True","image","False","河川","新川","STNet","ケーブルメディア四国","https://www.cavy.co.jp/camera/","香川県高松市春日町1735-3","34.328642","134.091682","2024-04-20 15:55:42"
"other_459c471e3137f7d0","国分寺カメラ","https://www.cavy.co.jp/webcam/index.php?id=11","True","image","False","河川","国分寺","高松市立新居公民館","ケーブルメディア四国","https://www.cavy.co.jp/camera/","香川県高松市国分寺町新居1820-1","34.315284","133.966505","2024-04-20 16:20:32"
"other_d34dc8a3da16b0db","川島カメラ","https://www.cavy.co.jp/webcam/index.php?id=2","True","image","False","海岸","川島","川島小学校","ケーブルメディア四国","https://www.cavy.co.jp/camera/","香川県高松市川島東町864-1","34.266706","134.092133","2024-04-19 15:09:59"
"other_2ee7de7840f83546","亀水川カメラ","https://www.cavy.co.jp/webcam/index.php?id=7","True","image","False","河川","亀水川","旧下笠居西部保育所","ケーブルメディア四国","https://www.cavy.co.jp/camera/","香川県高松市亀水町1424-2","34.364798","133.946503","2024-04-20 16:01:37"
"yt_o2njkTvEY7s","ライブカメラ　滋賀県近江八幡市　⭐️護船観音 普陀山妙法寺","https://www.youtube.com/watch?v=o2njkTvEY7s","True","","False","","","","サイバー坊主（cyberbose）","https://www.youtube.com/channel/UCo0EM2vD-4WEHHqExyQuqGA","","35.143055","136.092981","2025-01-28 02:16:36"
"yt_4R9rbzeXto0","【LIVE】サンシャイン60通りライブカメラ：Tokyo City Live Camera ikebukuro","https://www.youtube.com/watch?v=4R9rbzeXto0","True","video","True","","","","サンシャイン60通りライブカメラ","https://www.youtube.com/channel/UCEloGRn_GCcr-I_6f5MYJPw","","","","2025-01-28 01:22:13"
"yt_z3TH-h6UtsE","部原海岸ライブカメラ（千葉県勝浦市部原）","https://www.youtube.com/watch?v=z3TH-h6UtsE","False","video","False","海岸","部原海岸","","サンセットタウン","https://www.youtube.com/channel/UCphRpVsW5x8nrZqOCHlmL3g","千葉県勝浦市部原1928-25","35.152211","140.320868","2025-01-28 01:05:42"
"yt_SQkm4hLoRb0","サンポート高松ライブカメラ","https://www.youtube.com/watch?v=SQkm4hLoRb0","True","video","True","","","","サンポート高松ライブカメラ by CMS","https://www.youtube.com/channel/UC1AgIHd5nsX5oYXZLdcYB8Q","","34.352543","134.047043","2025-01-28 00:40:03"
"yt_0avlmh_aUdY","【ライブ配信中】シャルマン火打スキー場 センターハウス前","https://www.youtube.com/watch?v=0avlmh_aUdY","True","","True","","","","シャルマン火打スキー場","https://www.youtube.com/channel/UCjqfz_0iIpGacQFcHhf3KUw","","37.002623","138.069933","2025-01-28 00:42:05"
"yt_cElpVZpu1wI","北海道士幌町のライブカメラ Shihoro town, Hokkaido, Japan","https://www.youtube.com/watch?v=cElpVZpu1wI","True","","True","","","","ジャガイモンプロジェクト 【北海道士幌町】","https://www.youtube.com/channel/UCpp9pwi4t0rKWoGvKZaAESA","","43.169666","143.24639","2025-01-28 00:42:52"
"yt_FdtF_K9oJjI","三宝港ライブカメラ","https://www.youtube.com/watch?v=FdtF_K9oJjI","True","","True","","","","ストリーミングアカウント","https://www.youtube.com/channel/UCA0JLMcalIWrwEOv1mgevsw","","32.447734","139.75923","2025-01-28 00:43:18"
"yt_0-i3bhfI88M","ソラランド平尾台（平尾台自然の郷）　ライブカメラ","https://www.youtube.com/watch?v=0-i3bhfI88M","True","video","True","","","","ソラランド平尾台・平尾台自然の郷","https://www.youtube.com/channel/UCoEA9FbLqKDvqWscafOdkQQ","","33.758862","130.889669","2025-01-28 02:16:54"
"yt_hgy6ct46BnI","川根本町 千頭駅周辺の街並み #Kawane Live Camera","https://www.youtube.com/watch?v=hgy6ct46BnI","True","video","True","","","","ゾーホージャパン株式会社","https://www.youtube.com/channel/UCPTipVEcJF8-28st0kSVlqg","","35.110461","138.1395","2025-01-28 00:41:26"
"yt_-LxeC1RhMrU","JR長野駅LIVEカメラ（Nagano Station Live Cam）INC長野ケーブルテレビ","https://www.youtube.com/watch?v=-LxeC1RhMrU","True","video","True","","","","チャンネルINC長野 【公式】","https://www.youtube.com/channel/UCy9ww22FuUlXd0c6B8INJVQ","","","","2025-01-28 01:22:11"
"yt_HvJdPF46kak","善光寺LIVEカメラ（Zenkoji Live Cam)　INC長野ケーブルテレビ","https://www.youtube.com/watch?v=HvJdPF46kak","True","video","True","その他","善光寺","","チャンネルINC長野 【公式】","https://www.youtube.com/channel/UCy9ww22FuUlXd0c6B8INJVQ","長野県飯田市東新町１丁目","","","2025-01-28 02:16:17"
"yt_ZAwOiSKL4Xc","【ライブカメラ】富山市内（タワー111屋上情報カメラ）チューリップテレビ","https://www.youtube.com/watch?v=ZAwOiSKL4Xc","True","video","True","","","","チューリップテレビ","https://www.youtube.com/channel/UCk4bgav5X0rlbGefFnPcuoQ","","36.703344","137.216319","2025-01-28 00:41:25"
"yt_rWO9PXZwahM","【ライブカメラ】北アルプス立山室堂（富山県）チューリップテレビ","https://www.youtube.com/watch?v=rWO9PXZwahM","True","video","True","","","","チューリップテレビ","https://www.youtube.com/channel/UCk4bgav5X0rlbGefFnPcuoQ","","36.5778","137.600863","2025-01-28 00:41:57"
"yt_vdk6lGhAdGQ","【LIVE】24時間 東京 有明 お天気カメラ 24h Teikei Live Weather Camera Tokyo Ariake【テイケイ臨海基地カメラ】","https://www.youtube.com/watch?v=vdk6lGhAdGQ","True","video","True","","","","テイケイ公式チャンネル","https://www.youtube.com/channel/UCuv7xqb-jo3HEFMIVLTY_CA","","35.636976","139.801782","2025-01-28 00:40:36"
"yt_jg5PrMOrTyE","【LIVE：４K】24H 東京 新宿 五丁目 交差点 ライブカメラ  Tokyo Shinjuku Kabukicho  Live Camera【テイケイ屋上カメラ】#靖国通り　#明治通り　#歌舞伎町","https://www.youtube.com/watch?v=jg5PrMOrTyE","True","video","True","","","","テイケイ公式チャンネル","https://www.youtube.com/channel/UCuv7xqb-jo3HEFMIVLTY_CA","","35.692593","139.705174","2025-01-28 02:16:50"
"yt_ErHJBXTmm2Q","【24ｈLIVE】東京 新宿 歌舞伎町 交差点 ライブカメラ  / Tokyo  Shinjuku Kabukicho Live Camera【テイケイ屋上カメラ】　#靖国通り #４K #歌舞伎町","https://www.youtube.com/watch?v=ErHJBXTmm2Q","True","video","True","","","","テイケイ公式チャンネル","https://www.youtube.com/channel/UCuv7xqb-jo3HEFMIVLTY_CA","","35.693584","139.701605","2025-01-28 02:16:48"
"yt_6bPfX9m7wVU","【ライブカメラ移転のお知らせ】【LIVE】24時間　東京　新宿　歌舞伎町交差点　ライブカメラ / 24h Tokyo　Shinjuku　Kabukicho Live Camera【テイケイ屋上カメラ】","https://www.youtube.com/watch?v=6bPfX9m7wVU","False","video","False","道路","新宿区歌舞伎町交差点","テイケイ本社ビル屋上","テイケイ公式チャンネル","https://www.youtube.com/channel/UCuv7xqb-jo3HEFMIVLTY_CA","東京都新宿区歌舞伎町一丁目1-16 新宿ビル テイケイトレード","35.689568","139.691717","2025-01-28 02:17:02"
"yt_qGfEWU4iKjI","【LIVE】24時間 東京 新宿五丁目・新宿五丁目東交差点 ライブカメラ 24h Tokyo Shinjuku Kabukicho Live Camera【テイケイ屋上カメラ】 - YouTube","https://www.youtube.com/watch?v=qGfEWU4iKjI","False","video","False","道路","新宿五丁目東交差点","","テイケイ公式チャンネル - YouTube","https://www.youtube.com/@Teikei_Official","東京都新宿区新宿五丁目17","35.689568","139.691717","2024-04-21 15:08:40"
"yt_EkH8SihBx9E","テレＱ ライブ配信（福岡・博多港／たまに大博通）　※緊急時には映像を切り替え随時情報をお届けします。","https://www.youtube.com/watch?v=EkH8SihBx9E","True","video","True","道路","博多港","","テレQ7ch","https://www.youtube.com/channel/UCtByHAMKJuA_zjJ7m3nE1_w","","","","2025-01-28 02:16:17"
"yt_YqEGHV7hO9M","愛宕山ライブカメラ（福島県伊達市　テレビだて）","https://www.youtube.com/watch?v=YqEGHV7hO9M","True","video","True","","","","テレビだて","https://www.youtube.com/channel/UCUqW4nheMQ6v-phLA8lfBRw","","","","2025-01-28 02:16:14"
"yt_40xoFJ5va_I","テレビ岩手おてんきＬＩＶＥ","https://www.youtube.com/watch?v=40xoFJ5va_I","True","video","True","","","","テレビ岩手TVIニュースチャンネル","https://www.youtube.com/channel/UC7qQJi_WE9yNhA48kP6TT0Q","","","","2025-01-28 01:22:11"
"yt_ZgMFLDWgbBo","愛南町ライブカメラ【EBC】","https://www.youtube.com/watch?v=ZgMFLDWgbBo","True","","True","","","","テレビ愛媛【公式】","https://www.youtube.com/channel/UCSzVAEFIewUsDHFEkcdyw1w","","32.972625","132.553713","2025-01-28 00:42:54"
"yt_OV0JEv6C2QQ","しまなみライブカメラ【EBC】","https://www.youtube.com/watch?v=OV0JEv6C2QQ","True","","True","","","","テレビ愛媛【公式】","https://www.youtube.com/channel/UCSzVAEFIewUsDHFEkcdyw1w","","34.114075","132.977823","2025-01-28 00:43:29"
"yt_L9OqeSJgzKA","松山空港ライブカメラ【EBC】","https://www.youtube.com/watch?v=L9OqeSJgzKA","True","","True","","","","テレビ愛媛【公式】","https://www.youtube.com/channel/UCSzVAEFIewUsDHFEkcdyw1w","","33.828744","132.704605","2025-01-28 00:42:22"
"yt_aJcTvBuj5AA","宇和島市ライブカメラ【EBC】","https://www.youtube.com/watch?v=aJcTvBuj5AA","True","video","True","","","","テレビ愛媛【公式】","https://www.youtube.com/channel/UCSzVAEFIewUsDHFEkcdyw1w","","33.221235","132.558045","2025-01-28 00:41:47"
"yt_VHDoBkS32gw","Yokohama Live Cam 横浜定点ライブカメラ テレビ神奈川屋上","https://www.youtube.com/watch?v=VHDoBkS32gw","True","","True","","","","テレビ神奈川 tvk3ch","https://www.youtube.com/channel/UCtDEkfJlNHq_ONjQnsX5YeA","","35.447326","139.638833","2025-01-28 00:43:21"
"yt_mY4Uem3g5Mg","テレビ富士山（Mt.Fuji）","https://www.youtube.com/watch?v=mY4Uem3g5Mg","True","video","True","","","","テレビ神奈川 tvk3ch","https://www.youtube.com/channel/UCtDEkfJlNHq_ONjQnsX5YeA","","35.383768","139.050757","2025-01-28 00:41:40"
"yt_n5Az6qB72_Y","【LIVE】久屋大通公園（名古屋市中区）ライブカメラ/Livecam HISAYA ODORI PARK in Nagoya Japan","https://www.youtube.com/watch?v=n5Az6qB72_Y","True","video","True","","","","トリニティーライブ","https://www.youtube.com/channel/UCHoJiBhfhNVyFcennfJr7Yg","","35.17636","136.907933","2025-01-28 00:41:54"
"yt_kHJ1Yk-LBpY","【ライブカメラ】ライブカメラ生中継／千葉県松戸市新坂川桜並木／2025年1月27日【桜並木・流鉄流山線リアルタイム配信・機材試験放送】","https://www.youtube.com/watch?v=kHJ1Yk-LBpY","True","video","False","","","","トレインタイムス","https://www.youtube.com/channel/UCr5v0BgqbYFoNBA3XN5PMJg","","35.814931","139.918249","2025-01-28 00:41:38"
"yt_oB1a94nu88w","ナンスポネットライブ","https://www.youtube.com/watch?v=oB1a94nu88w","True","","True","","","","ナンスポ","https://www.youtube.com/channel/UCQSbLDqGt9MD7jP01gf3udw","","37.358585","140.333498","2025-01-28 00:42:05"
"other_9504161ca994d13b","ニセコアンヌプリ国際スキー場","https://annupuri.info/live/cam-1.jpg","True","image","False","山岳","ニセコアンヌプリ国際スキー場","","ニセコユナイテッド","https://www.niseko.ne.jp/ja/livecamera/","北海道虻田郡ニセコ町字ニセコ485","42.805036","140.68801","2024-04-21 13:52:12"
"yt_WDLbFgfPGOI","Niseko View Plaza ライブカメラ","https://www.youtube.com/watch?v=WDLbFgfPGOI","False","video","False","山岳","","道の駅ニセコビュープラザ","ニセコリゾート観光協会","https://www.youtube.com/channel/UCSXTeuRwSFCPHyh2DExLrww","北海道虻田郡ニセコ町字元町77-10","42.805036","140.68801","2025-01-28 01:05:35"
"other_8ea114c2d11e9e9c","【北海道最西端】奥尻島ライブカメラ＠ヒラキスポーツ【鍋釣岩】 - YouTube","","True","video","True","海岸","鍋釣岩","","ニッチワークス DIY - YouTube","https://www.youtube.com/@muradenX/streams","北海道奥尻郡奥尻町字奥尻","42.170699","139.491111","2024-04-15 18:16:13"
"yt_VyT694OcIHM","備瀬からの伊江島タッチューと海と空","https://www.youtube.com/watch?v=VyT694OcIHM","True","video","True","","","","ニルヤカナヤBISE","https://www.youtube.com/channel/UCa-m_22VEF-ehvxNmici1OQ","","26.701221","127.879663","2025-01-28 00:41:41"
"yt_nRFeEqrVe8A","房総クラブハウス ライブカメラ1","https://www.youtube.com/watch?v=nRFeEqrVe8A","True","video","True","","","","ネットワークカメラライブ","https://www.youtube.com/channel/UCU1Mm0OgSrbhU0U3DNanOTg","","35.157053","139.818685","2025-01-28 00:41:01"
"yt__IegwToRnFw","BEACH TERRACE KUSHIMOTO ライブ","https://www.youtube.com/watch?v=_IegwToRnFw","True","","True","","","","ネットワークカメラライブ","https://www.youtube.com/channel/UCU1Mm0OgSrbhU0U3DNanOTg","","33.505596","135.63966","2025-01-28 00:42:13"
"yt_mv3uiQs2_RA","房総クラブハウス ライブカメラ2","https://www.youtube.com/watch?v=mv3uiQs2_RA","True","video","True","","","","ネットワークカメラライブ","https://www.youtube.com/channel/UCU1Mm0OgSrbhU0U3DNanOTg","","35.157053","139.818685","2025-01-28 00:41:20"
"other_544cdc8e32b123da","ノルン水上スキー場ライブカメラ","https://www.norn.co.jp/livecamera/index.html","True","image","False","山岳","ノルン水上スキー場","","ノルン水上スキー場","https://www.norn.co.jp/","群馬県利根郡みなかみ町寺間479-139","36.67865","138.999055","2024-04-21 14:06:16"
"yt_xRWRwu7rC1E","山川・根占航路フェリーなんきゅう　根占港","https://www.youtube.com/watch?v=xRWRwu7rC1E","True","video","True","","","","フェリーなんきゅう　根占営業所","https://www.youtube.com/channel/UCFeyikwUUUs0ZpymtAF17ww","","31.216063","130.762945","2025-01-28 02:16:40"
"yt_jBPc3TGZin8","十国峠ライブカメラ（駿河湾ビュー）Live from Hakone-Jukkoku Pass","https://www.youtube.com/watch?v=jBPc3TGZin8","True","","True","","","","フジヤマNAVI","https://www.youtube.com/channel/UCwzJctz6m-0wG_evkheecZA","","35.128583","139.043226","2025-01-28 00:43:28"
"yt_wY19h-e-8hM","「箱根遊船 SORAKAZE」ライブカメラ  / Live camera ”SORAKAZE”(Hakone Cruise Ship)","https://www.youtube.com/watch?v=wY19h-e-8hM","True","video","True","海岸","箱根芦ノ湖遊覧船 箱根関所跡港","","フジヤマNAVI","https://www.youtube.com/channel/UCwzJctz6m-0wG_evkheecZA","長野県上伊那郡箕輪町東箕輪","","","2025-01-28 02:16:18"
"yt_Sv9hcJ3k5h4","【4K】富士山ライブカメラ / 4K Live Camera Mt.FUJI　～河口湖～富士山パノラマロープウェイ","https://www.youtube.com/watch?v=Sv9hcJ3k5h4","True","video","True","","","","フジヤマNAVI","https://www.youtube.com/channel/UCwzJctz6m-0wG_evkheecZA","","","","2025-01-28 02:16:11"
"yt_4Hro9QIrsYA","十国峠ライブカメラ（富士山ビュー） / Live Camera Jukkoku（view of Mt.Fuji）","https://www.youtube.com/watch?v=4Hro9QIrsYA","True","","True","","","","フジヤマNAVI","https://www.youtube.com/channel/UCwzJctz6m-0wG_evkheecZA","","35.127197","139.03947","2025-01-28 00:42:00"
"yt_0KMeH_vh0Bk","FUJISAN ROOFTOP TERRACE 富士山駅屋上ライブカメラ／“FUJISAN ROOFTOP TERRACE”,Fujikyu Railway Mt.Fuji Station","https://www.youtube.com/watch?v=0KMeH_vh0Bk","True","video","True","","","","フジヤマNAVI","https://www.youtube.com/channel/UCwzJctz6m-0wG_evkheecZA","","35.483506","138.795998","2025-01-28 00:41:11"
"yt_MwoN-Ww8o10","ピーターラビット™イングリッシュガーデン（富士芝桜まつり）ライブカメラ / Live Camera English Garden（Fuji Shibazakura Festival）","https://www.youtube.com/watch?v=MwoN-Ww8o10","True","video","True","","","","フジヤマNAVI","https://www.youtube.com/channel/UCwzJctz6m-0wG_evkheecZA","","35.442374","138.603023","2025-01-28 00:41:38"
"yt__6nLps25Kws","FUJIYAMAタワーライブカメラ／Live stream of Mt.Fuji from ""FUJIYAMA TOWER"" , Fuji-Q Highland","https://www.youtube.com/watch?v=_6nLps25Kws","True","video","True","","","","フジヤマNAVI","https://www.youtube.com/channel/UCwzJctz6m-0wG_evkheecZA","","35.485302","138.775926","2025-01-28 00:41:33"
"yt_Gn2CJjzY068","ホテルマウント富士ライブカメラ/Live Camera Hotel Mt.fuji","https://www.youtube.com/watch?v=Gn2CJjzY068","True","","True","","","","フジヤマNAVI","https://www.youtube.com/channel/UCwzJctz6m-0wG_evkheecZA","","35.434395","138.855018","2025-01-28 00:42:44"
"yt_nh0TUmU-Sko","忍野しのびの里ライブカメラ／Live stream of Mt.Fuji from ""Oshino Ninja Village""","https://www.youtube.com/watch?v=nh0TUmU-Sko","True","","True","","","","フジヤマNAVI","https://www.youtube.com/channel/UCwzJctz6m-0wG_evkheecZA","","35.456743","138.81807","2025-01-28 00:42:53"
"yt_aBZuUW12lGM","【フリー動画】さいたま市鉄道ライブカメラ（JR上野東京ライン・京浜東北線・湘南新宿ライン・東北本線の運行情報）・Saitama City, Japan, Railway Live Camera","https://www.youtube.com/watch?v=aBZuUW12lGM","False","","False","","","","フリー動画集・自由にダウンロードして商用利用可能","https://www.youtube.com/channel/UCtf0x3AATj7_5_ZXojdcW7g","","35.882356","139.640406","2025-01-28 00:43:31"
"yt_uHuFCWkbJtI","山中湖マウントライブ力メラ","https://www.youtube.com/watch?v=uHuFCWkbJtI","True","video","True","","","","マウントライブ","https://www.youtube.com/channel/UCyOxM5hcMR1wO_pgRIs11nQ","","","","2025-01-28 01:22:14"
"yt_PcCg30tb25c","ミヤギテレビ情報カメラ・仙台マークワン屋上","https://www.youtube.com/watch?v=PcCg30tb25c","False","video","False","鉄道","仙台駅","","ミヤテレ【公式】チャンネル","https://www.youtube.com/channel/UCKYimk34K4xqApVYTKg6sow","宮城県仙台市青葉区中央一丁目2-3","38.261702","140.881942","2025-01-28 01:05:35"
"yt_WGqgpMkGS-c","ミュージアム星と自然 のライブ配信","https://www.youtube.com/watch?v=WGqgpMkGS-c","True","video","True","","","","ミュージアム星と自然","https://www.youtube.com/channel/UCiobklqszPIVm_vUGLY5Gzg","","34.410793","135.678813","2025-01-28 00:40:55"
"other_07faa9f73b881ed8","赤倉観光リゾートスキー場｜ライブカメラ詳細｜上越妙高タウン情報","https://www.joetsu.ne.jp/livecamera-detail?cid=59","True","image","False","山岳","赤倉観光リゾートスキー場","","ライブカメラ | 上越妙高タウン情報","https://www.joetsu.ne.jp/livecamera","新潟県妙高市田切216","37.025265","138.253485","2024-04-22 11:44:55"
"yt_7xyUfh0hpe0","山形ライブカメラ","https://www.youtube.com/watch?v=7xyUfh0hpe0","True","video","True","","","","ライブカメラ山形","https://www.youtube.com/channel/UCOnMCC5xCxGNKnFsT7hASIQ","","","","2025-01-28 01:22:11"
"yt_W7W4s01-EyQ","相模原ライブカメラ","https://www.youtube.com/watch?v=W7W4s01-EyQ","True","video","True","","","","ライブカメラ相模原","https://www.youtube.com/channel/UCUoprQSgJGmhPa5BPYO0JNQ","","35.571436","139.373204","2025-01-28 00:41:49"
"yt_RFAby-vdhF0","【4K LIVE】東京立川ライブカメラ 空に星と雲 遥かな富士山","https://www.youtube.com/watch?v=RFAby-vdhF0","False","video","False","その他","立川市","","ライブカメラ見ませんか 【 Shingenn しんげん 】","https://www.youtube.com/channel/UCudZb3TjSjDk3NDCKnuipeQ","東京都立川市","35.713981","139.407846","2024-07-25 20:57:46"
"yt_Y6bzZY24c8I","【4K  LIVE】雨の島 山と空と雲 いまの屋久島 永田岳","https://www.youtube.com/watch?v=Y6bzZY24c8I","False","video","False","山岳","永田岳","","ライブカメラ見ませんか 【 Shingenn しんげん 】","https://www.youtube.com/channel/UCudZb3TjSjDk3NDCKnuipeQ","鹿児島県熊毛郡屋久島町永田","31.560185","130.558141","2025-01-28 02:17:01"
"yt_Ze5hmJcooGw","【HD LIVE】雨の島 田んぼと空と雲 いまの屋久島 小動物や蟲や蛙の声","https://www.youtube.com/watch?v=Ze5hmJcooGw","False","video","False","山岳","屋久島","","ライブカメラ見ませんか 【 Shingenn しんげん 】","https://www.youtube.com/channel/UCudZb3TjSjDk3NDCKnuipeQ","鹿児島県熊毛郡屋久島町永田","31.560185","130.558141","2024-07-25 20:57:50"
"yt_9Ja1tTW6pXA","【4K LIVE】東京立川ライブカメラ 空に星と雲 遥かな富士山","https://www.youtube.com/watch?v=9Ja1tTW6pXA","True","video","True","","","","ライブカメラ見ませんか 【 Shingenn しんげん 】","https://www.youtube.com/channel/UCudZb3TjSjDk3NDCKnuipeQ","","35.710272","139.417869","2025-01-28 00:40:18"
"yt_c98j1DkF4hs","【4K  LIVE】雨の島 山と空と雲 いまの屋久島 永田岳","https://www.youtube.com/watch?v=c98j1DkF4hs","True","video","True","","","","ライブカメラ見ませんか 【 Shingenn しんげん 】","https://www.youtube.com/channel/UCudZb3TjSjDk3NDCKnuipeQ","","30.394736","130.427832","2025-01-28 02:17:00"
"yt_XFLrswaUMqs","【LIVE】大阪 道頓堀 ライブカメラ　osaka Dotonbori LiveCamera","https://www.youtube.com/watch?v=XFLrswaUMqs","True","video","True","観光","大阪 道頓堀 ","","ラジカルビデオジョッキー RVJJP","https://www.youtube.com/channel/UCQ2mmGKtrBp6rL8tSMJCCwA","京都府京都市下京区東塩小路町９０１","","","2025-01-28 02:16:16"
"yt_Il2iG5Axehc","【テスト配信】道頓堀ライブカメラ ２","https://www.youtube.com/watch?v=Il2iG5Axehc","True","video","True","","","","ラジカルビデオジョッキー RVJJP","https://www.youtube.com/channel/UCQ2mmGKtrBp6rL8tSMJCCwA","","34.668842","135.501175","2025-01-28 00:40:48"
"yt_DYZNt9R5szY","高知県いの町にこ淵　ライブカメラ","https://www.youtube.com/watch?v=DYZNt9R5szY","True","video","True","河川","にこ淵","","一般社団法人いの町観光協会","https://www.youtube.com/channel/UC0NG-mY688Tl5Kp5vqyw6Vg","","","","2025-01-28 02:17:01"
"yt_pj8r6m24lh8","駿河湾フェリー土肥営業所","https://www.youtube.com/watch?v=pj8r6m24lh8","True","","True","","","","一般社団法人ふじさん駿河湾フェリー","https://www.youtube.com/channel/UCQnSuJ_aYt4XRlvBnL4ak4Q","","35.009443","138.497133","2025-01-28 00:43:30"
"yt_idBYB60Tmy4","駿河湾フェリー日の出営業所","https://www.youtube.com/watch?v=idBYB60Tmy4","True","video","True","","","","一般社団法人ふじさん駿河湾フェリー","https://www.youtube.com/channel/UCQnSuJ_aYt4XRlvBnL4ak4Q","","35.009544","138.497126","2025-01-28 00:41:35"
"yt_RedTv9eu_F8","【LIVE】七尾城山展望台ライブカメラ - YouTube","https://www.youtube.com/watch?v=RedTv9eu_F8","False","video","False","海岸","石川県七尾市","七尾城山展望台","七尾市公式YouTubeチャンネルNanao_city - YouTube","https://www.youtube.com/@nanaocity","石川県七尾市古城町","37.013729","136.978955","2025-01-28 01:05:29"
"yt_jsfnM9EZ1iw","【LIVE】東京都台東区　大関横丁交差点(三ノ輪駅前)　ライブカメラ　Japan Tokyo Live Camera","https://www.youtube.com/watch?v=jsfnM9EZ1iw","True","video","True","","","","三ノ輪駅前ライブカメラ","https://www.youtube.com/channel/UC8HLYEGSvHBroUqZMcGaSHg","","35.729701","139.791873","2025-01-28 02:16:58"
"yt_Dv3mERtnSvU","24時間LIVE  野生動物カメラ 【チャット雑談大歓迎】","https://www.youtube.com/watch?v=Dv3mERtnSvU","True","","True","","","","三重青山高原 野鳥と自然音LIVE","https://www.youtube.com/channel/UC6ZP75zLeI-XBT8u_Vi-1Mg","","34.654466","136.267271","2025-01-28 02:16:26"
"yt_JTvxuK5N1Kg","LiveBird  24時間LIVE 　ベランダ野鳥カメラ【チャット雑談大歓迎】","https://www.youtube.com/watch?v=JTvxuK5N1Kg","True","video","True","","","","三重青山高原 野鳥と自然音LIVE","https://www.youtube.com/channel/UC6ZP75zLeI-XBT8u_Vi-1Mg","","34.654416","136.267245","2025-01-28 02:16:58"
"yt_H07HsOliJZo","【Live camera🔴】草津駅周辺の列車と夜景をライブでリアルタイムチェック　#ライブカメラ#草津駅#琵琶湖#滋賀県","https://www.youtube.com/watch?v=H07HsOliJZo","True","","True","","","","上梨けい チャンネル","https://www.youtube.com/channel/UC6lmF6p8HDwPkI5PG1YO0Ng","","35.021959","135.961225","2025-01-28 02:16:29"
"yt_J7sBLE_8LEg","上野学園ホール情報カメラ【本川 北大橋側】","https://www.youtube.com/watch?v=J7sBLE_8LEg","True","video","False","","","","上野学園ホール（広島県立文化芸術ホール）公式","https://www.youtube.com/channel/UCvsp21TYixwg_vbejtBh-Pg","","34.412827","132.462871","2025-01-28 00:41:26"
"yt_ZAyzpLs0l4E","上野学園ホール情報カメラ【白島駅側】","https://www.youtube.com/watch?v=ZAyzpLs0l4E","True","video","False","道路","上野学園ホール(白島駅側)","","上野学園ホール（広島県立文化芸術ホール）公式","https://www.youtube.com/channel/UCvsp21TYixwg_vbejtBh-Pg","","","","2024-04-23 22:24:02"
"other_7734d154770f1e03","ライブカメラ ｜ 上高地西糸屋山荘オフィシャルページ","https://www.nishiitoya.com/camera/","True","image","True","山岳","","上高地西糸屋山荘","上高地西糸屋山荘オフィシャルページ","https://www.nishiitoya.com/","長野県松本市安曇上高地4469-1","36.221169","137.686649","2024-04-22 11:47:42"
"yt_iKwRSfh12TU","【ライブ配信】名古屋駅　Nagoya Station , Japan　#中京テレビLIVE","https://www.youtube.com/watch?v=iKwRSfh12TU","True","video","False","","","","中京テレビNEWS","https://www.youtube.com/channel/UCxiRdfyH0FtFCRZTRfRsdsA","","35.161204","136.884679","2025-01-28 02:16:41"
"yt_gJRpxFM6cKQ","【ライブ配信】名神高速・岐阜羽島IC付近　#ライブカメラ #ライブ配信中","https://www.youtube.com/watch?v=gJRpxFM6cKQ","True","video","False","","","","中京テレビNEWS","https://www.youtube.com/channel/UCxiRdfyH0FtFCRZTRfRsdsA","","","","2025-01-28 02:16:16"
"yt_IUR0p7cI9j0","【ライブ配信】中部国際空港（セントレア）・国際線（CHUBU CENTRAIR International Airport）#空港 #LIVEカメラ #中京テレビLIVE","https://www.youtube.com/watch?v=IUR0p7cI9j0","True","","True","","","","中京テレビNEWS","https://www.youtube.com/channel/UCxiRdfyH0FtFCRZTRfRsdsA","","34.859595","136.810085","2025-01-28 00:41:57"
"yt_ojy5Nakm8BA","JR中条駅（胎内市）中条駅観光交流室 の情報ライブカメラ Nakajo Station Live Camera　羽越本線　Liveカメラ【FHDカメラ】鉄道ライブカメラ","https://www.youtube.com/watch?v=ojy5Nakm8BA","True","video","True","","","","中条駅観光交流室","https://www.youtube.com/channel/UCAaw-OnuKB5FTpBkM0xUZ4Q","","38.050147","139.397929","2025-01-28 02:17:00"
"yt_ksIQOYLpGyo","JR中条駅（胎内市）中条駅観光交流室 の情報ライブカメラ【西口タクシー乗場】状況確認Liveカメラ『配信テスト中』","https://www.youtube.com/watch?v=ksIQOYLpGyo","True","video","False","","","","中条駅観光交流室","https://www.youtube.com/channel/UCAaw-OnuKB5FTpBkM0xUZ4Q","","38.049917","139.398264","2025-01-28 00:40:30"
"yt_C2ujGVn7xok","【LIVE CAMERA】付知峡・不動公園駐車場　ライブカメラ","https://www.youtube.com/watch?v=C2ujGVn7xok","True","video","True","","","","中津川市観光局","https://www.youtube.com/channel/UCayPdTOk9BFT4iwkwZOiDpw","","","","2025-01-28 02:16:09"
"yt_j-ieZ34xfC4","クジャクのライブカメラ","https://www.youtube.com/watch?v=j-ieZ34xfC4","True","","True","","","","久留米市鳥類センター","https://www.youtube.com/channel/UC2ghkdmPNsVLCWNZNM9Tutw","","33.320343","130.528158","2025-01-28 00:42:40"
"yt_wBF1gyzZTcE","【試験配信中】九州地方整備局　五ヶ瀬川映像【Live動画】","https://www.youtube.com/watch?v=wBF1gyzZTcE","True","","True","","","","五ヶ瀬川・国土交通省九州地方整備局水災害予報センター・延岡河川国道事務所","https://www.youtube.com/channel/UCA0fKXM0CJ5dcQosR8pyxRQ","","32.583286","131.675963","2025-01-28 02:16:26"
"yt_Iv2VUE_UhRQ","[4K] 上高地河童橋ライブカメラ KAMIKOCHI KAPPA-BASHI LIVE CAMERA","https://www.youtube.com/watch?v=Iv2VUE_UhRQ","True","","True","","","","五千尺ホテル上高地","https://www.youtube.com/channel/UCVUyX8T-vYwJYraM6957r9Q","","36.248752","137.637931","2025-01-28 00:42:31"
"yt_rTbXGPOAgEs","【LIVE】首都高 都心環状線 呉服橋JCT付近 ライブカメラ/Tokyo highway Live Camera    2025/01/27 10:20～","https://www.youtube.com/watch?v=rTbXGPOAgEs","True","video","False","","","","交通情報ライブカメラCH","https://www.youtube.com/channel/UCawcG-FdPCNSu_JGIAZH0OQ","","35.684834","139.77096","2025-01-28 02:16:50"
"yt_QHjFa25uruI","【LIVE】首都高 1号羽田線 浜崎橋JCT ライブカメラ/Tokyo highway Live Camera  2025/01/27 10:20～","https://www.youtube.com/watch?v=QHjFa25uruI","True","","False","","","","交通情報ライブカメラCH","https://www.youtube.com/channel/UCawcG-FdPCNSu_JGIAZH0OQ","","35.650299","139.758685","2025-01-28 02:16:19"
"yt_D1BQj3Kkhvg","【LIVE】首都高 高速湾岸線 葛西付近・有明方向 ライブカメラ/Tokyo highway Live Camera   2025/01/27 10:20～","https://www.youtube.com/watch?v=D1BQj3Kkhvg","True","","False","","","","交通情報ライブカメラCH","https://www.youtube.com/channel/UCawcG-FdPCNSu_JGIAZH0OQ","","35.646263","139.857866","2025-01-28 02:16:19"
"yt_pg40iyGL6e0","【LIVE】首都高 都心環状線 竹橋JCT付近 ライブカメラ/Tokyo highway Live Camera　 2025/01/27 10:20～","https://www.youtube.com/watch?v=pg40iyGL6e0","True","","False","","","","交通情報ライブカメラCH","https://www.youtube.com/channel/UCawcG-FdPCNSu_JGIAZH0OQ","","35.692934","139.756038","2025-01-28 02:16:19"
"yt_iqnXIF7N_co","【LIVE】首都高 都心環状線 宝町付近 ライブカメラ/Tokyo highway Live Camera　 2025/01/27 10:20～","https://www.youtube.com/watch?v=iqnXIF7N_co","True","","False","","","","交通情報ライブカメラCH","https://www.youtube.com/channel/UCawcG-FdPCNSu_JGIAZH0OQ","","35.678776","139.775229","2025-01-28 02:16:19"
"yt_T8FR4SB9pzQ","京都 お天気ライブカメラ  (World heritage site) Kyoto Live Webcam","https://www.youtube.com/watch?v=T8FR4SB9pzQ","True","video","True","観光","京都東山","","京都 お天気ライブカメラ Kyoto Live Webcam","https://www.youtube.com/channel/UCjPBI3613W2r5R0_QH0_rZQ","京都府京都市東山区","35.021279","135.755635","2025-01-28 02:17:03"
"yt_ldO0Eqoomms","【LIVE】大覚寺（京都市観光協会公式）／Daikakuji Temple, Kyoto Live camera","https://www.youtube.com/watch?v=ldO0Eqoomms","True","","False","","","","京都市観光協会Kyoto City Tourism Association","https://www.youtube.com/channel/UCFyohCp_Vx6WC82DiJ0l88w","","35.023441","135.674307","2025-01-28 00:42:55"
"yt_S6IkZhhwG4A","【LIVE】京都  哲学の道ライブカメラ（京都市観光協会公式）／The Philosopher’s Path, Kyoto Live camera","https://www.youtube.com/watch?v=S6IkZhhwG4A","True","video","False","","","","京都市観光協会Kyoto City Tourism Association","https://www.youtube.com/channel/UCFyohCp_Vx6WC82DiJ0l88w","","35.026928","135.795311","2025-01-28 02:16:57"
"yt_CO_ZjH6N7RE","【LIVE】京都駅八条口タクシー乗り場ライブ中継カメラ（京都市観光協会公式）／Kyoto Station Hachijo Taxi Staiotn, Kyoto Live camera","https://www.youtube.com/watch?v=CO_ZjH6N7RE","True","","False","","","","京都市観光協会Kyoto City Tourism Association","https://www.youtube.com/channel/UCFyohCp_Vx6WC82DiJ0l88w","","34.984178","135.760648","2025-01-28 00:43:12"
"yt_wuC8wRvXock","【LIVE】京都 錦市場ライブ中継カメラ（京都市観光協会公式）／Nishiki Market, Kyoto Live camera","https://www.youtube.com/watch?v=wuC8wRvXock","True","","False","","","","京都市観光協会Kyoto City Tourism Association","https://www.youtube.com/channel/UCFyohCp_Vx6WC82DiJ0l88w","","35.005024","135.764879","2025-01-28 00:43:17"
"yt_4Za-6AXfu4w","【LIVE】清凉寺 嵯峨釈迦堂（京都市観光協会公式）／Seiryoji Temple(Saga Shaka-do) Kyoto Live camera","https://www.youtube.com/watch?v=4Za-6AXfu4w","True","video","False","","","","京都市観光協会Kyoto City Tourism Association","https://www.youtube.com/channel/UCFyohCp_Vx6WC82DiJ0l88w","","35.02788","135.678378","2025-01-28 00:41:29"
"yt_jqtsC5BYlIk","【LIVE】京都 嵯峨嵐山 渡月橋北詰ライブ中継カメラ（京都市観光協会公式）／Saga Arashiyama, Kyoto Live camera","https://www.youtube.com/watch?v=jqtsC5BYlIk","True","","False","","","","京都市観光協会Kyoto City Tourism Association","https://www.youtube.com/channel/UCFyohCp_Vx6WC82DiJ0l88w","","35.013764","135.677813","2025-01-28 00:42:45"
"yt_PXg3ZXgMkGk","【LIVE】花見小路（京都市観光協会公式）／Hanamikoji Street, Kyoto Live camera","https://www.youtube.com/watch?v=PXg3ZXgMkGk","True","","False","","","","京都市観光協会Kyoto City Tourism Association","https://www.youtube.com/channel/UCFyohCp_Vx6WC82DiJ0l88w","","35.003824","135.775011","2025-01-28 00:42:09"
"yt_KHglGodzQ9g","【LIVE】京都 北野天満宮前付近ライブ中継カメラ（京都市観光協会公式）／Kitano Tenmangu Shrine, Kyoto Live camera","https://www.youtube.com/watch?v=KHglGodzQ9g","True","video","False","","","","京都市観光協会Kyoto City Tourism Association","https://www.youtube.com/channel/UCFyohCp_Vx6WC82DiJ0l88w","","35.028396","135.735775","2025-01-28 00:40:21"
"yt_h3WCW540J7g","【LIVE】京都駅烏丸口タクシー乗り場（京都市観光協会公式）／Kyoto Station, Karasuma Exit Taxi Station","https://www.youtube.com/watch?v=h3WCW540J7g","True","video","False","観光","花見小路","","京都市観光協会Kyoto City Tourism Association","https://www.youtube.com/channel/UCFyohCp_Vx6WC82DiJ0l88w","京都府京都市東山区","35.021279","135.755635","2025-01-28 01:05:39"
"yt_v9rQqa_VTEY","【LIVE】京都駅前バス乗り場ライブカメラ（京都市観光協会公式）／Kyoto Station Bus Terminal, Kyoto Live camera","https://www.youtube.com/watch?v=v9rQqa_VTEY","True","","False","","","","京都市観光協会Kyoto City Tourism Association","https://www.youtube.com/channel/UCFyohCp_Vx6WC82DiJ0l88w","","34.985839","135.75901","2025-01-28 00:42:24"
"yt_Onyb8uHQV5Y","【LIVE】京都 伏見稲荷大社付近 裏参道ライブ中継カメラ","https://www.youtube.com/watch?v=Onyb8uHQV5Y","True","video","False","","","","京都市観光協会Kyoto City Tourism Association","https://www.youtube.com/channel/UCFyohCp_Vx6WC82DiJ0l88w","","34.967905","135.770954","2025-01-28 00:41:30"
"yt_Op-lf2NRMzs","【LIVE】京都 嵯峨嵐山  竹林の小径ライブ中継カメラ（京都市観光協会公式）／Bamboo forest path, Kyoto Live camera","https://www.youtube.com/watch?v=Op-lf2NRMzs","True","video","False","","","","京都市観光協会Kyoto City Tourism Association","https://www.youtube.com/channel/UCFyohCp_Vx6WC82DiJ0l88w","","35.017007","135.671776","2025-01-28 02:16:45"
"yt_Gxt3YCa2Phc","【LIVE】ねねの道ライブ中継カメラ（京都市観光協会公式）／Nene no michi(Nene Street), Kyoto Live camera","https://www.youtube.com/watch?v=Gxt3YCa2Phc","True","","False","","","","京都市観光協会Kyoto City Tourism Association","https://www.youtube.com/channel/UCFyohCp_Vx6WC82DiJ0l88w","","35.001031","135.779952","2025-01-28 00:42:48"
"yt_pgqwfZj9HPY","【LIVE】京都 伏見稲荷大社付近 裏参道ライブ中継カメラ（京都市観光協会公式）／Fushimi Inari Taisha Shrine, Kyoto Live camera - YouTube","https://www.youtube.com/watch?v=pgqwfZj9HPY","False","video","False","観光","伏見稲荷大社裏参道","","京都市観光協会Kyoto City Tourism Association - YouTube","https://www.youtube.com/@DMOKYOTO/streams","京都府京都市伏見区","35.021279","135.755635","2025-01-28 01:05:39"
"yt_nR8OY8yfFUU","太陽光発電 リアルタイム配信中 ／ 京阪電車 鉄道ライブカメラ【中書島～淀】 Keihan Electric Railway Kyoto Japan","https://www.youtube.com/watch?v=nR8OY8yfFUU","True","video","True","","","","京阪まなみっくす","https://www.youtube.com/channel/UC-FJEUgsKaHi5ep0wihlNEw","","34.918005","135.73984","2025-01-28 00:41:19"
"other_144dd20aa5145591","I.C.T ライブカメラ(御代IC付近)","https://www.igaportal.co.jp/livecamera/meihan/06.html","True","video","False","道路","御代IC付近","","伊賀ポータル","https://www.igaportal.co.jp/","三重県伊賀市川東","34.798511","136.214821","2024-04-11 1:20:37"
"other_e325a1ebb6172ea6","I.C.T ライブカメラ(友生IC付近)","https://www.igaportal.co.jp/livecamera/meihan/04.html","True","video","False","道路","友生IC付近","","伊賀ポータル","https://www.igaportal.co.jp/","三重県伊賀市下友生","34.750084","136.157252","2024-04-11 1:17:41"
"other_43c1bf24d298bdc6","I.C.T ライブカメラ(下柘植IC付近)","https://www.igaportal.co.jp/livecamera/meihan/07.html","True","video","False","道路","下柘植IC付近","","伊賀ポータル","https://www.igaportal.co.jp/","三重県伊賀市下柘植","34.818022","136.23677","2024-04-11 1:22:10"
"other_9536de4447cc938d","I.C.T ライブカメラ(国道422号線（高砂交差点）)","https://www.igaportal.co.jp/livecamera/shinai/03.html","True","video","False","道路","国道422号線（高砂交差点）","","伊賀ポータル","https://www.igaportal.co.jp/","三重県伊賀市三田986-1","34.794361","136.127279","2024-04-11 1:23:52"
"other_8751f92081db0ce9","I.C.T ライブカメラ(阿保（戎橋）)","https://www.igaportal.co.jp/livecamera/kasen/01.html","True","video","False","河川","阿保（戎橋）","","伊賀ポータル","https://www.igaportal.co.jp/","三重県伊賀市阿保","34.66631","136.178221","2024-04-11 12:21:58"
"other_2f39e120578abf06","I.C.T ライブカメラ(国道163号線（島ヶ原町区交差点）)","https://www.igaportal.co.jp/livecamera/shinai/index.html","True","video","False","道路","国道163号線（島ヶ原町区交差点）","","伊賀ポータル","https://www.igaportal.co.jp/","三重県伊賀市島ヶ原6800-2","34.770733","136.05433","2024-04-11 1:03:36"
"other_4d6ab9184a048022","I.C.T ライブカメラ（上神戸（暗崎橋））","https://www.igaportal.co.jp/livecamera/kasen/03.html","True","video","False","河川","上神戸（暗崎橋）","","伊賀ポータル","https://www.igaportal.co.jp/","三重県伊賀市上神戸","34.679255","136.138288","2024-04-11 12:32:53"
"other_e71dc5b669d75362","I.C.T ライブカメラ（平田（大山田橋））","https://www.igaportal.co.jp/livecamera/kasen/02.html","True","video","False","河川","平田（大山田橋）","平田（大山田橋）","伊賀ポータル","https://www.igaportal.co.jp/","三重県伊賀市中村","34.758086","136.232617","2024-04-11 21:22:39"
"other_dc9a566700a26ab1","I.C.T ライブカメラ(伊賀IC付近)","https://www.igaportal.co.jp/livecamera/meihan/08.html","True","video","False","道路","伊賀IC付近","","伊賀ポータル","https://www.igaportal.co.jp/","三重県伊賀市柘植町","34.846303","136.255628","2024-04-11 1:23:44"
"other_5104857eb64c9f94","I.C.T ライブカメラ(長田三軒家交差点)","https://www.igaportal.co.jp/livecamera/shinai/02.html","True","video","False","道路","長田三軒家交差点","","伊賀ポータル","https://www.igaportal.co.jp/","三重県伊賀市長田6062-1","34.76715","136.093566","2024-04-11 1:03:42"
"other_2fa7f6e299d3ed1d","I.C.T ライブカメラ(中瀬IC付近)","https://www.igaportal.co.jp/livecamera/meihan/05.html","True","video","False","道路","中瀬IC付近","","伊賀ポータル","https://www.igaportal.co.jp/","三重県伊賀市荒木","34.764527","136.167846","2024-04-11 1:19:01"
"other_fb90d93d441931b5","I.C.T ライブカメラ(県道138号線（小田西交差点）)","https://www.igaportal.co.jp/livecamera/shinai/04.html","True","video","False","道路","県道138号線（小田西交差点）","","伊賀ポータル","https://www.igaportal.co.jp/","三重県伊賀市小田町瓜谷727","34.774187","136.119149","2024-04-11 1:07:41"
"other_74055e75b7c46053","I.C.T ライブカメラ(治田IC付近)","https://www.igaportal.co.jp/livecamera/meihan/02.htmll","True","video","False","道路","治田IC付近","","伊賀ポータル","https://www.igaportal.co.jp/","三重県伊賀市治田","34.710864","136.075153","2024-04-11 1:13:43"
"other_f97f5b3819e21de3","I.C.T ライブカメラ(佐那具町（佐那具橋) )","https://www.igaportal.co.jp/livecamera/kasen/04.html","True","video","False","河川","佐那具町（佐那具橋)","","伊賀ポータル","https://www.igaportal.co.jp/","三重県伊賀市佐那具町364-3","34.8050552","136.169254","2024-04-11 12:35:23"
"other_06da51696fc28c79","I.C.T ライブカメラ(五月橋IC付近)","https://www.igaportal.co.jp/livecamera/meihan/01.html","True","video","False","道路","五月橋IC付近","","伊賀ポータル","https://www.igaportal.co.jp/","奈良県山辺郡1-2−3","34.685231","135.832883","2024-04-11 1:12:08"
"other_a2c018ebf2dd42a2","I.C.T ライブカメラ(上野IC付近)","https://www.igaportal.co.jp/livecamera/meihan/03.html","True","video","False","道路","上野IC付近","","伊賀ポータル","https://www.igaportal.co.jp/","三重県伊賀市守田町","34.748513","136.120782","2024-04-11 1:15:57"
"yt_c2mJ0yVrkC4","陣屋通り（福島県伊達市ライブカメラ）","https://www.youtube.com/watch?v=c2mJ0yVrkC4","True","video","True","","","","伊達市ライブカメラ","https://www.youtube.com/channel/UCnB8WKKEBnfFre7vsPNSJsA","","","","2025-01-28 01:22:11"
"yt_PmdMkEqJu5A","桃畑（福島県伊達市ライブカメラ） - YouTube","https://www.youtube.com/watch?v=PmdMkEqJu5A","False","video","False","観光","桃畑","","伊達市ライブカメラ - YouTube","https://www.youtube.com/@user-gg1ze7bw5l","福島県伊達市箱崎字梁下一","37.819095","140.562894","2025-01-28 01:05:33"
"yt_YSxA8LKv8XA","名峰 霊山（福島県伊達市ライブカメラ） - YouTube","https://www.youtube.com/watch?v=YSxA8LKv8XA","False","video","False","観光","霊山","","伊達市ライブカメラ - YouTube","https://www.youtube.com/@user-gg1ze7bw5l","福島県伊達市霊山町石田字釜ヶ平","37.819095","140.562894","2025-01-28 01:05:33"
"yt_dOnWWGO67As","箕輪町　もみじ湖ライブカメラ（竹の尾／末広下）","https://www.youtube.com/watch?v=dOnWWGO67As","False","video","False","道路","もみじ湖","末広下駐車場","伊那ケーブルテレビ情報カメラ","https://www.youtube.com/channel/UCv6JO-oSvG0CB8-m6k6vVdQ","山梨県南都留郡富士河口湖町","","","2025-01-28 02:16:18"
"yt_zf9RIXD5bvA","高遠城址公園　桜ライブカメラ","https://www.youtube.com/watch?v=zf9RIXD5bvA","False","video","False","観光","高遠城址公園","","伊那ケーブルテレビ情報カメラ","https://www.youtube.com/channel/UCv6JO-oSvG0CB8-m6k6vVdQ","長野県伊那市高遠町西高遠810-1","35.827478","137.954083","2025-01-28 02:16:22"
"yt_VYTMxlcvEAM","【Live】会津 東山温泉 向瀧 中庭 ライブカメラ/Aizu Higashiyama Spa MUKAITAKI Live Camera","https://www.youtube.com/watch?v=VYTMxlcvEAM","False","video","False","観光","会津若松","回遊式日本庭園","会津東山温泉向瀧・mukaitaki","https://www.youtube.com/channel/UCTY5Gt9CxQcKVdHX6RFgojQ","新潟県村上市大場沢","38.22399","139.48004","2025-01-28 01:05:38"
"yt_kpEd-FgkhKA","鷲羽山情報カメラ(瀬戸大橋)","https://www.youtube.com/watch?v=kpEd-FgkhKA","True","video","True","","","","倉敷ケーブルテレビKCTコミちゃん","https://www.youtube.com/channel/UCxNJOB2V-5Jm6pMdl8UXnPg","","34.430982","133.819849","2025-01-28 00:40:25"
"yt_IIb3AFa1Bh0","天橋立傘松公園２４時間ライブ映像","https://www.youtube.com/watch?v=IIb3AFa1Bh0","True","","True","","","","傘松チャンネル","https://www.youtube.com/channel/UCtcIEQAydopRO1kFdvjdIRQ","","35.586468","135.19615","2025-01-28 00:43:17"
"yt_9AfmIV-PdRk","備中松山城雲海展望台からの眺望ライブ配信 Bitchu Matsuyama Castle: Sea of clouds view from the mountain castle in the sky","https://www.youtube.com/watch?v=9AfmIV-PdRk","True","video","True","","","","備中松山城雲海展望台ライブカメラ","https://www.youtube.com/channel/UCiPXMbP2P1OFvY9LMs22mUA","","34.813535","133.633058","2025-01-28 00:41:39"
"yt_iqTjMk8d69E","【宇宙人監視委員会】UFO・宇宙人監視ライブカメラ（八女・星野村の星空） UFO & ALIEN watch sky Live from Yame - Hoshino, Fukuoka Japan.","https://www.youtube.com/watch?v=iqTjMk8d69E","True","video","True","","","","八女・星野村 宇宙人監視委員会","https://www.youtube.com/channel/UCsB9qVdiFxq9V9zPTw_7dXw","","33.247012","130.787065","2025-01-28 00:39:59"
"yt_BBvzrh5dQFI","秋田県八峰町「小入川」ライブカメラ","https://www.youtube.com/watch?v=BBvzrh5dQFI","True","","True","","","","八峰町_カメラ1","https://www.youtube.com/channel/UCj0MeKyvk0WfB2qIzOCiETw","","40.403403","139.978724","2025-01-28 00:42:50"
"yt_XJ-o3WNR6Fk","八幡浜港フェリーターミナル ライブカメラ 海 4K　Yawatahama Port Ferry Terminal Live camera Sea side","https://www.youtube.com/watch?v=XJ-o3WNR6Fk","True","video","True","海岸","八幡浜港フェリーターミナル","","八幡浜 市役所","https://www.youtube.com/channel/UCFzR5mfAXL5fo5A8K8OuHpQ","愛媛県八幡浜市出島1581-26","33.841646","132.766103","2025-01-28 02:17:02"
"yt_lYiLsWXWnr0","【LIVE】石垣島ライブカメラ（名蔵湾・フサキビーチ） ／ ISHIGAKIJIMA OKINAWA JAPAN","https://www.youtube.com/watch?v=lYiLsWXWnr0","True","","False","","","","八重山リアルタイム / YAEYAMA LIVE","https://www.youtube.com/channel/UCWFKZJdFJIIH1E9DGYBaY0A","","24.371817","124.120247","2025-01-28 00:42:01"
"yt_z_EU7eS3bJw","真言宗智山派　総本山智積院　名勝庭園　ライブカメラ","https://www.youtube.com/watch?v=z_EU7eS3bJw","True","video","True","","","","公式チャンネル 真言宗智山派 総本山智積院","https://www.youtube.com/channel/UCKo7tp4IY5OIu95JAf0Ox3A","","34.988895","135.775718","2025-01-28 02:16:55"
"yt_jDCCynfjX9I","〔LIVE〕JR大阪駅 桜橋口タクシー乗場ライブ中継カメラ（大阪タクシーセンター公式) /OsakaStation SakurabashiGate TaxiStation LiveCamera","https://www.youtube.com/watch?v=jDCCynfjX9I","True","video","False","鉄道","JR大阪駅 桜橋口タクシー乗場","","公益財団法人大阪タクシーセンター","https://www.youtube.com/channel/UCmq4HR6tnSSxVwsLGzCfT0A","大阪府大阪市北区梅田3丁目1-1","34.686394","135.519994","2024-04-29 15:30:51"
"yt_Roba3d8E1HM","足立美術館庭園ライブカメラ(Live: The Gardens of Adachi Museum)","https://www.youtube.com/watch?v=Roba3d8E1HM","False","video","False","観光","足立美術館","枯山水庭","公益財団法人足立美術館","https://www.youtube.com/channel/UCowlDiO2tj5wP4BGV-KnExA","島根県安来市古川町320","35.431451","133.250851","2025-01-28 01:05:40"
"yt_AKzMElQf0KI","[4K Live] 東京・汐留 ライブカメラ live stream of Shimbashi,Tokyo","https://www.youtube.com/watch?v=AKzMElQf0KI","True","video","True","道路","汐留","","共同通信LiveCamera","https://www.youtube.com/channel/UCRZMs9s1P6o0b1nGibmtkJA","東京都港区芝公園１丁目","","","2025-01-28 01:22:07"
"yt_B1yjmmeo2Lg","函館湯の川温泉の空 のライブ配信","https://www.youtube.com/watch?v=B1yjmmeo2Lg","True","video","True","","","","函館湯の川温泉の空","https://www.youtube.com/channel/UC8paTCu5lo1tyFvQMgHe-1w","","","","2025-01-28 01:22:10"
"yt_8BwfUCuPcVE","利尻島、海の玄関Live!","https://www.youtube.com/watch?v=8BwfUCuPcVE","True","video","True","","","","利尻島_旅番屋","https://www.youtube.com/channel/UCcx2yTKNrSvKGwvPpOzOVWA","","45.244439","141.229512","2025-01-28 00:40:13"
"yt_aqXQI-SRigk","利尻島ライブカメラ（前浜）","https://www.youtube.com/watch?v=aqXQI-SRigk","True","video","True","","","","利尻島_旅番屋","https://www.youtube.com/channel/UCcx2yTKNrSvKGwvPpOzOVWA","","45.179008","141.137116","2025-01-28 00:40:33"
"yt_iBwjkDhl9ys","ペシ岬-鴛泊フェリーターミナルよりLive","https://www.youtube.com/watch?v=iBwjkDhl9ys","True","video","True","","","","利尻島_旅番屋","https://www.youtube.com/channel/UCcx2yTKNrSvKGwvPpOzOVWA","","45.241429","141.228302","2025-01-28 00:39:55"
"yt_ag_nRE1jbXk","利尻_旧本泊小学校Live配信","https://www.youtube.com/watch?v=ag_nRE1jbXk","True","video","True","","","","利尻島_旅番屋","https://www.youtube.com/channel/UCcx2yTKNrSvKGwvPpOzOVWA","","45.24863","141.189355","2025-01-28 00:40:40"
"yt_Lvlm2e83hqM","利尻島_ペシ岬Live配信！","https://www.youtube.com/watch?v=Lvlm2e83hqM","True","video","True","","","","利尻島_旅番屋","https://www.youtube.com/channel/UCcx2yTKNrSvKGwvPpOzOVWA","","45.246416","141.221103","2025-01-28 00:40:58"
"yt_bAWueJBFcT0","利尻島ライブカメラ 前浜２","https://www.youtube.com/watch?v=bAWueJBFcT0","True","","True","","","","利尻島_旅番屋","https://www.youtube.com/channel/UCcx2yTKNrSvKGwvPpOzOVWA","","44.434928","141.330181","2025-01-28 00:42:20"
"yt_JrKsiCOzYwU","利島港桟橋と大島","https://www.youtube.com/watch?v=JrKsiCOzYwU","True","video","True","","","","利島ch．東京の島","https://www.youtube.com/channel/UCnyOc73XUSHI1rxBOOc4Hzw","","34.531402","139.2793","2025-01-28 00:40:42"
"yt_fLUwmerERzo","利島村ライブカメラ","https://www.youtube.com/watch?v=fLUwmerERzo","True","video","True","","","","利島村ライブカメラ","https://www.youtube.com/channel/UCsRb1ylRjChH7-tQtgRWvXA","","34.52913","139.281926","2025-01-28 00:40:07"
"yt_fg5PMpAWQ8Y","コノド・馬の映るお天気カメラ２（新冠・遠距離カメラ）","https://www.youtube.com/watch?v=fg5PMpAWQ8Y","True","video","True","","","","動物支援コノドch","https://www.youtube.com/channel/UC5nv3SjY473p89kwbn-9CVg","","","","2025-01-28 01:22:10"
"yt_PkPoSNnXqBk","いわみざわ公園バラ園ライブカメラ","https://www.youtube.com/watch?v=PkPoSNnXqBk","True","video","False","観光","いわみざわ公園バラ園","","北海道岩見沢市公式YouTubeチャンネル","https://www.youtube.com/channel/UCJ1qyx46EWfODjkwWHrORoQ","北海道岩見沢市志文町794","43.162152","141.767125","2024-07-13 16:22:15"
"yt_1kpc5FELoA4","北竜町ひまわり観光協会 のライブ配信","https://www.youtube.com/watch?v=1kpc5FELoA4","True","video","True","","","","北竜町ひまわり観光協会","https://www.youtube.com/channel/UCVX3Rdp8xU7GnJ1_Ar98YfQ","","","","2025-01-28 01:22:10"
"yt_9B1PGnFhr3A","北陸新幹線 金沢駅　ライブカメラ　 Kanazawa Station Live Webcam  Ishikawa, Japan","https://www.youtube.com/watch?v=9B1PGnFhr3A","True","video","True","","","","北陸朝日放送公式チャンネル","https://www.youtube.com/channel/UCt6LB-BvEmDm-oWbe_TO7mw","","36.58155","136.651377","2025-01-28 02:16:47"
"yt_qiQtdUTEAmI","【ライブカメラ】美しい夕日の千里浜サンセット（石川県）  　　Chirihama Sunset LIVE camera","https://www.youtube.com/watch?v=qiQtdUTEAmI","True","","True","","","","北陸朝日放送公式チャンネル","https://www.youtube.com/channel/UCt6LB-BvEmDm-oWbe_TO7mw","","36.893462","136.766095","2025-01-28 02:16:39"
"yt__ryQp2Qgc4k","ライブカメラ　石川県庁　Ishikawa Prefectural Office LIVE camera","https://www.youtube.com/watch?v=_ryQp2Qgc4k","True","video","True","","","","北陸朝日放送公式チャンネル","https://www.youtube.com/channel/UCt6LB-BvEmDm-oWbe_TO7mw","","36.594736","136.625661","2025-01-28 02:16:48"
"yt_u5geWhHfPz4","ライブカメラ　能登珠洲（石川県） Noto-Suzu LIVE camera","https://www.youtube.com/watch?v=u5geWhHfPz4","True","","True","","","","北陸朝日放送公式チャンネル","https://www.youtube.com/channel/UCt6LB-BvEmDm-oWbe_TO7mw","","37.436302","137.260393","2025-01-28 02:16:30"
"yt_L4mC6i2255w","ライブカメラ　北陸朝日放送（金沢市）本社前 HAB LIVE camera","https://www.youtube.com/watch?v=L4mC6i2255w","True","video","True","","","","北陸朝日放送公式チャンネル","https://www.youtube.com/channel/UCt6LB-BvEmDm-oWbe_TO7mw","","36.562592","136.603576","2025-01-28 02:16:55"
"yt_a3fsiU6ilHU","ライブカメラ 北陸朝日放送（金沢市）本社前 HAB LIVE camera - YouTube","https://www.youtube.com/watch?v=a3fsiU6ilHU","False","video","False","その他","北陸朝日放送（金沢市）本社前","","北陸朝日放送公式チャンネル - YouTube","https://www.youtube.com/@habmigochannel","石川県金沢市松島一丁目32-2","36.5621532","136.603475","2024-04-08 19:34:16"
"yt_mrdsIr8dyTs","【ライブカメラ】美しい夕日の千里浜サンセット（石川県） Chirihama Sunset LIVE camera - YouTube","https://www.youtube.com/watch?v=mrdsIr8dyTs","False","video","False","海岸","千里浜","能登千里浜レストハウス","北陸朝日放送公式チャンネル - YouTube","https://www.youtube.com/@habmigochannel","石川県羽咋市千里浜町タ4-1","36.8913595","136.766217","2024-04-08 19:12:51"
"yt_i5ZEjaFK-II","北陸新幹線 金沢駅 ライブカメラ Kanazawa Station Live Webcam Ishikawa, Japan - YouTube","https://www.youtube.com/watch?v=i5ZEjaFK-II","False","video","False","鉄道","金沢駅","","北陸朝日放送公式チャンネル - YouTube","https://www.youtube.com/@habmigochannel","石川県金沢市木ノ新保町1-1","36.578194","136.648046","2025-01-28 01:05:30"
"yt_oVXflCdHug4","ライブカメラ 石川県庁 Ishikawa Prefectural Office LIVE camera - YouTube","https://www.youtube.com/watch?v=oVXflCdHug4","False","video","False","道路","","石川県庁","北陸朝日放送公式チャンネル - YouTube","https://www.youtube.com/@habmigochannel","","","","2024-04-24 16:30:23"
"yt_D67XXD7Wj7M","とかち帯広空港ライブカメラ Live Camera in The Tokachi-Obihiro Airport, Hokkaido in Japan","https://www.youtube.com/watch?v=D67XXD7Wj7M","False","video","False","空港","とかち帯広空港","","十勝毎日新聞","https://www.youtube.com/channel/UCT-PZ211r3_9mFdF0zC1HHg","北海道帯広市泉町西九線中8-41","42.7317426","143.213014","2025-01-28 01:05:31"
"yt_nk9uKVuLcGE","十勝大橋ライブカメラ Live Camera in Tokachi Big Bridge over the Tokachi river, Hokkaido in Japan","https://www.youtube.com/watch?v=nk9uKVuLcGE","False","video","False","河川","十勝大橋","","十勝毎日新聞","https://www.youtube.com/channel/UCT-PZ211r3_9mFdF0zC1HHg","北海道河東郡音更町","42.994115","143.197869","2025-01-28 01:05:31"
"yt_3dg35n9DLX0","とかち帯広空港ライブカメラ Live Camera in The Tokachi-Obihiro Airport, Hokkaido in Japan","https://www.youtube.com/watch?v=3dg35n9DLX0","True","video","True","","","","十勝毎日新聞","https://www.youtube.com/channel/UCT-PZ211r3_9mFdF0zC1HHg","","42.732311","143.213037","2025-01-28 00:41:25"
"yt_m7W5jYfIRNo","十勝川白鳥大橋ライブカメラ（十勝川温泉第一ホテル屋上より） Live Camera in The Hakutyo Bridge of Tokachi River, Hokkaido in Japan","https://www.youtube.com/watch?v=m7W5jYfIRNo","False","video","False","河川","白鳥大橋","十勝川温泉第一ホテル屋上","十勝毎日新聞","https://www.youtube.com/channel/UCT-PZ211r3_9mFdF0zC1HHg","北海道室蘭市","42.315204","140.973784","2025-01-28 01:05:31"
"yt_eKNqWXgCE1g","JR帯広駅ライブカメラ Live Camera in The JR Obihiro Station, Hokkaido in Japan","https://www.youtube.com/watch?v=eKNqWXgCE1g","True","video","True","","","","十勝毎日新聞","https://www.youtube.com/channel/UCT-PZ211r3_9mFdF0zC1HHg","","42.917985","143.202044","2025-01-28 00:40:17"
"other_f39b697bfac3b562","十勝川白鳥大橋ライブカメラ（十勝川温泉第一ホテル屋上より） Live Camera in The Hakutyo Bridge of Tokachi River, Hokkaido in Japan","https://www.youtube.com/user/kachimai/live","True","video","True","鉄道","帯広駅","ホテル日航ノースランド帯広の屋上","十勝毎日新聞","https://www.youtube.com/channel/UCT-PZ211r3_9mFdF0zC1HHg","北海道帯広市西二条南十二丁目","42.918559","143.202533","2025-01-28 01:05:31"
"yt_6Urq0eAkk9w","十勝川白鳥大橋ライブカメラ（十勝川温泉第一ホテル屋上より） Live Camera in The Hakutyo Bridge of Tokachi River, Hokkaido in Japan","https://www.youtube.com/watch?v=6Urq0eAkk9w","True","","True","","","","十勝毎日新聞","https://www.youtube.com/channel/UCT-PZ211r3_9mFdF0zC1HHg","","42.932788","143.29662","2025-01-28 00:42:16"
"yt__6Zpd48bjYk","十勝大橋ライブカメラ Live Camera in Tokachi Big Bridge over the Tokachi river, Hokkaido in Japan","https://www.youtube.com/watch?v=_6Zpd48bjYk","True","video","True","","","","十勝毎日新聞","https://www.youtube.com/channel/UCT-PZ211r3_9mFdF0zC1HHg","","42.939624","143.203808","2025-01-28 00:41:38"
"yt_nIT9K7fMCFI","十和田湖ライブカメラ","https://www.youtube.com/watch?v=nIT9K7fMCFI","True","","True","","","","十和田湖マリーナ","https://www.youtube.com/channel/UCusBqJK8c15Hq-D8IfKHQAg","","40.425602","140.892424","2025-01-28 00:43:12"
"yt_itbukDFoHG8","十和田湖ライブカメラ - YouTube","https://www.youtube.com/watch?v=itbukDFoHG8","False","video","False","河川","十和田湖","十和田湖マリーナ","十和田湖マリーナ - YouTube","https://www.youtube.com/@user-jz1mr8md4i/streams","青森県十和田市大字奥瀬十田湖畔休屋486","40.571653","141.033628","2024-04-16 13:48:37"
"yt_c_pe7pZRdOg","【LIVE】JR本八幡駅北口ライブカメラ　本八幡駅側 LIVECAMERA livestream webcam 電車 鉄道カメラ train station JAPAN","https://www.youtube.com/watch?v=c_pe7pZRdOg","True","video","True","","","","千葉県タクシー協会京葉支部 CHIBA TAXI Association Keiyo Branch","https://www.youtube.com/channel/UCkE1JbngfWjKngmTSujg_wA","","35.721293","139.926804","2025-01-28 02:17:00"
"yt_-V2AfRh61fI","【LIVE】JR本八幡駅南口ライブカメラ LIVECAMERA livestream webcam train station JAPAN 電車 鉄道カメラ","https://www.youtube.com/watch?v=-V2AfRh61fI","True","","True","","","","千葉県タクシー協会京葉支部 CHIBA TAXI Association Keiyo Branch","https://www.youtube.com/channel/UCkE1JbngfWjKngmTSujg_wA","","35.72087","139.927255","2025-01-28 00:43:16"
"yt_oc-6bQkAJWw","【LIVE】東武鎌ヶ谷駅タクシープール　ライブカメラ　JAPAN KAMAGAYA STATION TAXI POOL livecamera livestream","https://www.youtube.com/watch?v=oc-6bQkAJWw","True","video","True","鉄道","東武鎌ヶ谷駅タクシープール","","千葉県タクシー協会京葉支部 CHIBA TAXI Association Keiyo Branch","https://www.youtube.com/channel/UCkE1JbngfWjKngmTSujg_wA","埼玉県川越市脇田本町１６−３ 堀ビル 1F","","","2025-01-28 02:16:17"
"yt_USLOFYhgzoU","千葉県船橋市前原西ライブカメラ「Chiba Funabashi Live camera.World cam.」","https://www.youtube.com/watch?v=USLOFYhgzoU","False","video","False","","","","千葉県船橋市前原西ライブカメラ","https://www.youtube.com/channel/UCWSN748GFKRV6DOHMeIqQQA","","","","2025-01-28 01:22:09"
"yt_tNTwzxq4jIM","赤石岳ライブカメラ","https://www.youtube.com/watch?v=tNTwzxq4jIM","True","","True","","","","南アルプスユネスコエコパーク南プスPR","https://www.youtube.com/channel/UCgTvIkcdMxviGlCjUBAoMKg","","35.430767","138.205189","2025-01-28 00:42:45"
"yt_P6ODN2GXIgw","南アルプスライブカメラ","https://www.youtube.com/watch?v=P6ODN2GXIgw","True","","True","","","","南アルプスユネスコエコパーク南プスPR","https://www.youtube.com/channel/UCgTvIkcdMxviGlCjUBAoMKg","","35.187383","138.249864","2025-01-28 00:42:42"
"yt_zO3NE23bzWo","甲府盆地(南アルプス市)の西の空","https://www.youtube.com/watch?v=zO3NE23bzWo","True","video","False","","","","南アルプス市から見る櫛形山","https://www.youtube.com/channel/UCFrQVjgGdNFDbGXhfWh4_fg","","","","2025-01-28 01:22:15"
"yt__4p2nD6mK9U","【LIVE】静岡県 南伊豆町 石廊崎オーシャンパークライブカメラ","https://www.youtube.com/watch?v=_4p2nD6mK9U","True","video","True","海岸","石廊埼オーシャンパーク","石廊埼灯台","南伊豆町ライブカメラ2","https://www.youtube.com/channel/UCGkueRAIn1sFC5b01ro37pA","静岡県静岡市清水区由比西倉澤","","","2025-01-28 01:22:15"
"other_fc0702f319b4a706","南日本新聞 桜島ライブカメラ","https://373news.com/_sakucap/index.php","True","image","True","山岳","桜島","鹿児島市の南日本新聞会館９Ｆ","南日本新聞","https://373news.com/_sakucap/","鹿児島県鹿児島市与次郎1丁目9-33","31.596789","130.557339","2024-04-09 13:13:29"
"yt_o4h9s-VCHO8","和歌山県田辺市天神崎ライブ。釣行前に波の様子をご覧下さい。","https://www.youtube.com/watch?v=o4h9s-VCHO8","True","","True","","","","南紀和歌山釣太郎","https://www.youtube.com/channel/UCBzeNhdxksfonfQ06O2sX_Q","","33.727399","135.357124","2025-01-28 00:43:03"
"yt_2y1nvvlMlaI","【ARCHIVE】2025.1.27　07:30～19:30　静岡駅ライブカメラ　東海道新幹線・東海道本線　JAPAN Shinkansen LIVE Camera","https://www.youtube.com/watch?v=2y1nvvlMlaI","True","video","False","","","","吉塚ライブカメラ","https://www.youtube.com/channel/UC2nzv_yI8NPXVLwWU_psgxQ","","34.967193","138.381289","2025-01-28 02:16:44"
"yt_FUAKNMnpCmU","山口県長門市　向岸寺　Live Camera Axis M5525-E","https://www.youtube.com/watch?v=FUAKNMnpCmU","True","video","True","","","","向岸寺-koganji","https://www.youtube.com/channel/UCjlR6ZLN2jZRLYVsGEycZpg","","34.403247","130.978859","2025-01-28 02:16:49"
"yt_1kx8Fub_N-c","和歌山セーリングセンター　ライブカメラ","https://www.youtube.com/watch?v=1kx8Fub_N-c","True","video","True","","","","和歌山セーリングクラブ","https://www.youtube.com/channel/UCxMIPNuDVcdLJmVw7s-prCg","","34.158242","135.177233","2025-01-28 02:16:58"
"yt_ZwHcqfJsEwU","喜茂別町から見た羊蹄山 のライブ配信","https://www.youtube.com/watch?v=ZwHcqfJsEwU","False","video","False","山岳","羊蹄山","","喜茂別町ライブカメラ","https://www.youtube.com/channel/UCFEKkB0JkFuVXZwfVHEKP6g","北海道虻田郡京極町字川西","42.858216","140.883999","2025-01-28 01:05:35"
"other_b7a37e1ff3702bc0","四万温泉 柏屋カフェ周辺（新湯地区、桐木平商店街）のライブ映像","https://www.onsen-cafe.com/camera","True","image","False","河川","四万ブルーの四万川","四万温泉 柏屋カフェ","四万温泉柏屋カフェ、四万温泉でランチ、スイーツ、コーヒー","https://www.onsen-cafe.com/","群馬県吾妻郡中之条町四万4237-45","36.589843","138.841075","2024-04-21 17:21:48"
"other_70fea12f95246321","ライブカメラ | 群馬 四万温泉柏屋旅館【公式サイト】","https://www.kashiwaya.org/live/","True","image","False","道路","四万温泉柏屋旅館","","四万温泉柏屋旅館 貸切露天風呂が人気の群馬県の温泉旅館 | 公式サイト","https://www.kashiwaya.org/","群馬県吾妻郡中之条町四万3829","36.589843","138.841075","2024-04-21 17:22:30"
"yt_7adkZXLrclo","鹿野川ダム吐口ゲート（肱川水系　肱川）","https://www.youtube.com/watch?v=7adkZXLrclo","True","video","False","","","","四国地方整備局 CCTV","https://www.youtube.com/channel/UCsV_76RlGzFVZQABftUKdSw","","33.451519","132.684933","2025-01-28 02:17:00"
"yt_fgDdDbCrV0U","那賀川河川事務所（那賀川水系　桑野川）","https://www.youtube.com/watch?v=fgDdDbCrV0U","True","video","False","","","","四国地方整備局 CCTV","https://www.youtube.com/channel/UCsV_76RlGzFVZQABftUKdSw","","33.924039","134.665754","2025-01-28 02:16:48"
"yt_jvMT4m-2jPE","那賀川橋（那賀川水系　那賀川）","https://www.youtube.com/watch?v=jvMT4m-2jPE","True","","True","","","","四国地方整備局 CCTV","https://www.youtube.com/channel/UCsV_76RlGzFVZQABftUKdSw","","33.937995","134.621795","2025-01-28 02:16:33"
"yt_fb-w3YGzOog","長生橋（那賀川水系　桑野川）","https://www.youtube.com/watch?v=fb-w3YGzOog","True","video","True","","","","四国地方整備局 CCTV","https://www.youtube.com/channel/UCsV_76RlGzFVZQABftUKdSw","","33.905514","134.619257","2025-01-28 02:16:40"
"yt_BiV5boekSl0","加茂谷（那賀川水系　那賀川）","https://www.youtube.com/watch?v=BiV5boekSl0","True","video","False","","","","四国地方整備局 CCTV","https://www.youtube.com/channel/UCsV_76RlGzFVZQABftUKdSw","","33.918453","134.54953","2025-01-28 02:16:57"
"yt_bOPv5tYP6XU","肱川橋（肱川水系　肱川）","https://www.youtube.com/watch?v=bOPv5tYP6XU","True","","False","","","","四国地方整備局 CCTV","https://www.youtube.com/channel/UCsV_76RlGzFVZQABftUKdSw","","33.5091","132.545416","2025-01-28 02:16:31"
"yt_BoWoIvlDlXQ","都谷川樋門（肱川水系　矢落川）","https://www.youtube.com/watch?v=BoWoIvlDlXQ","True","video","False","","","","四国地方整備局 CCTV","https://www.youtube.com/channel/UCsV_76RlGzFVZQABftUKdSw","","33.534382","132.573242","2025-01-28 02:16:56"
"yt_fb68BdTzr7k","【Live】近畿地方整備局　主要河川映像１６カ所","https://www.youtube.com/watch?v=fb68BdTzr7k","True","video","False","","","","国土交通省 近畿地方整備局 河川部水災害予報センター","https://www.youtube.com/channel/UCZP1ToNCzbV_RpPChepbbiw","","35.012008","135.677284","2025-01-28 02:17:00"
"other_027f460da7d581d2","国土交通省 片山津海岸塩浜地区","https://www.hrr.mlit.go.jp/kanazawa/bousai-info-ishikawa/bousai/camera/camera_jpeg/camera_frame.html?id=419","True","video","False","海岸","片山津海岸塩浜地区","","国土交通省 金沢河川国道事務所","https://www.hrr.mlit.go.jp/kanazawa/","石川県加賀市塩浜町い","36.302669","136.314685","2024-04-10 14:25:05"
"yt_tJb8jMXUbmA","朝間樋門２カメラ（ 旭川水系　百間川 ）","https://www.youtube.com/watch?v=tJb8jMXUbmA","True","video","False","","","","国土交通省中国地方整備局河川部","https://www.youtube.com/channel/UCdBlUJydNYy_2ztBrSHqKSg","","34.645729","133.985907","2025-01-28 02:16:40"
"yt_w46ci5_DwAI","新川橋空間（ 太田川水系　根谷川 ）","https://www.youtube.com/watch?v=w46ci5_DwAI","True","","False","","","","国土交通省中国地方整備局河川部","https://www.youtube.com/channel/UCdBlUJydNYy_2ztBrSHqKSg","","34.507179","132.516267","2025-01-28 02:16:37"
"other_343b7ea957950c2b","カメラ画像 越美山系土石流情報-川上カメラ（揖斐川町坂内川上）","https://www.cbr.mlit.go.jp/etsumi/dosekiryu/frmCamera51.html?202404081752","True","image","False","河川","坂内川","川上カメラ（揖斐川町坂内川上）","国土交通省中部地方整備局 越美山系砂防事務所","https://www.cbr.mlit.go.jp/etsumi/","岐阜県揖斐郡揖斐川町","35.486948","136.5682","2024-04-08 18:51:16"
"other_b61f171b7c28b818","カメラ画像 越美山系土石流情報-能郷カメラ（本巣市根尾能郷）","https://www.cbr.mlit.go.jp/etsumi/dosekiryu/frmCamera68.html?202404081742","True","image","False","河川","根尾川","能郷カメラ（本巣市根尾能郷）","国土交通省中部地方整備局 越美山系砂防事務所","https://www.cbr.mlit.go.jp/etsumi/","岐阜県本巣市","35.483052","136.678771","2024-04-08 18:48:12"
"other_8349eeaf3f438d10","カメラ画像 越美山系土石流情報-大谷川合流点カメラ（揖斐川町坂内広瀬）","https://www.cbr.mlit.go.jp/etsumi/dosekiryu/frmCamera53.html?202404081742","True","image","False","河川","大谷川","大谷川合流点カメラ（揖斐川町坂内広瀬）","国土交通省中部地方整備局 越美山系砂防事務所","https://www.cbr.mlit.go.jp/etsumi/","岐阜県揖斐郡揖斐川町坂内広瀬","35.486948","136.5682","2024-04-08 18:52:37"
"other_38f556885502ea39","カメラ画像 越美山系土石流情報-小津下流カメラ（揖斐川町小津）","https://www.cbr.mlit.go.jp/etsumi/dosekiryu/frmCamera77.html?202404081742","True","image","False","河川","小津川","小津下流カメラ（揖斐川町小津）","国土交通省中部地方整備局 越美山系砂防事務所","https://www.cbr.mlit.go.jp/etsumi/","岐阜県揖斐郡揖斐川町","35.486948","136.5682","2024-04-08 18:54:55"
"other_47244dded29e44a0","カメラ画像 越美山系土石流情報-坂内広瀬カメラ（揖斐川町坂内広瀬）","https://www.cbr.mlit.go.jp/etsumi/dosekiryu/frmCamera76.html?202404081742","True","image","False","道路","坂内広瀬","坂内広瀬カメラ（揖斐川町坂内広瀬）","国土交通省中部地方整備局 越美山系砂防事務所","https://www.cbr.mlit.go.jp/etsumi/","岐阜県揖斐郡揖斐川町","35.486948","136.5682","2024-04-08 18:52:24"
"other_15691c2adcd4277e","カメラ画像 越美山系土石流情報-小津カメラ（揖斐川町小津）","https://www.cbr.mlit.go.jp/etsumi/dosekiryu/frmCamera59.html?202404081742","True","image","False","河川","小津川","小津カメラ（揖斐川町小津）","国土交通省中部地方整備局 越美山系砂防事務所","https://www.cbr.mlit.go.jp/etsumi/","岐阜県揖斐郡揖斐川町","35.486948","136.5682","2024-04-08 18:55:07"
"other_e4853defc3bdf3bd","カメラ画像 越美山系土石流情報-川上赤岩カメラ（揖斐川町坂内川上）","https://www.cbr.mlit.go.jp/etsumi/dosekiryu/frmCamera52.html?202404081742","True","image","False","河川","坂内川","川上赤岩カメラ（揖斐川町坂内川上）","国土交通省中部地方整備局 越美山系砂防事務所","https://www.cbr.mlit.go.jp/etsumi/","","","","2024-04-08 18:51:56"
"other_549e9a874e72a751","カメラ画像 越美山系土石流情報-松田カメラ（本巣市根尾松田）","https://www.cbr.mlit.go.jp/etsumi/dosekiryu/frmCamera65.html?202404081742","True","image","False","河川","根尾東谷川","松田カメラ（本巣市根尾松田）","国土交通省中部地方整備局 越美山系砂防事務所","https://www.cbr.mlit.go.jp/etsumi/","岐阜県本巣市","35.483052","136.678771","2024-04-08 18:50:03"
"other_92f86d9944e88787","カメラ画像 越美山系土石流情報-東小鹿カメラ（本巣市根尾東小鹿）","https://www.cbr.mlit.go.jp/etsumi/dosekiryu/frmCamera64.html?202404081742","True","image","False","河川","根尾東谷川","東小鹿カメラ（本巣市根尾東小鹿）","国土交通省中部地方整備局 越美山系砂防事務所","https://www.cbr.mlit.go.jp/etsumi/","岐阜県本巣市根尾小鹿","35.653561","136.638601","2024-04-08 18:49:15"
"other_e5252cc5bc564e86","カメラ画像 越美山系土石流情報-本巣市役所（本巣市文殊）","https://www.cbr.mlit.go.jp/etsumi/dosekiryu/frmCamera71.html?202404081742","True","image","False","その他","本巣市役所","本巣市役所（本巣市文殊）","国土交通省中部地方整備局 越美山系砂防事務所","https://www.cbr.mlit.go.jp/etsumi/","岐阜県本巣市文殊324","35.493334","136.683018","2024-04-08 18:55:19"
"other_f9e1f8dc7bcf44f5","カメラ画像 越美山系土石流情報-大井カメラ（本巣市根尾大井）","https://www.cbr.mlit.go.jp/etsumi/dosekiryu/frmCamera67.html?202404081742","True","image","False","河川","根尾川","大井カメラ（本巣市根尾大井）","国土交通省中部地方整備局 越美山系砂防事務所","https://www.cbr.mlit.go.jp/etsumi/","岐阜県本巣市","35.483052","136.678771","2024-04-08 18:45:28"
"other_661177940201cfa4","カメラ画像 越美山系土石流情報-八谷カメラ（本巣市根尾大井）","https://www.cbr.mlit.go.jp/etsumi/dosekiryu/frmCamera69.html?202404081742","True","image","False","河川","根尾川","八谷カメラ（本巣市根尾大井）","国土交通省中部地方整備局 越美山系砂防事務所","https://www.cbr.mlit.go.jp/etsumi/","岐阜県本巣市","35.483052","136.678771","2024-04-08 18:46:17"
"other_c3457f983665eb91","カメラ画像 越美山系土石流情報-川上上流（揖斐川町坂内川上）","https://www.cbr.mlit.go.jp/etsumi/dosekiryu/frmCamera81.html?202404081742","True","image","False","河川","坂内川","川上上流（揖斐川町坂内川上）","国土交通省中部地方整備局 越美山系砂防事務所","https://www.cbr.mlit.go.jp/etsumi/","岐阜県揖斐郡揖斐川町","35.486948","136.5682","2024-04-08 18:51:06"
"other_c2999feb24bf9b00","カメラ画像 越美山系土石流情報根尾長島（本巣市根尾長島）","https://www.cbr.mlit.go.jp/etsumi/dosekiryu/frmCamera79.html?202404081742","True","image","False","河川","根尾川","根尾長島（本巣市根尾長島）","国土交通省中部地方整備局 越美山系砂防事務所","https://www.cbr.mlit.go.jp/etsumi/","岐阜県本巣市","35.483052","136.678771","2024-04-08 18:55:32"
"other_40eb1800f9d24a51","カメラ画像 越美山系土石流情報-東津汲カメラ（揖斐川町東津汲）","https://www.cbr.mlit.go.jp/etsumi/dosekiryu/frmCamera58.html?202404081742","True","image","False","河川","揖斐川","東津汲カメラ（揖斐川町東津汲）","国土交通省中部地方整備局 越美山系砂防事務所","https://www.cbr.mlit.go.jp/etsumi/","岐阜県揖斐郡揖斐川町","35.486948","136.5682","2024-04-08 18:54:29"
"other_91380621bcaf41f7","カメラ画像 越美山系土石流情報-西津汲カメラ（揖斐川町西津汲）","https://www.cbr.mlit.go.jp/etsumi/dosekiryu/frmCamera75.html?202404081742","True","image","False","河川","揖斐川","西津汲カメラ（揖斐川町西津汲）","国土交通省中部地方整備局 越美山系砂防事務所","https://www.cbr.mlit.go.jp/etsumi/","岐阜県揖斐郡揖斐川町","35.486948","136.5682","2024-04-08 18:54:42"
"other_5bcea6af4c2fb7bd","カメラ画像 越美山系土石流情報-下谷第一堰堤カメラ（揖斐川町東津汲）","https://www.cbr.mlit.go.jp/etsumi/dosekiryu/frmCamera83.html?202404081742","True","image","False","河川","下谷第一砂防堰堤","下谷第一堰堤カメラ（揖斐川町東津汲）","国土交通省中部地方整備局 越美山系砂防事務所","https://www.cbr.mlit.go.jp/etsumi/","岐阜県揖斐郡揖斐川町東津汲1445-1","35.486948","136.5682","2024-04-08 18:54:14"
"other_3b04c9693bb7ff6a","カメラ画像 越美山系土石流情報-水鳥カメラ（本巣市根尾水鳥）","https://www.cbr.mlit.go.jp/etsumi/dosekiryu/frmCamera61.html?202404081742","True","image","False","河川","根尾川","水鳥カメラ（本巣市根尾水鳥）","国土交通省中部地方整備局 越美山系砂防事務所","https://www.cbr.mlit.go.jp/etsumi/","岐阜県本巣市根尾水鳥","35.606328","136.58895","2024-04-08 18:39:47"
"other_55eb770ca59b0bed","カメラ画像 越美山系土石流情報-板屋カメラ（本巣市根尾板屋）","https://www.cbr.mlit.go.jp/etsumi/dosekiryu/frmCamera63.html?202404081742","True","image","False","河川","根尾東谷川","板屋カメラ（本巣市根尾板屋）","国土交通省中部地方整備局 越美山系砂防事務所","https://www.cbr.mlit.go.jp/etsumi/","岐阜県本巣市根尾東板屋","35.647734","136.623397","2024-04-08 18:56:04"
"other_c1d44424c41b4cce","カメラ画像 越美山系土石流情報-樽見カメラ（本巣市根尾樽見）","https://www.cbr.mlit.go.jp/etsumi/dosekiryu/frmCamera62.html?202404081742","True","image","False","河川","根尾川","樽見カメラ（本巣市根尾樽見）","国土交通省中部地方整備局 越美山系砂防事務所","https://www.cbr.mlit.go.jp/etsumi/","岐阜県本巣市根尾板所","35.620737","136.628911","2024-04-08 18:41:26"
"other_8bb45c9a8135565f","カメラ画像 越美山系土石流情報-外津汲カメラ（揖斐川町外津汲）","https://www.cbr.mlit.go.jp/etsumi/dosekiryu/frmCamera60.html?202404081742","True","image","False","河川","揖斐川","外津汲カメラ（揖斐川町外津汲）","国土交通省中部地方整備局 越美山系砂防事務所","https://www.cbr.mlit.go.jp/etsumi/","岐阜県揖斐郡揖斐川町","35.486948","136.5682","2024-04-08 18:53:51"
"other_3675fbf911e3ac60","カメラ画像 越美山系土石流情報-坂内振興事務所（揖斐川町坂内）","https://www.cbr.mlit.go.jp/etsumi/dosekiryu/frmCamera74.html?202404081742","True","image","False","その他","坂内川","坂内振興事務所（揖斐川町坂内）","国土交通省中部地方整備局 越美山系砂防事務所","https://www.cbr.mlit.go.jp/etsumi/","岐阜県揖斐郡揖斐川町坂内広瀬924","35.486948","136.5682","2024-04-08 18:56:02"
"other_d14d2d384bbf1adc","カメラ画像 越美山系土石流情報-川上堰堤（揖斐川町坂内）","https://www.cbr.mlit.go.jp/etsumi/dosekiryu/frmCamera78.html?202404081812","True","image","False","河川","揖斐川","川上堰堤（揖斐川町坂内）","国土交通省中部地方整備局 越美山系砂防事務所","https://www.cbr.mlit.go.jp/etsumi/","岐阜県揖斐郡揖斐川町","35.486948","136.5682","2024-04-08 18:52:09"
"other_a1569f25440fa6b3","カメラ画像 越美山系土石流情報-西横山カメラ（揖斐川町西横山）","https://www.cbr.mlit.go.jp/etsumi/dosekiryu/frmCamera55.html?202404081742","True","image","False","その他","西横山","西横山カメラ（揖斐川町西横山）","国土交通省中部地方整備局 越美山系砂防事務所","https://www.cbr.mlit.go.jp/etsumi/","岐阜県揖斐郡揖斐川町","35.486948","136.5682","2024-04-08 18:53:36"
"other_75522317bd3cbb07","カメラ画像 越美山系土石流情報-下大須カメラ（本巣市根尾下大須）","https://www.cbr.mlit.go.jp/etsumi/dosekiryu/frmCamera66.html?202404081852","True","image","False","河川","根尾東谷川","下大須カメラ（本巣市根尾下大須）","国土交通省中部地方整備局 越美山系砂防事務所","https://www.cbr.mlit.go.jp/etsumi/","岐阜県本巣市","35.483052","136.678771","2024-04-08 18:55:57"
"other_0773f74b217de36a","カメラ画像 越美山系土石流情報-大谷川上流（揖斐川町坂内広瀬）","https://www.cbr.mlit.go.jp/etsumi/dosekiryu/frmCamera80.html?202404081742","True","image","False","河川","大谷川","大谷川上流（揖斐川町坂内広瀬）","国土交通省中部地方整備局 越美山系砂防事務所","https://www.cbr.mlit.go.jp/etsumi/","岐阜県揖斐郡揖斐川町坂内広瀬","35.486948","136.5682","2024-04-08 18:53:07"
"other_2d958549ec73f195","カメラ画像 越美山系土石流情報-根尾総合支所（本巣市根尾）","https://www.cbr.mlit.go.jp/etsumi/dosekiryu/frmCamera70.html?202404081742","True","image","False","河川","根尾川","根尾総合支所（本巣市根尾）","国土交通省中部地方整備局 越美山系砂防事務所","https://www.cbr.mlit.go.jp/etsumi/","岐阜県本巣市根尾板所625-1","35.620737","136.628911","2024-04-08 18:42:46"
"other_edeb98f1ab82e469","カメラ画像 越美山系土石流情報-白川合流点カメラ（揖斐川町坂内坂本）","https://www.cbr.mlit.go.jp/etsumi/dosekiryu/frmCamera54.html?202404081742","True","image","False","河川","揖斐川","白川合流点カメラ（揖斐川町坂内坂本）","国土交通省中部地方整備局 越美山系砂防事務所","https://www.cbr.mlit.go.jp/etsumi/","岐阜県揖斐郡揖斐川町","35.486948","136.5682","2024-04-08 18:53:22"
"yt_ytLE1OcUxEg","国宝犬山城&御岳の見えるライブ","https://www.youtube.com/watch?v=ytLE1OcUxEg","True","video","False","","","","国宝犬山城&御岳の見えるライブ","https://www.youtube.com/channel/UCrfYUN7eynxM-XoFg-aJe3g","","35.38741","136.941899","2025-01-28 00:40:48"
"yt_yzE5fMBxxcE","【南海トラフ）恵みの雨☔🐈いんこ＆ぬこ＆たぬ時々🐻🐯　太平洋ライブカメラ猫部屋🐈地域猫餌場＆セキセイインコ🐦波の音🌊　野鳥観察　kochi japan【土佐】","https://www.youtube.com/watch?v=yzE5fMBxxcE","True","video","False","","","","土佐の海空と侍猫🐻🐈","https://www.youtube.com/channel/UCtpZE6LTRW8gGzD2GCaOcXg","","33.539743","133.472645","2025-01-28 02:16:58"
"yt_9MVVBpj4QLM","城のホテル甲府 甲府城天守台LIVE","https://www.youtube.com/watch?v=9MVVBpj4QLM","True","video","True","","","","城のホテル甲府","https://www.youtube.com/channel/UCA1PeQnw4Ys2kmBXa2GIF-Q","","","","2025-01-28 01:22:15"
"yt_RxPUTRxFWLM","Live Camera Axis M1135","https://www.youtube.com/watch?v=RxPUTRxFWLM","True","","True","","","","埼玉県ときがわ町","https://www.youtube.com/channel/UCcLQmnnIBmiGX3bF5mjuKyA","","36.008079","139.294966","2025-01-28 00:41:58"
"yt_aue885DVApM","Live Camera Axis M1135","https://www.youtube.com/watch?v=aue885DVApM","True","","True","","","","埼玉県ときがわ町","https://www.youtube.com/channel/UCcLQmnnIBmiGX3bF5mjuKyA","","36.005422","139.285805","2025-01-28 00:42:25"
"yt_EYL-W7KzfGk","埼玉県立小児医療センター 機械式駐車場 ライブカメラ","https://www.youtube.com/watch?v=EYL-W7KzfGk","True","video","True","道路","埼玉県立小児医療センター 機械式駐車場","","埼玉県立小児医療センター 公式YouTubeチャンネル","https://www.youtube.com/channel/UCrW9CLx_CB8q_iMCQ6pVhZw","兵庫県伊丹市螢池西町3−５５５ ","","","2025-01-28 01:22:08"
"yt_zehYIpRIh5w","【LIVE】都営日暮里舎人ライナー 東京都足立区ライブカメラ JAPAN TOKYO LIVECAMERA NIPPORI TONERI LINER","https://www.youtube.com/watch?v=zehYIpRIh5w","False","video","False","道路","","","夜光電気","https://www.youtube.com/channel/UCPsjdwVy2etWVaz1m2mcyxQ","","","","2025-01-28 01:05:40"
"yt_1g8r8vmts4g","【 LIVE 】JAPAN 東京都足立区立みだまえ公園 ライブカメラ TOKYO MIDAMAE PARK  live camera webcam livestream","https://www.youtube.com/watch?v=1g8r8vmts4g","True","video","True","","","","夜光電気","https://www.youtube.com/channel/UCPsjdwVy2etWVaz1m2mcyxQ","","35.787007","139.770868","2025-01-28 02:16:52"
"yt_m_WCI3EQRwQ","【LIVE】JAPAN 東京都足立区交差点ライブカメラ＋温度計 tokyo livecamera webcam livestream","https://www.youtube.com/watch?v=m_WCI3EQRwQ","True","","True","","","","夜光電気","https://www.youtube.com/channel/UCPsjdwVy2etWVaz1m2mcyxQ","","35.787295","139.770662","2025-01-28 00:43:07"
"yt_E3uAem1vsEk","【LIVE】TOKYO JAPAN 東京都足立区日暮里舎人ライナー側ライブカメラ webcam livestream live camera","https://www.youtube.com/watch?v=E3uAem1vsEk","True","video","True","","","","夜光電気","https://www.youtube.com/channel/UCPsjdwVy2etWVaz1m2mcyxQ","","35.788819","139.77059","2025-01-28 00:39:55"
"yt_oJTX4MYW4yQ","【 LIVE 】JAPAN 東京都足立区立みだまえ公園 ライブカメラ TOKYO MIDAMAE PARK  LIVECAMERA","https://www.youtube.com/watch?v=oJTX4MYW4yQ","False","video","False","観光","足立区立みだまえ公園","","夜光電気","https://www.youtube.com/channel/UCPsjdwVy2etWVaz1m2mcyxQ","東京都足立区谷在家一丁目17-1","35.786648","139.771071","2025-01-28 02:16:20"
"yt_iUKWjZqYFe4","【LIVE】東京都足立区みだまえ公園カメラ3 ライブカメラ  TOKYO JAPAN LIVECAMERA","https://www.youtube.com/watch?v=iUKWjZqYFe4","False","video","False","観光","足立区立みだまえ公園","","夜光電気","https://www.youtube.com/channel/UCPsjdwVy2etWVaz1m2mcyxQ","東京都足立区谷在家一丁目17-1","35.786648","139.771071","2025-01-28 02:16:20"
"yt_qsTJNeJq_q8","【LIVE】JAPAN 東京都足立区立みだまえ公園カメラ2 TOKYO JAPAN LIVECAMERA ライブカメラ","https://www.youtube.com/watch?v=qsTJNeJq_q8","True","video","False","観光","足立区立みだまえ公園","","夜光電気","https://www.youtube.com/channel/UCPsjdwVy2etWVaz1m2mcyxQ","東京都足立区谷在家一丁目17-1","35.786648","139.771071","2025-01-28 02:20:10"
"yt_RD_vjd1wlR8","東京駅丸の内口　ライブカメラ","https://www.youtube.com/watch?v=RD_vjd1wlR8","True","","True","","","","大丸有まちづくり協議会","https://www.youtube.com/channel/UCoS1S0V-QdSl_xe29G8mKcQ","","35.681572","139.764886","2025-01-28 02:16:32"
"yt_eWbAddRZBUM","東京駅丸の内口 ライブカメラ - YouTube","https://www.youtube.com/watch?v=eWbAddRZBUM","False","video","False","鉄道","東京駅丸の内口","","大丸有まちづくり協議会 - YouTube","https://www.youtube.com/@user-jt9pv8hn9u","東京都千代田区丸の内一丁目9","35.681252","139.767235","2025-01-28 01:05:37"
"yt_Wofnd8OuUYk","【試験配信中】九州地方整備局　大分川映像【Live動画】","https://www.youtube.com/watch?v=Wofnd8OuUYk","True","video","True","","","","大分川・国土交通省九州地方整備局水災害予報センター・大分河川国道事務所","https://www.youtube.com/channel/UCXFM2y5gLvQlYxjQO-ravYg","","33.249453","131.621036","2025-01-28 02:16:52"
"yt_DYwimBSb26M","【配信中】大分市　　水害監視カメラ　賀来（中島）地区映像【Live動画】","https://www.youtube.com/watch?v=DYwimBSb26M","True","","True","","","","大分市水害監視カメラ","https://www.youtube.com/channel/UCn99YdjhClqrN6yAHbIQKbw","","33.20814","131.562796","2025-01-28 02:16:36"
"yt_fpbiOQtriG4","【配信中】大分市　　水害監視カメラ　片島地区映像【Live動画】","https://www.youtube.com/watch?v=fpbiOQtriG4","True","","True","","","","大分市水害監視カメラ","https://www.youtube.com/channel/UCn99YdjhClqrN6yAHbIQKbw","","33.220276","131.623912","2025-01-28 02:16:34"
"yt_Vxkl_YGloEQ","【配信中】大分市　　水害監視カメラ　志村交差点北ガード下映像【Live動画】","https://www.youtube.com/watch?v=Vxkl_YGloEQ","True","","True","","","","大分市水害監視カメラ","https://www.youtube.com/channel/UCn99YdjhClqrN6yAHbIQKbw","","33.242595","131.703051","2025-01-28 02:16:39"
"yt_6VkeSq0GfqU","【配信中】大分市　　水害監視カメラ　荏隈地区映像【Live動画】","https://www.youtube.com/watch?v=6VkeSq0GfqU","True","","True","","","","大分市水害監視カメラ","https://www.youtube.com/channel/UCn99YdjhClqrN6yAHbIQKbw","","33.214752","131.578698","2025-01-28 02:16:35"
"yt_sjibMgR0OU4","【配信中】大分市　　水害監視カメラ　滝尾橋東ガード下映像【Live動画】","https://www.youtube.com/watch?v=sjibMgR0OU4","True","video","True","","","","大分市水害監視カメラ","https://www.youtube.com/channel/UCn99YdjhClqrN6yAHbIQKbw","","33.230088","131.625949","2025-01-28 02:16:56"
"yt_s6bgz3a10j8","【配信中】大分市　　水害監視カメラ　下田尻地区映像【Live動画】","https://www.youtube.com/watch?v=s6bgz3a10j8","True","","True","","","","大分市水害監視カメラ","https://www.youtube.com/channel/UCn99YdjhClqrN6yAHbIQKbw","","33.192582","131.59678","2025-01-28 02:16:24"
"yt_I2Bm3b84Zfk","【配信中】大分市　　水害監視カメラ　皆春地区映像【Live動画】","https://www.youtube.com/watch?v=I2Bm3b84Zfk","True","video","True","","","","大分市水害監視カメラ","https://www.youtube.com/channel/UCn99YdjhClqrN6yAHbIQKbw","","33.234241","131.679145","2025-01-28 02:16:51"
"yt_jqi1TKdFfBU","【配信中】大分市　　水害監視カメラ　廻栖地区映像【Live動画】","https://www.youtube.com/watch?v=jqi1TKdFfBU","True","","True","","","","大分市水害監視カメラ","https://www.youtube.com/channel/UCn99YdjhClqrN6yAHbIQKbw","","33.171176","131.548213","2025-01-28 02:16:30"
"yt_a_BAPzFyLgE","【配信中】大分市　　水害監視カメラ　畑中地区映像【Live動画】","https://www.youtube.com/watch?v=a_BAPzFyLgE","True","video","True","","","","大分市水害監視カメラ","https://www.youtube.com/channel/UCn99YdjhClqrN6yAHbIQKbw","","33.201152","131.597907","2025-01-28 02:16:59"
"yt_aBmid2id7T4","【配信中】大分市　　水害監視カメラ　川床地区映像【Live動画】","https://www.youtube.com/watch?v=aBmid2id7T4","True","","True","","","","大分市水害監視カメラ","https://www.youtube.com/channel/UCn99YdjhClqrN6yAHbIQKbw","","33.157868","131.651531","2025-01-28 02:16:34"
"yt_1FhDSS-7ZWc","【配信中】大分市　　水害監視カメラ　津守地区映像【Live動画】","https://www.youtube.com/watch?v=1FhDSS-7ZWc","True","","True","","","","大分市水害監視カメラ","https://www.youtube.com/channel/UCn99YdjhClqrN6yAHbIQKbw","","33.216605","131.618922","2025-01-28 02:16:34"
"yt_zMM0pSdf-To","【配信中】大分市　　水害監視カメラ　国分地区映像【Live動画】","https://www.youtube.com/watch?v=zMM0pSdf-To","True","video","True","","","","大分市水害監視カメラ","https://www.youtube.com/channel/UCn99YdjhClqrN6yAHbIQKbw","","33.204851","131.561844","2025-01-28 02:16:57"
"yt_CiUgtL5hxvc","【配信中】大分市　　水害監視カメラ　常行地区映像【Live動画】","https://www.youtube.com/watch?v=CiUgtL5hxvc","True","video","True","","","","大分市水害監視カメラ","https://www.youtube.com/channel/UCn99YdjhClqrN6yAHbIQKbw","","33.213849","131.683094","2025-01-28 02:16:41"
"yt_trG4bQR2amw","【配信中】大分市　　水害監視カメラ　宮崎地区映像【Live動画】","https://www.youtube.com/watch?v=trG4bQR2amw","True","video","True","","","","大分市水害監視カメラ","https://www.youtube.com/channel/UCn99YdjhClqrN6yAHbIQKbw","","33.203201","131.609415","2025-01-28 02:16:47"
"yt_IlknH7a65Uc","【配信中】大分市　　水害監視カメラ　毛井地区映像【Live動画】","https://www.youtube.com/watch?v=IlknH7a65Uc","True","video","True","","","","大分市水害監視カメラ","https://www.youtube.com/channel/UCn99YdjhClqrN6yAHbIQKbw","","33.188211","131.67766","2025-01-28 02:16:49"
"yt_mEIAqnJDTNY","【配信中】大分市　　水害監視カメラ　三佐地区映像【Live動画】","https://www.youtube.com/watch?v=mEIAqnJDTNY","True","video","True","","","","大分市水害監視カメラ","https://www.youtube.com/channel/UCn99YdjhClqrN6yAHbIQKbw","","33.260646","131.683974","2025-01-28 02:16:41"
"yt_NM1x_DzHsDU","【配信中】大分市　　水害監視カメラ　花園地区映像【Live動画】","https://www.youtube.com/watch?v=NM1x_DzHsDU","True","","True","","","","大分市水害監視カメラ","https://www.youtube.com/channel/UCn99YdjhClqrN6yAHbIQKbw","","33.208948","131.608908","2025-01-28 02:16:31"
"yt_ddL4dnQR06Y","【配信中】大分市　　水害監視カメラ　鴛野地区映像【Live動画】","https://www.youtube.com/watch?v=ddL4dnQR06Y","True","","True","","","","大分市水害監視カメラ","https://www.youtube.com/channel/UCn99YdjhClqrN6yAHbIQKbw","","33.196316","131.611275","2025-01-28 02:16:37"
"yt_qTfdXGxZ2rs","【配信中】大分市　　水害監視カメラ　下判田（居村）地区映像【Live動画】","https://www.youtube.com/watch?v=qTfdXGxZ2rs","True","","True","","","","大分市水害監視カメラ","https://www.youtube.com/channel/UCn99YdjhClqrN6yAHbIQKbw","","33.165911","131.646066","2025-01-28 02:16:37"
"yt_PfuR_Zuv9DA","【配信中】大分市　　水害監視カメラ　下郡アンダーパス映像【Live動画】","https://www.youtube.com/watch?v=PfuR_Zuv9DA","True","","True","","","","大分市水害監視カメラ","https://www.youtube.com/channel/UCn99YdjhClqrN6yAHbIQKbw","","33.225051","131.630101","2025-01-28 02:16:31"
"yt_yri2E_poXtU","【配信中】大分市　　水害監視カメラ　明磧地区映像【Live動画】","https://www.youtube.com/watch?v=yri2E_poXtU","True","video","True","","","","大分市水害監視カメラ","https://www.youtube.com/channel/UCn99YdjhClqrN6yAHbIQKbw","","33.204593","131.588051","2025-01-28 02:16:53"
"yt_QJFuFT6W8Kg","【配信中】大分市　　水害監視カメラ　宮谷地区映像【Live動画】","https://www.youtube.com/watch?v=QJFuFT6W8Kg","True","","True","","","","大分市水害監視カメラ","https://www.youtube.com/channel/UCn99YdjhClqrN6yAHbIQKbw","","33.180694","131.688057","2025-01-28 02:16:36"
"yt_bZE294O5bIc","【配信中】大分市　　水害監視カメラ　胡麻鶴地区映像【Live動画】","https://www.youtube.com/watch?v=bZE294O5bIc","True","","True","","","","大分市水害監視カメラ","https://www.youtube.com/channel/UCn99YdjhClqrN6yAHbIQKbw","","33.176398","131.555576","2025-01-28 02:16:32"
"yt_fGjJ0kgppAU","【配信中】大分市　　水害監視カメラ　八幡地区映像【Live動画】","https://www.youtube.com/watch?v=fGjJ0kgppAU","True","video","True","","","","大分市水害監視カメラ","https://www.youtube.com/channel/UCn99YdjhClqrN6yAHbIQKbw","","33.236779","131.56884","2025-01-28 02:16:54"
"yt_94Y6ybrTYQY","[LIVE][北海道北見市常呂町]大友産業より道道北見常呂線・常呂町基線交差点ライブ (HOKKAIDO KITAMI TOKORO LIVECAMERA)","https://www.youtube.com/watch?v=94Y6ybrTYQY","True","","True","","","","大友産業ライブ","https://www.youtube.com/channel/UC3Upaut8BeI-mkk2EhqtoKA","","44.089863","144.041278","2025-01-28 00:43:31"
"yt_lt_rqgEokvI","大船駅西口ライブカメラ","https://www.youtube.com/watch?v=lt_rqgEokvI","False","video","False","鉄道","大船駅西口","","大船西チャンネル","https://www.youtube.com/channel/UCUe2zigB6jS93IZYsQlE8Gw","神奈川県鎌倉市大船一丁目1","35.351743","139.530162","2025-01-28 01:05:37"
"yt_SnhzDm_rJpI","大船駅西口ライブカメラ","https://www.youtube.com/watch?v=SnhzDm_rJpI","True","video","True","","","","大船西チャンネル","https://www.youtube.com/channel/UCUe2zigB6jS93IZYsQlE8Gw","","","","2025-01-28 01:22:13"
"yt_0TZQofgsqh0","【交通情報】冬一番の寒気”最強寒波” JR大阪駅  関西の玄関口 【LIVE CAMERA】","https://www.youtube.com/watch?v=0TZQofgsqh0","True","video","True","","","","大阪NEWS【テレビ大阪ニュース】","https://www.youtube.com/channel/UCd6GEK664CTEWRZda7Fu7Lg","","34.690635","135.521081","2025-01-28 02:16:43"
"yt_D8HrERnsjqo","淡路駅前ラボ屋上ライブカメラ（PC代替機で暫定運用中）","https://www.youtube.com/watch?v=D8HrERnsjqo","True","video","True","","","","大阪・淡路のシェアオフィス・レンタルオフィス「淡路駅前ラボ」","https://www.youtube.com/channel/UCZhBJiBbrMdw1lNasRufBfQ","","34.736903","135.516916","2025-01-28 00:41:42"
"yt_VBPyhbWZ14s","【LIVE】大阪環状線・梅田貨物線ライブカメラ JR West Osaka Loop Line","https://www.youtube.com/watch?v=VBPyhbWZ14s","True","","True","","","","大阪環状線ライブカメラ","https://www.youtube.com/channel/UCRruWUK0POjg2veibHucffQ","","34.69608","135.483972","2025-01-28 00:42:17"
"yt_OxMEju9Gl8M","【LIVE】福島駅方面 大阪環状線・梅田貨物線ライブカメラ JR West Osaka Loop Line","https://www.youtube.com/watch?v=OxMEju9Gl8M","True","","True","","","","大阪環状線ライブカメラ","https://www.youtube.com/channel/UCRruWUK0POjg2veibHucffQ","","34.695667","135.483802","2025-01-28 00:42:42"
"yt_7lcPQ97iv5I","【LIVE】Osaka Live Camera 大阪ライブカメラ 4K","https://www.youtube.com/watch?v=7lcPQ97iv5I","True","","True","","","","大阪環状線ライブカメラ","https://www.youtube.com/channel/UCRruWUK0POjg2veibHucffQ","","34.696438","135.488211","2025-01-28 00:42:57"
"yt_LW6SDfJLhM8","大鹿村【カメラ】 のライブ配信","https://www.youtube.com/watch?v=LW6SDfJLhM8","True","video","True","","","","大鹿村【カメラ】","https://www.youtube.com/channel/UCPla6azzwr5iyJQtsFtCJKA","","35.578241","138.03392","2025-01-28 00:40:42"
"yt_V9KC-k9xIGs","あまぎスカイアドベンチャー　公式ライブ配信","https://www.youtube.com/watch?v=V9KC-k9xIGs","True","video","True","","","","天城東急リゾート公式チャンネル","https://www.youtube.com/channel/UC7oOa4k0ct8rvJvMU8znyEg","","34.890323","139.030356","2025-01-28 02:16:40"
"yt_5ih6YCzC0H4","天城高原ゴルフコース　ライブカメラ","https://www.youtube.com/watch?v=5ih6YCzC0H4","True","video","True","","","","天城東急リゾート公式チャンネル","https://www.youtube.com/channel/UC7oOa4k0ct8rvJvMU8znyEg","","","","2025-01-28 02:16:09"
"yt_BpEsd-iMRlw","あまぎスカイアドベンチャー 公式ライブ配信 - YouTube","https://www.youtube.com/watch?v=BpEsd-iMRlw","False","video","False","道路","","あまぎスカイアドベンチャー","天城東急リゾート公式チャンネル - YouTube","https://www.youtube.com/@user-ox6lx1ix8c","静岡県伊豆市冷川1524","34.976906","138.383023","2025-01-28 01:05:29"
"yt_CGShW4uABuQ","天城高原サービスセンター 公式ライブ配信 - YouTube","https://www.youtube.com/watch?v=CGShW4uABuQ","False","video","False","道路","","天城高原サービスセンター","天城東急リゾート公式チャンネル - YouTube","https://www.youtube.com/@user-ox6lx1ix8c","静岡県伊豆市冷川1524-823","34.976906","138.383023","2025-01-28 01:05:29"
"yt_boAL2Q_GXTg","天城高原ゴルフコース ライブカメラ - YouTube","https://www.youtube.com/watch?v=boAL2Q_GXTg","False","video","False","その他","","天城高原ゴルフコース 東急リゾーツ&ステイ","天城東急リゾート公式チャンネル - YouTube","https://www.youtube.com/@user-ox6lx1ix8c","静岡県伊豆市菅引638-83","34.976906","138.383023","2025-01-28 01:05:29"
"yt_zppA64fWxfE","【LIVE】ライブカメラ　談山神社／奈良","https://www.youtube.com/watch?v=zppA64fWxfE","True","","False","","","","奈良テレビ放送","https://www.youtube.com/channel/UC9FTt8SigjBd2bzzH3QCCVQ","","34.46592","135.861687","2025-01-28 02:16:34"
"yt_bntevWU3Z_o","奥日光湯元温泉 ライブ配信","https://www.youtube.com/watch?v=bntevWU3Z_o","True","video","True","","","","奥日光湯元温泉 湯〜Tube","https://www.youtube.com/channel/UCy8wXIvONgiQV4jZEFE6aWQ","","","","2025-01-28 01:22:12"
"other_44eaf141cde00adb","国道4号 栃福橋","https://www.ktr.mlit.go.jp/utunomiya/utunomiya_livecamera001.html","True","image","False","道路","栃福橋","","宇都宮国道事務所","https://www.ktr.mlit.go.jp/utunomiya/utunomiya_index002.html","栃木県那須郡那須町大字豊原598","37.01977","140.121008","2024-04-21 16:44:24"
"other_c3f5f7f8b4f1a38f","国道4号 栃福橋南","https://ktr.mlit.go.jp/utunomiya/utunomiya00306.html","True","image","False","道路","栃福橋南","","宇都宮国道事務所","https://www.ktr.mlit.go.jp/utunomiya/utunomiya_index002.html","栃木県那須郡那須町大字豊原乙1958-1","37.01977","140.121008","2024-04-21 16:51:51"
"other_9391e8a854679053","国道4号 柏沼チェーン着脱所","https://www.ktr.mlit.go.jp/utunomiya/utunomiya00307.html","True","image","False","道路","柏沼チェーン着脱所","","宇都宮国道事務所","https://www.ktr.mlit.go.jp/utunomiya/utunomiya_index002.html","栃木県那須郡那須町郡那須郡那須町豊原223","37.01977","140.121008","2024-04-21 17:04:58"
"yt_g-90E4BogV4","安倍文殊院【公式】　境内ライブカメラ　2024.4.13~","https://www.youtube.com/watch?v=g-90E4BogV4","False","video","False","観光","安倍文殊院","","安倍文殊院 公式チャンネル Nara Abe-Monjuin Temple","https://www.youtube.com/channel/UCoghSJm1UPROs8O_TNV_kiA","奈良県桜井市阿部645","34.685231","135.832883","2025-01-28 02:16:20"
"yt_N6bv3FcZMXo","APPI Kogen Ski Resort Live Camera @ TOP","https://www.youtube.com/watch?v=N6bv3FcZMXo","False","video","False","山岳","安比高原スキー場山頂","","安比高原","https://www.youtube.com/channel/UCGV0llV5YRkuk7i93y-ZuVA","岩手県八幡平市安比高原117","39.956511","141.07112","2024-04-21 15:23:19"
"yt_HjRZNBm1kms","浅草寺の境内（本堂側）Precincts of Sensoji Temple (to Main Hall)","https://www.youtube.com/watch?v=HjRZNBm1kms","True","video","True","","","","宗教法人 浅草寺 公式チャンネル (Sensoji Temple)","https://www.youtube.com/channel/UCcoV6OvUSQgSOVmjZjqmeXQ","","","","2025-01-28 01:22:13"
"yt_8sp9SafNr8Q","浅草寺の境内（雷門側）Precincts of Sensoji Temple (to Kaminarimon)","https://www.youtube.com/watch?v=8sp9SafNr8Q","True","video","False","","","","宗教法人 浅草寺 公式チャンネル (Sensoji Temple)","https://www.youtube.com/channel/UCcoV6OvUSQgSOVmjZjqmeXQ","","","","2025-01-28 01:22:13"
"yt_hBiBadOukZA","浅草寺の境内（雷門側）Precincts of Sensoji Temple (to Kaminarimon) - YouTube","https://www.youtube.com/watch?v=hBiBadOukZA","False","video","False","観光","浅草寺の境内（雷門側）","","宗教法人 浅草寺 公式チャンネル (Sensoji Temple) - YouTube","https://www.youtube.com/@sensojitemple1079","東京都台東区浅草二丁目3-1","35.689568","139.691717","2025-01-28 01:05:36"
"yt_nOk4cd0kkp8","浅草寺の境内（本堂側）Precincts of Sensoji Temple (to Main Hall) - YouTube","https://www.youtube.com/watch?v=nOk4cd0kkp8","False","video","False","観光","浅草寺の境内（本堂側）","","宗教法人 浅草寺 公式チャンネル (Sensoji Temple) - YouTube","https://www.youtube.com/@sensojitemple1078","東京都台東区浅草二丁目3-1","35.689568","139.691717","2025-01-28 01:05:36"
"yt_WKV0_6jtNdg","国際通り牧志交番前、竜宮通り入口定点カメラLIVE（OKINAWA)","https://www.youtube.com/watch?v=WKV0_6jtNdg","True","video","True","","","","定点カメラ部沖縄(Fixed point camera LOVE OKINAWA)","https://www.youtube.com/channel/UCGe19IT7lTLHURGi1yZBGRw","","26.217149","127.69041","2025-01-28 00:40:38"
"yt_Nrz-uQdijNo","国際通り牧志交番前定点カメラLIVE（OKINAWA)","https://www.youtube.com/watch?v=Nrz-uQdijNo","True","video","True","","","","定点カメラ部沖縄(Fixed point camera LOVE OKINAWA)","https://www.youtube.com/channel/UCGe19IT7lTLHURGi1yZBGRw","","26.21693","127.690393","2025-01-28 00:40:15"
"yt_bRoxlgq9jX8","流星の富士山ライブカメラで星空観察！Meteor starry night Mount fuji live camera!","https://www.youtube.com/watch?v=bRoxlgq9jX8","True","","True","","","","富士山ライブカメラ Mount fuji live camera","https://www.youtube.com/channel/UCFgYp_dOj7S-wRroOxBD2Ag","","35.479373","138.611544","2025-01-28 00:43:14"
"yt_8v4Oh_59L7Y","【氷見市】お天気カメラライブ配信【富山県】","https://www.youtube.com/watch?v=8v4Oh_59L7Y","True","","True","","","","富山テレビ放送 公式チャンネル","https://www.youtube.com/channel/UCD1MsyeoR0St_aWxydu9law","","36.879389","136.987047","2025-01-28 00:43:00"
"yt_1ucLH8Hyc6c","【富山テレビ】北アルプス立山室堂お天気カメラ ライブ配信","https://www.youtube.com/watch?v=1ucLH8Hyc6c","True","video","True","","","","富山テレビ放送 公式チャンネル","https://www.youtube.com/channel/UCD1MsyeoR0St_aWxydu9law","","36.577344","137.595567","2025-01-28 00:41:40"
"yt_iZzGYJ6aSvQ","【富山テレビ】お天気カメラライブ配信","https://www.youtube.com/watch?v=iZzGYJ6aSvQ","True","video","False","","","","富山テレビ放送 公式チャンネル","https://www.youtube.com/channel/UCD1MsyeoR0St_aWxydu9law","","36.701953","137.212632","2025-01-28 00:40:57"
"yt_Qn0VMg6eJPw","【富山テレビ】北アルプス立山室堂お天気カメラ ライブ配信 - YouTube","https://www.youtube.com/watch?v=Qn0VMg6eJPw","False","video","False","山岳","北アルプス立山室堂","","富山テレビ放送 公式チャンネル - YouTube","https://www.youtube.com/@toyama_tv","富山県中新川郡立山町芦峅寺","36.583675","137.581904","2024-04-08 18:36:06"
"yt_q4KnvTlsO7Y","寒風山回転展望台のライブ配信","https://www.youtube.com/watch?v=q4KnvTlsO7Y","False","video","False","その他","寒風山回転展望台","","寒風山回転展望台","https://www.youtube.com/channel/UCmhQQ2a_ovsvHX5Sh3aW-fQ","秋田県男鹿市脇本富永寒風山62-1","39.886721","139.8475","2025-01-28 01:05:35"
"yt_-UsW0JsRZXM","海王丸ライブカメラ","https://www.youtube.com/watch?v=-UsW0JsRZXM","True","video","True","海岸","海王丸","","射水ケーブル海王丸ライブ","https://www.youtube.com/channel/UCmkNrofq9nIencouBLGGY3w","富山県射水市海王町21","36.780804","137.105892","2024-07-14 17:24:24"
"yt_jzy7BFU1Uqw","【試験配信中】九州地方整備局　小丸川映像【Live動画】","https://www.youtube.com/watch?v=jzy7BFU1Uqw","True","","True","","","","小丸川・国土交通省九州地方整備局水災害予報センター・宮崎河川国道事務所","https://www.youtube.com/channel/UCXjZvKda3koJ5wFzVMv7I2g","","32.138682","131.513904","2025-01-28 02:16:32"
"yt_gnHT29PY4hA","小山町　千束橋　河川ライブカメラ","https://www.youtube.com/watch?v=gnHT29PY4hA","True","video","True","","","","小山町テレビ共聴組合　河川ライブカメラ","https://www.youtube.com/channel/UCxRa3ji0EiKDmEY_CEqd-2Q","","35.33345","138.981134","2025-01-28 02:16:42"
"yt_X5Ew8btlVbQ","北海道の絶景を詰め込んだ天空の贅沢「小樽天狗山」","https://www.youtube.com/watch?v=X5Ew8btlVbQ","True","video","True","海岸","小樽天狗山","","小樽天狗山ロープウエイ","https://www.youtube.com/channel/UC8NuNbL1frrbS4sQcFSClvQ","北海道小樽市天狗山","43.1907527","140.994605","2024-04-13 20:05:38"
"yt_-omnmuWhwo8","小笠原村ライブカメラ①「二見港＠父島」","https://www.youtube.com/watch?v=-omnmuWhwo8","True","video","True","","","","小笠原村ライブカメラ1","https://www.youtube.com/channel/UCqw94gkzHWi7_CI1j0wmKMA","","","","2025-01-28 01:22:13"
"yt_UBnxHM03yyI","小笠原村ライブカメラ②「小港海岸＠父島」","https://www.youtube.com/watch?v=UBnxHM03yyI","True","","True","","","","小笠原村ライブカメラ2","https://www.youtube.com/channel/UCksY-Lz0QWY196Le3cZwt9w","","27.060367","142.195305","2025-01-28 00:42:18"
"yt_TjcMMqg0C68","小笠原村ライブカメラ③「沖港＠母島」","https://www.youtube.com/watch?v=TjcMMqg0C68","True","video","True","","","","小笠原村ライブカメラ3","https://www.youtube.com/channel/UCGB9igZ7cloZ1UB5C4gAyvg","","","","2025-01-28 01:22:13"
"yt_KLOsZ6IzP3U","十五所交差点ライブカメラ","https://www.youtube.com/watch?v=KLOsZ6IzP3U","True","","True","","","","山梨県南アルプス市・富士川町道路ライブカメラ","https://www.youtube.com/channel/UCHZt37s-l_ZGuWcEMiFuSVA","","35.62038","138.478334","2025-01-28 00:43:09"
"yt_oWzkS5g6oqc","浅原橋西交差点ライブカメラ","https://www.youtube.com/watch?v=oWzkS5g6oqc","True","","True","","","","山梨県南アルプス市・富士川町道路ライブカメラ","https://www.youtube.com/channel/UCHZt37s-l_ZGuWcEMiFuSVA","","35.59438","138.503415","2025-01-28 00:43:35"
"yt_jIjsSNlgflM","富士橋ライブカメラ","https://www.youtube.com/watch?v=jIjsSNlgflM","True","","True","","","","山梨県南アルプス市・富士川町道路ライブカメラ","https://www.youtube.com/channel/UCHZt37s-l_ZGuWcEMiFuSVA","","35.539601","138.462501","2025-01-28 00:42:41"
"yt_r3Qi439HTzI","白根IC西交差点ライブカメラ","https://www.youtube.com/watch?v=r3Qi439HTzI","True","","True","","","","山梨県南アルプス市・富士川町道路ライブカメラ","https://www.youtube.com/channel/UCHZt37s-l_ZGuWcEMiFuSVA","","35.638256","138.47145","2025-01-28 00:42:09"
"yt_BuBGphGBPEA","富士川大橋西交差点ライブカメラ","https://www.youtube.com/watch?v=BuBGphGBPEA","True","video","True","","","","山梨県南アルプス市・富士川町道路ライブカメラ","https://www.youtube.com/channel/UCHZt37s-l_ZGuWcEMiFuSVA","","","","2025-01-28 01:22:09"
"yt_jTmQFaMz2Hc","小笠原橋ライブカメラ","https://www.youtube.com/watch?v=jTmQFaMz2Hc","True","","True","","","","山梨県南アルプス市・富士川町道路ライブカメラ","https://www.youtube.com/channel/UCHZt37s-l_ZGuWcEMiFuSVA","","35.6119","138.466701","2025-01-28 00:42:51"
"yt_sgzeogDT4c4","南アルプスIC西交差点ライブカメラ","https://www.youtube.com/watch?v=sgzeogDT4c4","True","video","True","","","","山梨県南アルプス市・富士川町道路ライブカメラ","https://www.youtube.com/channel/UCHZt37s-l_ZGuWcEMiFuSVA","","35.613402","138.479591","2025-01-28 00:41:52"
"yt_XlCFjPwPH2s","開国橋西交差点ライブカメラ","https://www.youtube.com/watch?v=XlCFjPwPH2s","True","","True","","","","山梨県南アルプス市・富士川町道路ライブカメラ","https://www.youtube.com/channel/UCHZt37s-l_ZGuWcEMiFuSVA","","35.636632","138.499201","2025-01-28 00:43:18"
"yt_SitepD5vzlM","御勅使川橋ライブカメラ","https://www.youtube.com/watch?v=SitepD5vzlM","True","","True","","","","山梨県南アルプス市・富士川町道路ライブカメラ","https://www.youtube.com/channel/UCHZt37s-l_ZGuWcEMiFuSVA","","35.670888","138.464554","2025-01-28 00:43:25"
"yt_HvYIQxERbIo","三郡橋北交差点ライブカメラ","https://www.youtube.com/watch?v=HvYIQxERbIo","True","video","True","","","","山梨県南アルプス市・富士川町道路ライブカメラ","https://www.youtube.com/channel/UCHZt37s-l_ZGuWcEMiFuSVA","","","","2025-01-28 01:22:09"
"yt_IqnTjRGTLb4","道路カメラ_春日北交差点","https://www.youtube.com/watch?v=IqnTjRGTLb4","True","video","False","道路","","","山陰ケーブルビジョン株式会社","https://www.youtube.com/channel/UCa6LoR3TlZ934EBz2osTfuw","","","","2024-05-22 20:28:11"
"yt_Lo1mf9sTVjg","【LIVE】岡垣町波津海岸ライブカメラ【 Live Camera Okagaki Fukuoka】","https://www.youtube.com/watch?v=Lo1mf9sTVjg","True","video","True","","","","岡垣町観光協会Okagaki Town","https://www.youtube.com/channel/UCMj5mfLSlOmx-rOpquoErDQ","","33.879641","130.574215","2025-01-28 00:41:46"
"other_8240a944d67a364b","錦帯橋・ライブカメラ","http://202.87.238.166/live/index.html?Language=1&ViewMode=pull","True","image","False","河川","錦帯橋","","岩国市公式ホームページ","https://kintaikyo.iwakuni-city.net/liveview.html#","山口県岩国市岩国","34.1665","132.218942","2024-04-10 15:59:37"
"yt_Zkpob4q7khs","🌸鹿児島県南九州市岩屋公園内の清水磨崖仏群です。","https://www.youtube.com/watch?v=Zkpob4q7khs","True","","True","","","","岩屋公園キャンプ場","https://www.youtube.com/channel/UCLJ0rTvZbfsySSR0WX6HJDQ","","31.418575","130.426689","2025-01-28 00:43:18"
"yt_oXaOIgopWEc","🏊‍♂️🎥鹿児島県南九州市　岩屋公園紅葉ライブカメラ","https://www.youtube.com/watch?v=oXaOIgopWEc","True","","True","","","","岩屋公園キャンプ場","https://www.youtube.com/channel/UCLJ0rTvZbfsySSR0WX6HJDQ","","31.418575","130.426689","2025-01-28 02:16:32"
"yt_r5UvbonRGIE","🌸🎥鹿児島県南九州市 岩屋公園キャンプ場 桜の開花状況CAM - YouTube","https://www.youtube.com/watch?v=r5UvbonRGIE","False","video","False","河川","岩屋公園キャンプ場","岩屋公園キャンプ場","岩屋公園キャンプ場 - YouTube","https://www.youtube.com/@iwayacamp/streams","鹿児島県南九州市川辺町清水3882","31.560185","130.558141","2024-04-21 15:17:12"
"yt_DsPXBk0VxnI","🎥LIVECAM 岩屋公園キャンプ場流水プールカメラ（万之瀬川） - YouTube","https://www.youtube.com/watch?v=DsPXBk0VxnI","False","video","False","河川","万之瀬川","岩屋公園キャンプ場","岩屋公園キャンプ場 - YouTube","https://www.youtube.com/@iwayacamp/streams","鹿児島県南九州市川辺町清水3882","31.560185","130.558141","2024-04-21 15:16:42"
"yt_zv8sv0F2CFU","🌸鹿児島県南九州市岩屋公園内の清水磨崖仏群です。 - YouTube","https://www.youtube.com/watch?v=zv8sv0F2CFU","False","video","False","山岳","清水磨崖仏","岩屋公園サクラノヤカタ","岩屋公園キャンプ場 - YouTube","https://www.youtube.com/@iwayacamp/streams","鹿児島県南九州市川辺町清水3882","31.560185","130.558141","2024-04-21 15:14:52"
"yt_AtLlxFVqaZc","岩手県盛岡市向中野ライブカメラ「Iwate Morioka Live camera.World cam","https://www.youtube.com/watch?v=AtLlxFVqaZc","False","video","False","","","","岩手県盛岡市向中野ライブカメラ","https://www.youtube.com/channel/UCVp9VZkcMxHqXadxuD-khig","","","","2025-01-28 01:22:08"
"yt_35-cJjbXpMM","金剛山ライブカメラ 即時影像 🔴Osaka Mountain View Lofi Live Camera 24/7 livestreaming Japan","https://www.youtube.com/watch?v=35-cJjbXpMM","True","","True","","","","岩湧山麓ライブ (Haru)","https://www.youtube.com/channel/UCcPKnMWTarUmTln_c3OV0kA","","34.444763","135.565118","2025-01-28 00:42:12"
"yt_gL_4PNOwEHI","平等寺境内ライブ配信 徳島県阿南市@四国の右下","https://www.youtube.com/watch?v=gL_4PNOwEHI","True","video","False","","","","平等寺","https://www.youtube.com/channel/UC_MPR_BZ_39Vkd6MDSpIMkw","","33.851744","134.582626","2025-01-28 00:40:11"
"yt_mg2N0GD9y_A","【24時間ライブ】四国八十八ヶ所 第二十二番・平等寺｜いつでも心と身体を癒すリモート参拝","https://www.youtube.com/watch?v=mg2N0GD9y_A","True","video","True","","","","平等寺","https://www.youtube.com/channel/UC_MPR_BZ_39Vkd6MDSpIMkw","","33.85198","134.58269","2025-01-28 00:40:02"
"yt_KsbpVJ1GTtQ","【LIVE】広島空港　/Hiroshima Airport","https://www.youtube.com/watch?v=KsbpVJ1GTtQ","False","video","False","空港","広島空港","","広テレ!NEWS","https://www.youtube.com/channel/UCyHdFYJyt4Ihwuscuk5ALJA","広島県三原市本郷町善入寺64-31","34.436868","132.909136","2025-01-28 02:16:21"
"yt_oVmSZJxLebw","【LIVE】広島空港　/Hiroshima Airport","https://www.youtube.com/watch?v=oVmSZJxLebw","True","","True","","","","広テレ!NEWS","https://www.youtube.com/channel/UCyHdFYJyt4Ihwuscuk5ALJA","","34.439916","132.919141","2025-01-28 02:16:35"
"yt_iH_GQD4hVrM","【LIVE】広島 平和記念公園　Hiroshima Peace Memorial Park","https://www.youtube.com/watch?v=iH_GQD4hVrM","True","","False","","","","広テレ!NEWS","https://www.youtube.com/channel/UCyHdFYJyt4Ihwuscuk5ALJA","","34.391878","132.452154","2025-01-28 02:16:35"
"yt_Wow3OuupY68","【LIVE】西広島バイパスのライブ配信","https://www.youtube.com/watch?v=Wow3OuupY68","True","video","True","","","","広島WEST","https://www.youtube.com/channel/UCbMVSPVpUljBwGoLLt2O3Pg","","34.394559","132.415681","2025-01-28 00:41:12"
"yt_m9vpLO3EZKo","TSS情報カメラ　ライブ配信 / LIVE Camera","https://www.youtube.com/watch?v=m9vpLO3EZKo","True","video","False","","","","広島ニュース TSS","https://www.youtube.com/channel/UC7_jFLwpm5apDF-v-pXZb4w","","34.392759","132.452802","2025-01-28 02:16:56"
"yt_p-E2Z9ZVN9w","弁慶橋ボート場ライブカメラ","https://www.youtube.com/watch?v=p-E2Z9ZVN9w","True","video","True","","","","弁慶橋ボート場","https://www.youtube.com/channel/UC6e0p2aA2SpQDo0U38I_LSA","","35.678987","139.736048","2025-01-28 00:40:51"
"other_3da3e30be8128ef4","ライブカメラ | 御在所ロープウエイ","https://www.gozaisho.co.jp/livecamera/","True","image","False","山岳","御在所ロープウエイ","御在所ロープウエイ山上公園駅","御在所ロープウエイ | 三重県菰野町 湯の山温泉 | 広がる大自然、大パノラマ、15分間の空中散歩","https://www.gozaisho.co.jp/","三重県三重郡菰野町大字菰野 ロープウェイ山上公園駅","35.008765","136.469361","2024-04-21 17:27:41"
"yt_-7wVFbhyGZM","日和佐川　海部郡美波町西河内","https://www.youtube.com/watch?v=-7wVFbhyGZM","True","","True","","","","徳島県河川整備課","https://www.youtube.com/channel/UCXJ_ME7jWCW7CgrzKUqsD8g","","33.738666","134.529553","2025-01-28 02:16:32"
"yt_a_IdeVdNw4c","大谷川　鳴門市大麻町大谷","https://www.youtube.com/watch?v=a_IdeVdNw4c","True","video","True","","","","徳島県河川整備課","https://www.youtube.com/channel/UCXJ_ME7jWCW7CgrzKUqsD8g","","34.179074","134.548284","2025-01-28 02:16:45"
"yt_o9kIF7XfqFU","新池川　鳴門市大津町木津野","https://www.youtube.com/watch?v=o9kIF7XfqFU","True","video","True","","","","徳島県河川整備課","https://www.youtube.com/channel/UCXJ_ME7jWCW7CgrzKUqsD8g","","34.170673","134.596295","2025-01-28 02:17:01"
"yt_1PGN-cA9FJ0","福井川　阿南市福井町大西","https://www.youtube.com/watch?v=1PGN-cA9FJ0","True","","True","","","","徳島県河川整備課","https://www.youtube.com/channel/UCXJ_ME7jWCW7CgrzKUqsD8g","","33.838356","134.624008","2025-01-28 02:16:25"
"yt_R8K3Tsi-u3s","岡川　阿南市宝田町平岡","https://www.youtube.com/watch?v=R8K3Tsi-u3s","True","video","True","","","","徳島県河川整備課","https://www.youtube.com/channel/UCXJ_ME7jWCW7CgrzKUqsD8g","","33.926569","134.629135","2025-01-28 02:16:55"
"yt_SqSBjpZlrVM","那賀川　那賀郡那賀町和食","https://www.youtube.com/watch?v=SqSBjpZlrVM","True","video","True","","","","徳島県河川整備課","https://www.youtube.com/channel/UCXJ_ME7jWCW7CgrzKUqsD8g","","33.861609","134.504722","2025-01-28 02:16:49"
"yt_1Ezy30iyfcg","桑野川　阿南市桑野町管増","https://www.youtube.com/watch?v=1Ezy30iyfcg","True","","True","","","","徳島県河川整備課","https://www.youtube.com/channel/UCXJ_ME7jWCW7CgrzKUqsD8g","","33.887547","134.613706","2025-01-28 02:16:33"
"yt_1W4IDiX4euo","川田川　吉野川市山川町井上","https://www.youtube.com/watch?v=1W4IDiX4euo","True","video","True","","","","徳島県河川整備課","https://www.youtube.com/channel/UCXJ_ME7jWCW7CgrzKUqsD8g","","34.043507","134.226942","2025-01-28 02:16:56"
"yt_3ejXv1NbRHE","勝浦川　小松島市江田町中道","https://www.youtube.com/watch?v=3ejXv1NbRHE","True","video","True","","","","徳島県河川整備課","https://www.youtube.com/channel/UCXJ_ME7jWCW7CgrzKUqsD8g","","34.019313","134.564778","2025-01-28 02:16:41"
"yt_8LwOqSzpWKQ","穴吹川　美馬市穴吹町穴吹","https://www.youtube.com/watch?v=8LwOqSzpWKQ","True","video","True","","","","徳島県河川整備課","https://www.youtube.com/channel/UCXJ_ME7jWCW7CgrzKUqsD8g","","34.051191","134.175032","2025-01-28 02:16:58"
"yt_vjn7oBN3C_Y","神田瀬川　小松島市中郷町","https://www.youtube.com/watch?v=vjn7oBN3C_Y","True","","True","","","","徳島県河川整備課","https://www.youtube.com/channel/UCXJ_ME7jWCW7CgrzKUqsD8g","","34.009708","134.577451","2025-01-28 02:16:25"
"yt_V7-EGqxB8hg","加茂谷川　東みよし町加茂","https://www.youtube.com/watch?v=V7-EGqxB8hg","True","video","True","","","","徳島県河川整備課","https://www.youtube.com/channel/UCXJ_ME7jWCW7CgrzKUqsD8g","","33.89805","134.547463","2025-01-28 02:16:57"
"yt_KS5cZdk43-8","飯尾川　名西郡石井町高川原","https://www.youtube.com/watch?v=KS5cZdk43-8","True","video","True","","","","徳島県河川整備課","https://www.youtube.com/channel/UCXJ_ME7jWCW7CgrzKUqsD8g","","34.082725","134.446064","2025-01-28 02:16:44"
"yt__NgQTuQH1_E","宮川内谷川　阿波市土成町高尾","https://www.youtube.com/watch?v=_NgQTuQH1_E","True","","True","","","","徳島県河川整備課","https://www.youtube.com/channel/UCXJ_ME7jWCW7CgrzKUqsD8g","","34.114208","134.377186","2025-01-28 02:16:37"
"yt_IfoB9I0lKMc","園瀬川　徳島市八万町下長谷","https://www.youtube.com/watch?v=IfoB9I0lKMc","True","video","True","","","","徳島県河川整備課","https://www.youtube.com/channel/UCXJ_ME7jWCW7CgrzKUqsD8g","","34.043178","134.523577","2025-01-28 02:16:52"
"yt_OWgAEASUYd0","宮川内谷川　板野郡上板町七條","https://www.youtube.com/watch?v=OWgAEASUYd0","True","","True","","","","徳島県河川整備課","https://www.youtube.com/channel/UCXJ_ME7jWCW7CgrzKUqsD8g","","34.113574","134.40269","2025-01-28 02:16:27"
"yt_hWc2-Kp3M0o","宍喰川　海部郡海陽町宍喰浦","https://www.youtube.com/watch?v=hWc2-Kp3M0o","True","video","True","","","","徳島県河川整備課","https://www.youtube.com/channel/UCXJ_ME7jWCW7CgrzKUqsD8g","","33.565146","134.299359","2025-01-28 02:16:42"
"yt_n-rX4VAr5-g","奥潟川　美波町奥河内","https://www.youtube.com/watch?v=n-rX4VAr5-g","True","video","True","","","","徳島県河川整備課","https://www.youtube.com/channel/UCXJ_ME7jWCW7CgrzKUqsD8g","","33.723929","134.53099","2025-01-28 02:16:57"
"yt_G-XjnXBIO_Y","牟岐川　牟岐町河内","https://www.youtube.com/watch?v=G-XjnXBIO_Y","True","video","True","","","","徳島県河川整備課","https://www.youtube.com/channel/UCXJ_ME7jWCW7CgrzKUqsD8g","","33.692336","134.413767","2025-01-28 02:16:51"
"yt_xtr_tg4irkU","山口谷川　東みよし町中庄","https://www.youtube.com/watch?v=xtr_tg4irkU","True","video","True","","","","徳島県河川整備課","https://www.youtube.com/channel/UCXJ_ME7jWCW7CgrzKUqsD8g","","34.035036","133.966416","2025-01-28 02:16:58"
"yt_RO1kLk13o-I","海部川　海部郡海陽町奥浦","https://www.youtube.com/watch?v=RO1kLk13o-I","True","","True","","","","徳島県河川整備課","https://www.youtube.com/channel/UCXJ_ME7jWCW7CgrzKUqsD8g","","33.596457","134.353675","2025-01-28 02:16:25"
"yt_ukK8Zi3pIp0","宮川内谷川　板野郡板野町唐園","https://www.youtube.com/watch?v=ukK8Zi3pIp0","True","","True","","","","徳島県河川整備課","https://www.youtube.com/channel/UCXJ_ME7jWCW7CgrzKUqsD8g","","34.116028","134.367722","2025-01-28 02:16:33"
"yt_2Jwvo4C7qKg","貞光川　美馬郡つるぎ町貞光岡","https://www.youtube.com/watch?v=2Jwvo4C7qKg","True","video","True","","","","徳島県河川整備課","https://www.youtube.com/channel/UCXJ_ME7jWCW7CgrzKUqsD8g","","34.031175","134.064245","2025-01-28 02:17:00"
"yt_xKQeqCTHe88","那賀川　那賀町木頭出原","https://www.youtube.com/watch?v=xKQeqCTHe88","True","video","True","","","","徳島県河川整備課","https://www.youtube.com/channel/UCXJ_ME7jWCW7CgrzKUqsD8g","","33.770605","134.203766","2025-01-28 02:16:49"
"yt_7LKhgY4hs44","那賀川　那賀町鮎川","https://www.youtube.com/watch?v=7LKhgY4hs44","True","","True","","","","徳島県河川整備課","https://www.youtube.com/channel/UCXJ_ME7jWCW7CgrzKUqsD8g","","33.826345","134.486075","2025-01-28 02:16:34"
"yt_Ohc2S5sJDuQ","心月齋_一葉観音と池の鯉 LIVE 1","https://www.youtube.com/watch?v=Ohc2S5sJDuQ","True","","True","","","","心月齋_一葉観音と池の鯉","https://www.youtube.com/channel/UCtnNZkYqcfMeId0cKvxBbPA","","34.809004","136.910539","2025-01-28 00:43:02"
"yt_JItW1VLeB2A","志木市　河川監視カメラ　新河岸川・柳瀬川合流地点","https://www.youtube.com/watch?v=JItW1VLeB2A","True","video","True","","","","志木防災","https://www.youtube.com/channel/UCdsNCWzRvVy51hWCcqqLOpA","","35.834605","139.582154","2025-01-28 02:16:54"
"yt_6bDvj0FVNV4","恐羅漢スノーパーク&恐羅漢エコロジーキャンプ場 のライブ配信","https://www.youtube.com/watch?v=6bDvj0FVNV4","True","video","True","","","","恐羅漢スノーパーク&恐羅漢エコロジーキャンプ場","https://www.youtube.com/channel/UCP31tAaN6scBcVAmgf2i1yg","","34.600617","132.143229","2025-01-28 00:41:08"
"yt_JzelSFIDEPA","恐羅漢スノーパーク　ロッジ前標高900ｍ付近です","https://www.youtube.com/watch?v=JzelSFIDEPA","True","video","True","","","","恐羅漢スノーパーク&恐羅漢エコロジーキャンプ場","https://www.youtube.com/channel/UCP31tAaN6scBcVAmgf2i1yg","","34.596007","132.14787","2025-01-28 02:17:00"
"yt_RbHLD5VfF2I","恐羅漢スノーパークLIVE 立山トリプルリフト乗り場標高1000ｍ付近です","https://www.youtube.com/watch?v=RbHLD5VfF2I","True","","True","","","","恐羅漢スノーパーク&恐羅漢エコロジーキャンプ場","https://www.youtube.com/channel/UCP31tAaN6scBcVAmgf2i1yg","","34.596072","132.132474","2025-01-28 00:42:03"
"yt_KiMeFMZ-_ms","【LIVE】新光電子株式会社　屋上ライブカメラ（富士山、新幹線、ドクターイエロー、小田原ー鴨宮）","https://www.youtube.com/watch?v=KiMeFMZ-_ms","True","video","True","","","","新光電子株式会社Shinkoh-elecs.","https://www.youtube.com/channel/UCvH1EV3qs86KgF-tbOVdmyQ","","35.272601","139.17894","2025-01-28 02:16:45"
"yt_g1rT-9mHzns","【LIVE】佐賀市お天気ライブカメラ(北方面)／Saga City, Saga Perf, Japan Weather LiveCAM LIVE(North side)","https://www.youtube.com/watch?v=g1rT-9mHzns","True","","True","","","","新栄地研株式会社／車載動画・空撮","https://www.youtube.com/channel/UCvKPdEH175PWXTqbIrm2uyA","","33.279726","130.285305","2025-01-28 00:43:15"
"yt_MUnfLeaTaQU","＜LIVE配信＞新潟駅前ライブカメラ　リニューアル工事が進む新潟駅（新潟市中央区）","https://www.youtube.com/watch?v=MUnfLeaTaQU","True","video","True","鉄道","新潟駅","","新潟ニュース NST　-NIIGATA NEWS NST-","https://www.youtube.com/channel/UC8iN-WKPu820ve-4t9NxHRw","長野県長野市長野元善町 491番地 イ","","","2025-01-28 02:16:18"
"yt_mwTyv5WRFtc","＜LIVE＞新潟市ライブカメラ Live Camera, Niigata,  #新潟県 #新潟市 #信濃川","https://www.youtube.com/watch?v=mwTyv5WRFtc","True","video","True","","","","新潟ニュース NST　-NIIGATA NEWS NST-","https://www.youtube.com/channel/UC8iN-WKPu820ve-4t9NxHRw","","37.915314","139.051119","2025-01-28 02:16:59"
"yt_npUguwCxiwI","新潟日報メディアシップ２０階のライブカメラ【北側】　Live Camera in Niigata","https://www.youtube.com/watch?v=npUguwCxiwI","True","video","True","","","","新潟日報","https://www.youtube.com/channel/UCYw6U1n6ezcRmZ9JJPSWI4g","","37.918602","139.056058","2025-01-28 02:16:50"
"yt_pMbRfaiC8pc","新潟日報メディアシップ２０階のライブカメラ【西側】　Live Camera in Niigata","https://www.youtube.com/watch?v=pMbRfaiC8pc","True","","True","","","","新潟日報","https://www.youtube.com/channel/UCYw6U1n6ezcRmZ9JJPSWI4g","","37.918479","139.055667","2025-01-28 02:16:30"
"yt_M5klvNOe5eg","新潟日報メディアシップ２０階のライブカメラ【南側】　Live Camera in Niigata","https://www.youtube.com/watch?v=M5klvNOe5eg","True","","True","","","","新潟日報","https://www.youtube.com/channel/UCYw6U1n6ezcRmZ9JJPSWI4g","","37.918267","139.056235","2025-01-28 02:16:29"
"yt_8TXnJlef2zw","新潟日報メディアシップ２０階のライブカメラ【東側】　Live Camera in Niigata","https://www.youtube.com/watch?v=8TXnJlef2zw","True","video","True","","","","新潟日報","https://www.youtube.com/channel/UCYw6U1n6ezcRmZ9JJPSWI4g","","37.918208","139.056318","2025-01-28 02:16:51"
"yt_xoURwt56Pes","新潟県立紫雲寺記念公園 オートキャンプ場からのライブ配信","https://www.youtube.com/watch?v=xoURwt56Pes","True","","True","","","","新潟県立紫雲寺記念公園","https://www.youtube.com/channel/UCD8dLBNs1zi8ZOWXU7TQGlQ","","38.035684","139.296427","2025-01-28 00:42:27"
"yt_EEIVCc5hmMk","【ライブカメラ】羽田空港 ""T2"" HANEDA,Tokyo International Airport（日テレNEWS LIVE）","https://www.youtube.com/watch?v=EEIVCc5hmMk","True","","True","","","","日テレNEWS","https://www.youtube.com/channel/UCuTAXTexrhetbOe3zgskJBQ","","35.550946","139.78759","2025-01-28 00:42:52"
"yt_x_fHq3B_UP4","【ライブカメラ】羽田空港 ""T2"" HANEDA,Tokyo International Airport（日テレNEWS LIVE）","https://www.youtube.com/watch?v=x_fHq3B_UP4","False","video","False","空港","羽田空港 第2ターミナル","","日テレNEWS","https://www.youtube.com/channel/UCuTAXTexrhetbOe3zgskJBQ","東京都大田区羽田空港三丁目4-2","35.689568","139.691717","2025-01-28 01:05:37"
"yt_TOvglnomUQA","【チャットでライブ】東京スカイツリー　癒やしの音楽とともに　今日のライトアップは？今日の天気は？","https://www.youtube.com/watch?v=TOvglnomUQA","True","video","True","","","","日テレNEWS","https://www.youtube.com/channel/UCuTAXTexrhetbOe3zgskJBQ","","35.701808","139.774537","2025-01-28 02:16:58"
"yt_DU-tsAEboZo","【ライブカメラ】羽田空港 ""T1"" ""T3"" HANEDA,Tokyo International Airport（日テレNEWS LIVE）","https://www.youtube.com/watch?v=DU-tsAEboZo","True","","True","","","","日テレNEWS","https://www.youtube.com/channel/UCuTAXTexrhetbOe3zgskJBQ","","35.548624","139.785556","2025-01-28 00:42:21"
"yt_IWvhBHlo0gs","【LIVE】湖上苑　中禅寺湖のライブカメラ　Live from KOJOEN, Lake Chuzenji, Nikko ,Japan","https://www.youtube.com/watch?v=IWvhBHlo0gs","True","video","True","","","","日光 中禅寺温泉【湖上苑】公式チャンネル","https://www.youtube.com/channel/UChy0DnkIETJW0MWR7hIRKBA","","","","2025-01-28 02:16:12"
"yt_DBq29oW7YGQ","【LIVE】湖上苑　道路側ライブカメラ　Live from KOJOEN, Road Side View, Nikko ,Japan","https://www.youtube.com/watch?v=DBq29oW7YGQ","True","video","True","","","","日光 中禅寺温泉【湖上苑】公式チャンネル","https://www.youtube.com/channel/UChy0DnkIETJW0MWR7hIRKBA","","","","2025-01-28 02:16:13"
"yt_yujHR3zx0K0","日光二荒山神社 中宮祠 ライブカメラ","https://www.youtube.com/watch?v=yujHR3zx0K0","True","video","True","","","","日光二荒山神社 ライブカメラ","https://www.youtube.com/channel/UCwYeh4cu-0z0hFd3wwYgzeA","","","","2025-01-28 01:22:12"
"yt_DeMf-0vMGoI","日光二荒山神社 神橋 ライブカメラ","https://www.youtube.com/watch?v=DeMf-0vMGoI","True","video","True","","","","日光二荒山神社 ライブカメラ","https://www.youtube.com/channel/UCwYeh4cu-0z0hFd3wwYgzeA","","","","2025-01-28 01:22:12"
"yt_9Y2Z2tdnnjE","日光二荒山神社 神橋 ライブカメラ","https://www.youtube.com/watch?v=9Y2Z2tdnnjE","False","video","False","観光","栃木県日光市","日光二荒山神社 神橋","日光二荒山神社 ライブカメラ","https://www.youtube.com/channel/UCwYeh4cu-0z0hFd3wwYgzeA","東京都港区台場１丁目１−１ シーリアお台場一番街１号棟","","","2025-01-28 01:22:06"
"yt_Xwsir4Mxgl8","奥日光診療所（中禅寺湖畔）ライブカメラ　運が良ければ、おサルさんが見れる！？","https://www.youtube.com/watch?v=Xwsir4Mxgl8","True","video","False","","","","日光市民病院","https://www.youtube.com/channel/UC693BB4qlwGfaqoMRsIyI4Q","","","","2025-01-28 02:16:15"
"yt_iUv0YNfyhmI","日光市民病院 ライブカメラ","https://www.youtube.com/watch?v=iUv0YNfyhmI","True","video","True","","","","日光市民病院","https://www.youtube.com/channel/UC693BB4qlwGfaqoMRsIyI4Q","","","","2025-01-28 01:22:09"
"other_836ab1df32760909","頭部日光駅前ライブカメラ","http://www.bussanshokai.com/camera/index.shtml","True","image","False","鉄道","東武日光駅","金谷ホテルベーカリー東武日光駅前店 ラ・セゾン","日光物産商会｜日光国立公園 神橋のすぐそば","https://www.bussanshokai.com/","栃木県日光市松原町1-7","36.719861","139.698204","2024-04-11 18:35:37"
"yt_XX0SK-yVja4","日本平動物園ホッキョクグマ（ロッシー・バニラ）ライブカメラ","https://www.youtube.com/watch?v=XX0SK-yVja4","True","","True","","","","日本平動物園","https://www.youtube.com/channel/UCtGDkpAywmLD6wzYGU5hv5A","","34.980157","138.44035","2025-01-28 00:43:17"
"yt_9SlBmE-QuxI","堂平天文台ライブカメラ","https://www.youtube.com/watch?v=9SlBmE-QuxI","True","video","True","","","","日本電業工作株式会社","https://www.youtube.com/channel/UCyvZIeTzyjLvzvKSD_Qvj-w","","36.005584","139.191001","2025-01-28 00:41:22"
"yt_efr2nMonp1k","明石川流域防災カメラ","https://www.youtube.com/watch?v=efr2nMonp1k","True","","True","","","","明石市防災","https://www.youtube.com/channel/UCxrjPIpQEBERYAISg5PU1lA","","34.649545","134.984802","2025-01-28 00:42:32"
"yt_1wTdc4iUlE4","【LIVE】東京空色ライブカメラ / Tokyo Skycolor Live Camera","https://www.youtube.com/watch?v=1wTdc4iUlE4","True","video","True","","","","映像コンサルドットコム","https://www.youtube.com/channel/UC7Et2H7QnWjaIY938jqrwKQ","","35.662","139.723483","2025-01-28 00:41:15"
"yt_C1F9PaVlav0","ライブカメラ","https://www.youtube.com/watch?v=C1F9PaVlav0","True","","True","","","","昭和女子大TV","https://www.youtube.com/channel/UCumLXcgmhPZ2McjbRsVSf_A","","35.643575","139.676978","2025-01-28 00:42:23"
"yt_-dHV2OZgmvI","あらぎ島（ライブ配信）","https://www.youtube.com/watch?v=-dHV2OZgmvI","True","video","True","","","","有田川町役場","https://www.youtube.com/channel/UCFIdI-Z0Tkg3BdAEH39yYUA","","34.094032","135.420037","2025-01-28 00:41:44"
"yt_e-ZxY8OU6v0","有限会社インターラック (Interluck Co.,Ltd) ライブ配信　新モデル（2眼Panoramaカメラ）","https://www.youtube.com/watch?v=e-ZxY8OU6v0","True","video","True","","","","有限会社インターラックInterluck Co.,Ltd","https://www.youtube.com/channel/UCgSK0uLZsmVZ-ldzPGLw2Ug","","31.919026","131.411795","2025-01-28 02:16:41"
"yt_G77akGCr9yM","厚沢部町ライブカメラ Assabu.Hokkaidou","https://www.youtube.com/watch?v=G77akGCr9yM","True","video","True","","","","有限会社マルジュウ高田 厚沢部観光バス","https://www.youtube.com/channel/UCQPFueJNZut3Bk5fiViOt2Q","","41.916535","140.224003","2025-01-28 00:40:35"
"yt__oPs95Sb4Rc","厚沢部町ライブカメラ Assabu.Hokkaidou - YouTube","https://www.youtube.com/watch?v=_oPs95Sb4Rc","False","video","False","道路","北海道檜山郡厚沢部町本町の交差点","","有限会社マルジュウ高田 厚沢部観光バス - YouTube","https://www.youtube.com/@user-nn5xh1kt1t","北海道檜山郡厚沢部町本町27-1","41.9162651","140.223951","2025-01-28 01:05:42"
"yt_EuOZeHQmg-4","【LIVE】銀座ライブカメラ　数寄屋橋スクランブル交差点 Sukiyabashi crossing in Ginza, Tokyo 스키야바시 긴자","https://www.youtube.com/watch?v=EuOZeHQmg-4","False","video","False","その他","数寄屋橋のスクランブル交差点（銀座）","有楽町駅前の有楽町マリオン","朝日新聞LIVE","https://www.youtube.com/channel/UCaHr0a1x8zmQ1dxanCeuesA","東京都千代田区有楽町二丁目5-1","35.673578","139.762796","2025-01-28 02:16:22"
"yt_G7R2pYUxzk0","【LIVE】鹿児島・桜島ライブカメラ   SAKURAJIMA - The Active volcano in Japan","https://www.youtube.com/watch?v=G7R2pYUxzk0","False","video","False","山岳","桜島","鹿児島県垂水市","朝日新聞LIVE","https://www.youtube.com/channel/UCaHr0a1x8zmQ1dxanCeuesA","鹿児島県垂水市","31.560185","130.558141","2025-01-28 02:17:03"
"yt_mYhkthVZUhY","【LIVE】東京国際空港（羽田空港）ライブカメラ＠朝日新聞社格納庫　第２","https://www.youtube.com/watch?v=mYhkthVZUhY","True","video","True","","","","朝日新聞LIVE","https://www.youtube.com/channel/UCaHr0a1x8zmQ1dxanCeuesA","","35.556601","139.768438","2025-01-28 02:16:43"
"yt_qhHlmcYv20w","【LIVE】成田空港ライブカメラ　A滑走路（中央）＠朝日新聞成田支局  LIVE at Narita International airport","https://www.youtube.com/watch?v=qhHlmcYv20w","True","","True","","","","朝日新聞LIVE","https://www.youtube.com/channel/UCaHr0a1x8zmQ1dxanCeuesA","","35.747775","140.37433","2025-01-28 02:16:33"
"yt_eQqhs5ldjLs","【LIVE】仙台・広瀬通＠朝日新聞社仙台総局　Hirosedori street in Sendai","https://www.youtube.com/watch?v=eQqhs5ldjLs","True","","True","","","","朝日新聞LIVE","https://www.youtube.com/channel/UCaHr0a1x8zmQ1dxanCeuesA","","38.263047","140.874977","2025-01-28 02:16:28"
"yt_CUGaNl8iOWQ","【LIVE】東京国際空港（羽田空港）ライブカメラ＠朝日新聞社格納庫","https://www.youtube.com/watch?v=CUGaNl8iOWQ","False","video","False","空港","羽田空港","朝日新聞社の格納庫","朝日新聞LIVE","https://www.youtube.com/channel/UCaHr0a1x8zmQ1dxanCeuesA","東京都大田区羽田空港","35.56126","139.715987","2025-01-28 01:05:34"
"yt_ClAXk49nOSw","【LIVE】仙台・広瀬通＠朝日新聞社仙台総局　Hirosedori street in Sendai","https://www.youtube.com/watch?v=ClAXk49nOSw","False","video","False","道路","仙台市","朝日新聞仙台総局","朝日新聞LIVE","https://www.youtube.com/channel/UCaHr0a1x8zmQ1dxanCeuesA","宮城県仙台市青葉区本町二丁目2-6","38.2630654","140.875781","2025-01-28 02:16:22"
"yt_CHXW4n6IUv8","【LIVE】銀座ライブカメラ　数寄屋橋スクランブル交差点 Sukiyabashi crossing in Ginza, Tokyo 스키야바시 긴자","https://www.youtube.com/watch?v=CHXW4n6IUv8","True","video","True","","","","朝日新聞LIVE","https://www.youtube.com/channel/UCaHr0a1x8zmQ1dxanCeuesA","","35.672138","139.763534","2025-01-28 02:16:59"
"yt_TmoR3-XKgcI","【LIVE】明石海峡大橋ライブカメラ　瀬戸内海や淡路島の現在の様子　Akashi kaikyo Bridge and Awaji island","https://www.youtube.com/watch?v=TmoR3-XKgcI","False","video","False","海岸","明石海峡大橋","","朝日新聞LIVE","https://www.youtube.com/channel/UCaHr0a1x8zmQ1dxanCeuesA","兵庫県明石市岬町33-1","34.643109","134.997182","2025-01-28 02:16:19"
"yt_6HYjCFkmDPA","【LIVE】沖縄ライブカメラ　那覇市内の現在の様子　眼下には「ゆいレール」　Okinawa, Naha　 오키나와、 나하","https://www.youtube.com/watch?v=6HYjCFkmDPA","True","video","True","","","","朝日新聞LIVE","https://www.youtube.com/channel/UCaHr0a1x8zmQ1dxanCeuesA","","26.21573","127.679144","2025-01-28 02:17:01"
"yt_wky5XMMiwhg","【LIVE】明石海峡大橋ライブカメラ　瀬戸内海や淡路島の現在の様子　Akashi kaikyo Bridge and Awaji island","https://www.youtube.com/watch?v=wky5XMMiwhg","True","video","True","","","","朝日新聞LIVE","https://www.youtube.com/channel/UCaHr0a1x8zmQ1dxanCeuesA","","34.607848","135.014377","2025-01-28 02:17:00"
"yt_Mk-_-Nq7Mtw","【LIVE】岡山後楽園ライブカメラ Okayama Korakuen Garden","https://www.youtube.com/watch?v=Mk-_-Nq7Mtw","True","video","True","","","","朝日新聞LIVE","https://www.youtube.com/channel/UCaHr0a1x8zmQ1dxanCeuesA","","34.668237","133.936597","2025-01-28 00:40:04"
"yt_jWCdG6mTTkk","【LIVE】成田空港ライブカメラ　A滑走路(南側）＠朝日新聞成田支局  LIVE at Narita International airport","https://www.youtube.com/watch?v=jWCdG6mTTkk","True","video","True","","","","朝日新聞LIVE","https://www.youtube.com/channel/UCaHr0a1x8zmQ1dxanCeuesA","","35.763614","140.383534","2025-01-28 02:16:56"
"yt_wb2xVVPA_2o","【LIVE】成田空港ライブカメラ　A滑走路(南側）＠朝日新聞成田支局  LIVE at Narita International airport","https://www.youtube.com/watch?v=wb2xVVPA_2o","False","video","False","空港","成田空港Ａ滑走路","朝日新聞社成田支局","朝日新聞LIVE","https://www.youtube.com/channel/UCaHr0a1x8zmQ1dxanCeuesA","千葉県成田市三里塚御料 1-1","35.776605","140.318781","2025-01-28 02:16:22"
"yt_YBGSc7YXXnc","【LIVE】鹿児島・桜島ライブカメラ   SAKURAJIMA - The Active volcano in Japan","https://www.youtube.com/watch?v=YBGSc7YXXnc","True","","True","","","","朝日新聞LIVE","https://www.youtube.com/channel/UCaHr0a1x8zmQ1dxanCeuesA","","31.492769","130.700909","2025-01-28 02:16:24"
"yt_lv8bMriWzkc","【LIVE】北海道・札幌ライブカメラ＠さっぽろ創世スクエア　Sapporo Odori Park in Hokkaido　삿포로 라이브　札幌LIVE","https://www.youtube.com/watch?v=lv8bMriWzkc","True","video","True","","","","朝日新聞LIVE","https://www.youtube.com/channel/UCaHr0a1x8zmQ1dxanCeuesA","","","","2025-01-28 02:16:15"
"yt_yXn9ZlZWBbk","【LIVE】千葉県ライブカメラ　千葉市内の現在の様子　Chiba 지바","https://www.youtube.com/watch?v=yXn9ZlZWBbk","True","","True","","","","朝日新聞LIVE","https://www.youtube.com/channel/UCaHr0a1x8zmQ1dxanCeuesA","","35.608034","140.119073","2025-01-28 02:16:26"
"yt_FqR-nJp1Pug","【LIVE】大阪・中之島ライブカメラ＠朝日新聞大阪本社","https://www.youtube.com/watch?v=FqR-nJp1Pug","True","video","True","","","","朝日新聞LIVE","https://www.youtube.com/channel/UCaHr0a1x8zmQ1dxanCeuesA","","34.693294","135.496967","2025-01-28 00:41:35"
"yt_Kuqke5LvI2Y","【LIVE】大阪・中之島ライブカメラ＠朝日新聞大阪本社","https://www.youtube.com/watch?v=Kuqke5LvI2Y","False","video","False","河川","土佐堀川","朝日新聞大阪本社","朝日新聞LIVE","https://www.youtube.com/channel/UCaHr0a1x8zmQ1dxanCeuesA","大阪府大阪市北区中之島2丁目3-18 中之島フェスティバルタワー","34.686394","135.519994","2025-01-28 01:05:34"
"yt_0DHvrnepYJ0","【LIVE】静岡ライブカメラ　現在の静岡市内　Shizuoka","https://www.youtube.com/watch?v=0DHvrnepYJ0","True","video","True","","","","朝日新聞LIVE","https://www.youtube.com/channel/UCaHr0a1x8zmQ1dxanCeuesA","","34.975454","138.381919","2025-01-28 02:16:53"
"yt_1PWkLVL6j68","【LIVE】東京国際空港（羽田空港）ライブカメラ＠朝日新聞社格納庫","https://www.youtube.com/watch?v=1PWkLVL6j68","True","video","True","","","","朝日新聞LIVE","https://www.youtube.com/channel/UCaHr0a1x8zmQ1dxanCeuesA","","35.554414","139.769077","2025-01-28 00:41:43"
"yt_LHIVB_u3NR8","【LIVE】成田空港ライブカメラ　A滑走路（中央）＠朝日新聞成田支局  LIVE at Narita International airport","https://www.youtube.com/watch?v=LHIVB_u3NR8","False","video","False","空港","成田空港","日新聞社成田支局","朝日新聞LIVE","https://www.youtube.com/channel/UCaHr0a1x8zmQ1dxanCeuesA","千葉県成田市三里塚御料 1-1","35.776605","140.318781","2025-01-28 02:16:21"
"yt_Tjr2tG_Wg70","【LIVE】大阪国際空港（伊丹空港）ライブカメラ　＠朝日新聞社格納庫","https://www.youtube.com/watch?v=Tjr2tG_Wg70","True","video","True","","","","朝日新聞LIVE","https://www.youtube.com/channel/UCaHr0a1x8zmQ1dxanCeuesA","","34.791735","135.441818","2025-01-28 02:16:47"
"yt_3D1NIpeZyBg","【LIVE】福岡・博多駅前ライブカメラ　Hakata station in Fukuoka, Kyushu 하카타 역 라이브","https://www.youtube.com/watch?v=3D1NIpeZyBg","True","video","True","","","","朝日新聞LIVE","https://www.youtube.com/channel/UCaHr0a1x8zmQ1dxanCeuesA","","33.59137","130.418637","2025-01-28 02:16:43"
"yt_bKVGdsMVuMA","【LIVE】東京・築地ライブカメラ　湾岸やレインボーブリッジのある風景　 at Tsukiji, view of Tokyo waterfront and Rainbow bridge","https://www.youtube.com/watch?v=bKVGdsMVuMA","True","video","True","","","","朝日新聞LIVE","https://www.youtube.com/channel/UCaHr0a1x8zmQ1dxanCeuesA","","35.664355","139.766648","2025-01-28 02:16:44"
"yt_fZ4XElN2McU","【LIVE】北海道・札幌ライブカメラ　大通公園・さっぽろテレビ塔＠さっぽろ創世スクエア　Sapporo Odori Park in Hokkaido　삿포로 라이브　札幌LIVE","https://www.youtube.com/watch?v=fZ4XElN2McU","False","video","False","その他","札幌市","朝日新聞社 北海道支社","朝日新聞LIVE","https://www.youtube.com/channel/UCaHr0a1x8zmQ1dxanCeuesA","北海道札幌市中央区北一条西一丁目6 さっぽろ創世スクエア 9階","43.061414","141.35389","2025-01-28 02:16:22"
"yt_3OAcsU_JmtM","いつでもお参り 本光寺24時間ライブ配信","https://www.youtube.com/watch?v=3OAcsU_JmtM","True","video","False","","","","本光寺 Live","https://www.youtube.com/channel/UCiw39reqgNCUzRi-mgrFA6g","","35.755774","139.954038","2025-01-28 00:41:27"
"yt_sDKrfUJvIA4","【LIVE!】ニセコ本田珈琲店 のライブカメラ Niseko Honda Coffee Live Camera - YouTube","https://www.youtube.com/watch?v=sDKrfUJvIA4","False","video","False","山岳","後方羊蹄山","ニセコ本田珈琲店","本田珈琲店 - YouTube","https://www.youtube.com/@user-ou6lk5rb5d/streams","北海道虻田郡ニセコ町字本通106-9","42.805036","140.68801","2024-04-15 18:05:39"
"yt__W1cQvQrIE0","【LIVE】札幌藻岩山 もいわ標高看板前ライブカメラ／Live camera of SAPPORO Mt.MOIWA in front of the altitude signboard","https://www.youtube.com/watch?v=_W1cQvQrIE0","True","video","True","","","","札幌もいわ山ロープウェイ【公式-2】","https://www.youtube.com/channel/UC7goiCiuQAGcDCjsajq50wQ","","","","2025-01-28 01:22:10"
"yt__AzhRg67CCk","【LIVE】札幌藻岩山 山頂展望台ライブカメラ／Live camera of SAPPORO Mt.MOIWA summit observation deck","https://www.youtube.com/watch?v=_AzhRg67CCk","False","video","False","その他","藻岩山","札幌もいわ山ロープウェイ","札幌もいわ山ロープウェイ【公式】","https://www.youtube.com/channel/UCQIw-e2W8a1e628l4_P1ZfQ","北海道札幌市","43.061972","141.354374","2025-01-28 01:05:35"
"yt_40aFZT-BQFY","【LIVE】札幌藻岩山 山頂展望台ライブカメラ／Live camera of SAPPORO Mt.MOIWA at the summit observation deck","https://www.youtube.com/watch?v=40aFZT-BQFY","True","","True","","","","札幌もいわ山ロープウェイ【公式】","https://www.youtube.com/channel/UCQIw-e2W8a1e628l4_P1ZfQ","","43.022359","141.321986","2025-01-28 00:42:05"
"yt_toCF42I6VvQ","【LIVE】札幌藻岩山 もいわ標高看板前ライブカメラ／Live camera of SAPPORO Mt.MOIWA around the summit altitude signboard - YouTube","https://www.youtube.com/watch?v=toCF42I6VvQ","False","video","False","その他","藻岩山","札幌もいわ山ロープウェイ","札幌もいわ山ロープウェイ【公式】 - YouTube","https://www.youtube.com/@mt.moiwa.official","北海道札幌市","43.061972","141.354374","2024-04-15 17:54:26"
"other_11b0883c304f6dee","ＪＲ札幌駅 ｜ ライブカメラ ｜ ＳＴＶ札幌テレビ","https://www.stv.jp/webcam/jrsapporosta/index.html","True","image","False","鉄道","ＪＲ札幌駅","北海道札幌市北区 札幌医療リハビリ専門学校","札幌テレビ","https://www.stv.jp/webcam/index.html","北海道札幌市北区北六条西四丁目","43.090693","141.340882","2024-04-11 16:21:52"
"other_dd7301408faf772b","札幌丘珠空港","https://www.okadama-airport.co.jp/camera_img/webcam.jpg","True","image","False","空港","札幌丘珠空港","","札幌丘珠空港","https://www.okadama-airport.co.jp/","北海道札幌市東区丘珠町","43.076242","141.363662","2024-04-13 22:41:14"
"yt_yFETEyuKvBY","杖突峠 峠の茶屋ライブカメラ","https://www.youtube.com/watch?v=yFETEyuKvBY","True","video","True","","","","杖突峠峠の茶屋","https://www.youtube.com/channel/UCfM6ln-djv3yp4PlyP7OSTA","","","","2025-01-28 01:22:15"
"yt_FivHkXvMG1E","【LIVE】奥多摩ライブカメラ/tokyo okutama-station Live Camera　左下緑のボタンクリックすると他のLive配信投稿してます。","https://www.youtube.com/watch?v=FivHkXvMG1E","True","video","False","","","","東京　癒しの自然動画","https://www.youtube.com/channel/UC_eA6kJqCVCL2Yds7--WHgQ","","35.811098","139.094527","2025-01-28 02:16:09"
"yt_nDkeaDqluJk","【LIVE】JR青梅線奥多摩駅運行ライブカメラ 　tokyo okutama-station Live Camera　左下緑のボタンクリック他投稿","https://www.youtube.com/watch?v=nDkeaDqluJk","True","video","False","","","","東京　癒しの自然動画","https://www.youtube.com/channel/UC_eA6kJqCVCL2Yds7--WHgQ","","35.809988","139.096312","2025-01-28 02:16:09"
"yt_KMj1AFhpeVs","東京の空 ライブカメラ / Tokyo Sky - Live Streaming from Tokyo, Japan.","https://www.youtube.com/watch?v=KMj1AFhpeVs","True","video","True","","","","東京の空","https://www.youtube.com/channel/UCpL5amLLCPb22WgIviVh6vg","","35.662171","139.754573","2025-01-28 00:41:25"
"yt_nu6NE55_X7A","現在の東京タワーライブカメラ","https://www.youtube.com/watch?v=nu6NE55_X7A","True","video","True","","","","東京タワー公式チャンネル","https://www.youtube.com/channel/UCKyXyJMijwyBebgI9wmzFcw","","","","2025-01-28 01:22:09"
"yt_slCbm8J9ngk","東京千鳥ヶ淵ライブカメラ","https://www.youtube.com/watch?v=slCbm8J9ngk","True","","False","","","","東京千鳥ヶ淵ライブカメラ","https://www.youtube.com/channel/UCJrDvNbGDWn0NcxhOyG8TmA","","35.691638","139.747581","2025-01-28 00:42:57"
"yt_nVA7dk0u8Ks","【🔴LIVE】西東京 富士山・田無タワー(ｹﾛﾛ軍曹・あたしンち登場)方面 ライブカメラ  Mt.Fuji＆Tanashi Tower Live Cam SGT.FROG's&Atashinchi","https://www.youtube.com/watch?v=nVA7dk0u8Ks","True","video","True","","","","東京広域ライブカメラ Tokyo Wide Area Live Camera","https://www.youtube.com/channel/UCBOGp2muSXsqNw8hRvvBfOw","","35.740996","139.540364","2025-01-28 02:16:55"
"yt_2yqv-PuIuDc","【休止中】西武池袋線 石神井公園駅-大泉学園駅間 線路 ライブカメラ Seibu Ikebukuro Line Shakujii Koen - Oizumi Gakuen Sta.Live Cam","https://www.youtube.com/watch?v=2yqv-PuIuDc","True","video","True","","","","東京広域ライブカメラ Tokyo Wide Area Live Camera","https://www.youtube.com/channel/UCBOGp2muSXsqNw8hRvvBfOw","","35.744235","139.602994","2025-01-28 00:41:56"
"yt_pzJYnHlX9QE","【🔴LIVE】ｶﾒﾗ操作可 渋谷 新宿 池袋 大泉学園 +αライブカメラ (Camera operable) Shibuya Shinjuku Ikebukuro &Extra Live cam","https://www.youtube.com/watch?v=pzJYnHlX9QE","True","","True","","","","東京広域ライブカメラ Tokyo Wide Area Live Camera","https://www.youtube.com/channel/UCBOGp2muSXsqNw8hRvvBfOw","","35.745748","139.613712","2025-01-28 00:41:58"
"yt_0GVPhWWUStc","東京新聞ライブカメラ_霞が関","https://www.youtube.com/watch?v=0GVPhWWUStc","True","video","True","道路","","霞が関","東京新聞チャンネル","https://www.youtube.com/channel/UCcipaSh5J0DwFRvoaAl0P3g","東京都千代田区内幸町２丁目１−４ 日比谷中日ビル","","","2025-01-28 01:22:07"
"yt_832oyounAII","東京新聞ライブカメラ_内幸町","https://www.youtube.com/watch?v=832oyounAII","True","video","True","道路","内幸町","","東京新聞チャンネル","https://www.youtube.com/channel/UCcipaSh5J0DwFRvoaAl0P3g","東京都新宿区富久町１５−１","","","2025-01-28 01:22:07"
"other_6f43c44c6993ca39","大井埠頭ライブカメラ映像 南部陸橋下交差点付近","https://www.portal-tokyoport.jp/camera_detail.php?cid=3&id=13","True","image","False","道路","南部陸橋下交差点付近","","東京港ポータルサイト","https://www.portal-tokyoport.jp/","東京都品川区八潮三丁目3","35.5949254","139.764875","2024-04-11 12:58:55"
"other_c2c6d795713d0bcb","大井埠頭ライブカメラ映像 「南部陸橋東詰」交差点付近（大井埠頭方面）","https://www.portal-tokyoport.jp/camera_detail.php?cid=3&id=14","True","image","False","道路","「南部陸橋東詰」交差点付近（大井埠頭方面）","","東京港ポータルサイト","https://www.portal-tokyoport.jp/","東京都品川区八潮三丁目3","35.5949254","139.764875","2024-04-11 12:59:26"
"other_b9f3d37fc19bb2cb","品川埠頭ライブカメラ映像 品川コンテナセンター前","https://www.portal-tokyoport.jp/camera_detail.php?cid=2&id=1","True","image","False","道路","品川コンテナセンター前","","東京港ポータルサイト","https://www.portal-tokyoport.jp/","東京都港区港南五丁目10-1 品川内貿上屋","35.689568","139.691717","2024-04-11 13:03:12"
"other_3294ba1fe067a6a5","青海埠頭ライブカメラ映像（青海縦貫線（中防方面））","https://www.portal-tokyoport.jp/camera_detail.php?cid=1&id=1","True","image","False","道路","青海縦貫線（中防方面）","","東京港ポータルサイト","https://www.portal-tokyoport.jp/","東京都江東区青海四丁目","35.615344","139.785832","2024-04-11 12:14:19"
"other_3ee081ee38a6abac","大井埠頭ライブカメラ映像 「八潮二丁目」交差点","https://www.portal-tokyoport.jp/camera_detail.php?cid=3&id=5","True","image","False","道路","「八潮二丁目」交差点","","東京港ポータルサイト","https://www.portal-tokyoport.jp/","東京都品川区八潮二丁目5","35.5953784","139.766565","2024-04-11 12:42:49"
"other_906507926904bb81","大井埠頭ライブカメラ映像 「大井税関前」交差点","https://www.portal-tokyoport.jp/camera_detail.php?cid=3&id=7","True","image","False","道路","「大井税関前」交差点","","東京港ポータルサイト","https://www.portal-tokyoport.jp/","東京都大田区東海四丁目1-10","35.689568","139.691717","2024-04-11 13:02:57"
"other_7181d8676465dcab","青海埠頭ライブカメラ映像 青海三丁目交差点付近","https://www.portal-tokyoport.jp/camera_detail.php?cid=1&id=3","True","image","False","道路","青海三丁目交差点付近","","東京港ポータルサイト","https://www.portal-tokyoport.jp/","東京都江東区青海三丁目","35.608994","139.784844","2024-04-11 12:15:17"
"other_a8b229607875c51f","大井埠頭ライブカメラ映像 北部陸橋下交差点周辺","https://www.portal-tokyoport.jp/camera_detail.php?cid=3&id=4","True","image","False","道路","北部陸橋下交差点周辺","","東京港ポータルサイト","https://www.portal-tokyoport.jp/","東京都品川区八潮4","35.609066","139.73025","2024-04-11 12:42:53"
"other_4e54b7db5c114eb4","品川埠頭ライブカメラ映像 品川埠頭線","https://www.portal-tokyoport.jp/camera_detail.php?cid=2&id=5","True","image","False","道路","品川埠頭線","","東京港ポータルサイト","https://www.portal-tokyoport.jp/","東京都港区港南五丁目10","35.689568","139.691717","2024-04-11 12:21:24"
"other_debae4fd4f2c9455","大井埠頭ライブカメラ映像 「北部陸橋上」交差点","https://www.portal-tokyoport.jp/camera_detail.php?cid=3&id=2","True","image","False","道路","「北部陸橋上」交差点","","東京港ポータルサイト","https://www.portal-tokyoport.jp/","東京都品川区八潮4","35.609066","139.73025","2024-04-11 12:36:05"
"other_d0350262f87e636d","大井埠頭ライブカメラ映像 「野鳥公園東」交差点(城南島方面・拡大)","https://www.portal-tokyoport.jp/camera_detail.php?cid=3&id=11","True","image","False","道路","「野鳥公園東」交差点(城南島方面・拡大)","","東京港ポータルサイト","https://www.portal-tokyoport.jp/","東京都大田区東海三丁目1","35.689568","139.691717","2024-04-11 13:02:48"
"other_5d52c5d124b214b4","大井埠頭ライブカメラ映像 大井車両待機場","https://www.portal-tokyoport.jp/camera_detail.php?cid=3&id=16","True","image","False","道路","大井車両待機場","","東京港ポータルサイト","https://www.portal-tokyoport.jp/","東京都大田区東海四丁目6","35.689568","139.691717","2024-04-11 13:02:13"
"other_bb82e917964fef00","大井埠頭ライブカメラ映像 北部陸橋上交差点方面","https://www.portal-tokyoport.jp/camera_detail.php?cid=3&id=3","True","image","False","道路","北部陸橋上交差点方面","","東京港ポータルサイト","https://www.portal-tokyoport.jp/","東京都品川区八潮4","35.609066","139.73025","2024-04-11 12:36:01"
"other_ac2f9a4269118963","青海埠頭ライブカメラ映像 青海公共埠頭車両待機場","https://www.portal-tokyoport.jp/camera_detail.php?cid=1&id=7","True","image","False","海岸","青海公共埠頭車両待機場","","東京港ポータルサイト","https://www.portal-tokyoport.jp/","東京都江東区青海四丁目7-1","35.6095855","139.7889","2024-04-11 12:15:44"
"other_46f9d57048f632f2","大井埠頭ライブカメラ映像 「南部陸橋東詰」交差点付近（環七交差点方面）","https://www.portal-tokyoport.jp/camera_detail.php?cid=3&id=15","True","image","False","道路","「南部陸橋東詰」交差点付近（環七交差点方面）","","東京港ポータルサイト","https://www.portal-tokyoport.jp/","東京都品川区八潮三丁目3","35.5949254","139.764875","2024-04-11 13:01:58"
"other_aab402ef84dacc0a","大井埠頭ライブカメラ映像 「大井税関前」交差点2","https://www.portal-tokyoport.jp/camera_detail.php?cid=3&id=8","True","image","False","道路","「大井税関前」交差点2","","東京港ポータルサイト","https://www.portal-tokyoport.jp/","東京都大田区東海四丁目1-10","35.689568","139.691717","2024-04-11 12:53:50"
"other_40be5ff25818c1ee","青海埠頭ライブカメラ映像 「青海一丁目」交差点付近（中防方面）","https://www.portal-tokyoport.jp/camera_detail.php?cid=1&id=6","True","image","False","道路","「青海一丁目」交差点付近（中防方面）","","東京港ポータルサイト","https://www.portal-tokyoport.jp/","東京都江東区海の森一丁目","35.597163","139.794155","2024-04-11 12:15:37"
"other_f15f8e697801e455","大井埠頭ライブカメラ映像 「野鳥公園東」交差点付近(国道357号方面)","https://www.portal-tokyoport.jp/camera_detail.php?cid=3&id=12","True","image","False","道路","「野鳥公園東」交差点付近(国道357号方面)","","東京港ポータルサイト","https://www.portal-tokyoport.jp/","東京都大田区東海三丁目1","35.689568","139.691717","2024-04-11 12:55:07"
"other_3e6542075073f1aa","大井埠頭ライブカメラ映像 北部陸橋南側方面","https://www.portal-tokyoport.jp/camera_detail.php?cid=3&id=1","True","image","False","河川","北部陸橋南側方面","","東京港ポータルサイト","https://www.portal-tokyoport.jp/","東京都品川区八潮4","35.609066","139.73025","2024-04-11 12:29:15"
"other_6a334e50dc1f9cc5","青海埠頭ライブカメラ映像 青海公共埠頭背後道路2","https://www.portal-tokyoport.jp/camera_detail.php?cid=1&id=5","True","image","False","道路","青海公共埠頭背後道路2","","東京港ポータルサイト","https://www.portal-tokyoport.jp/","東京都江東区青海四丁目","35.615344","139.785832","2024-04-11 12:15:29"
"other_ceb4d3372d20428b","品川埠頭ライブカメラ映像 東京入管前道路","https://www.portal-tokyoport.jp/camera_detail.php?cid=2&id=4","True","image","False","道路","東京入管前道路","","東京港ポータルサイト","https://www.portal-tokyoport.jp/","東京都港区港南五丁目12","35.689568","139.691717","2024-04-11 12:20:08"
"other_7cb1219a7f87a872","大井埠頭ライブカメラ映像 大井時間貸しシャーシプール","https://www.portal-tokyoport.jp/camera_detail.php?cid=3&id=17","True","image","False","河川","大井時間貸しシャーシプール","","東京港ポータルサイト","https://www.portal-tokyoport.jp/","東京都品川区八潮二丁目1-8","35.689568","139.691717","2024-04-11 13:02:24"
"other_f3df262abad8f154","青海埠頭ライブカメラ映像 青海公共埠頭背後道路1","https://www.portal-tokyoport.jp/camera_detail.php?cid=1&id=4","True","image","False","道路","青海公共埠頭背後道路1","","東京港ポータルサイト","https://www.portal-tokyoport.jp/","東京都江東区青海四丁目","35.615344","139.785832","2024-04-11 12:15:24"
"other_3953b1f24e3b9945","大井埠頭ライブカメラ映像 みなとが丘ふ頭公園付近","https://www.portal-tokyoport.jp/camera_detail.php?cid=3&id=6","True","image","False","道路","みなとが丘ふ頭公園付近","","東京港ポータルサイト","https://www.portal-tokyoport.jp/","東京都品川区八潮三丁目1-7","35.6081159","139.757943","2024-04-11 13:02:28"
"other_0389270f44d4170b","品川埠頭ライブカメラ映像 品川埠頭背後道路（芝浦方面）","https://www.portal-tokyoport.jp/camera_detail.php?cid=2&id=3","True","image","False","海岸","品川埠頭背後道路（芝浦方面）","","東京港ポータルサイト","https://www.portal-tokyoport.jp/","東京都港区港南五丁目10-1 品川内貿上屋","35.689568","139.691717","2024-04-11 12:18:35"
"other_a4d92905c6a7d631","青海埠頭ライブカメラ映像 青海縦貫線（テレコムセンター方面）","https://www.portal-tokyoport.jp/camera_detail.php?cid=1&id=2","True","image","False","道路","青海縦貫線（テレコムセンター方面）","","東京港ポータルサイト","https://www.portal-tokyoport.jp/","東京都江東区青海四丁目","35.615344","139.785832","2024-04-11 13:02:54"
"other_896589a21bdfb175","大井埠頭ライブカメラ映像 「野鳥公園東」交差点(城南島方面)","https://www.portal-tokyoport.jp/camera_detail.php?cid=3&id=10","True","image","False","道路","「野鳥公園東」交差点(城南島方面)","","東京港ポータルサイト","https://www.portal-tokyoport.jp/","東京都大田区東海三丁目1","35.689568","139.691717","2024-04-11 12:53:41"
"other_be714480887705d4","大井埠頭ライブカメラ映像 「大井中央陸橋」交差点方面","https://www.portal-tokyoport.jp/camera_detail.php?cid=3&id=9","True","image","False","道路","「大井中央陸橋」交差点方面","","東京港ポータルサイト","https://www.portal-tokyoport.jp/","東京都品川区八潮","35.609066","139.73025","2024-04-11 12:54:00"
"yt_UCHNKAyC49Q","4K【LIVE】東京湾ライブカメラ神奈川　壱号機　北の空","https://www.youtube.com/watch?v=UCHNKAyC49Q","True","","True","","","","東京湾ライブカメラ神奈川","https://www.youtube.com/channel/UCVU7YkuXIE7Bqmq8uHbP91A","","35.264085","139.697145","2025-01-28 02:16:33"
"yt_lJTsDQNg3ms","4K【LIVE】東京湾ライブカメラ神奈川　弐号機  北東の空","https://www.youtube.com/watch?v=lJTsDQNg3ms","True","video","True","","","","東京湾ライブカメラ神奈川","https://www.youtube.com/channel/UCVU7YkuXIE7Bqmq8uHbP91A","","35.264082","139.69715","2025-01-28 02:16:47"
"other_f59e6b633cc3c3d7","キャンパスカメラ（動画バージョン）｜東京経済大学","https://www.tku.ac.jp/camera/","True","video","False","その他","東京経済大学国分寺キャンパス","","東京経済大学","https://www.tku.ac.jp/","東京都国分寺市南町一丁目7-34","35.698886","139.488841","2024-04-13 22:30:08"
"yt_MrBXnXxXRCo","二見港（父島）","https://www.youtube.com/watch?v=MrBXnXxXRCo","True","video","False","","","","東京都伊豆・小笠原諸島港湾ライブカメラ","https://www.youtube.com/channel/UCqdejTsUrCvZ55Y8u9v5h9w","","","","2025-01-28 01:22:13"
"yt_fVFhLgVTtQ0","元町港（大島）","https://www.youtube.com/watch?v=fVFhLgVTtQ0","True","video","False","海岸","大島元町港","","東京都伊豆・小笠原諸島港湾ライブカメラ","https://www.youtube.com/channel/UCqdejTsUrCvZ55Y8u9v5h9w","東京都大島町元町一丁目3","34.750058","139.355619","2024-07-14 17:51:00"
"yt_cFoOh0jGAkY","岡田港（大島）","https://www.youtube.com/watch?v=cFoOh0jGAkY","True","video","False","","","","東京都伊豆・小笠原諸島港湾ライブカメラ","https://www.youtube.com/channel/UCqdejTsUrCvZ55Y8u9v5h9w","","","","2025-01-28 01:22:13"
"yt_mbwu44BlZFA","【柳瀬川】境橋映像監視局［清瀬市中里2］","https://www.youtube.com/watch?v=mbwu44BlZFA","True","video","False","","","","東京都水防チャンネル","https://www.youtube.com/channel/UCaydvLwWthLMbfKLEQSY2UQ","","35.785114","139.511952","2025-01-28 00:41:04"
"yt_SE3geZaXNbc","【落合川】毘沙門橋映像監視局［東久留米市南沢3］","https://www.youtube.com/watch?v=SE3geZaXNbc","True","","False","","","","東京都水防チャンネル","https://www.youtube.com/channel/UCaydvLwWthLMbfKLEQSY2UQ","","35.754057","139.528966","2025-01-28 00:42:10"
"yt_BtLV2QWpIDU","【境川】境橋映像監視局［町田市原町田1］","https://www.youtube.com/watch?v=BtLV2QWpIDU","True","","False","","","","東京都水防チャンネル","https://www.youtube.com/channel/UCaydvLwWthLMbfKLEQSY2UQ","","35.539337","139.44693","2025-01-28 00:43:25"
"yt_WXtpkBMD9SI","【目黒川】船入場映像監視局[目黒区中目黒 1-8 (船入場調節池)]","https://www.youtube.com/watch?v=WXtpkBMD9SI","True","video","False","河川","目黒川","","東京都水防チャンネル","https://www.youtube.com/channel/UCaydvLwWthLMbfKLEQSY2UQ","東京都目黒区中目黒一丁目8","35.689568","139.691717","2024-06-06 18:55:46"
"yt_2Hl_YCgM0g8","【養沢川】小宮ふるさと自然学校映像監視局［あきる野乙津］","https://www.youtube.com/watch?v=2Hl_YCgM0g8","True","","False","","","","東京都水防チャンネル","https://www.youtube.com/channel/UCaydvLwWthLMbfKLEQSY2UQ","","35.733967","139.184132","2025-01-28 00:42:45"
"yt_uqrjVpaPHCM","【毛長川】毛長橋映像監視局［足立区古千谷本町4］","https://www.youtube.com/watch?v=uqrjVpaPHCM","True","video","False","","","","東京都水防チャンネル","https://www.youtube.com/channel/UCaydvLwWthLMbfKLEQSY2UQ","","35.80654","139.782539","2025-01-28 00:40:07"
"yt_pCNfuCLmXh8","【仙川】鎌田橋仙川映像監視局［世田谷区鎌田3］","https://www.youtube.com/watch?v=pCNfuCLmXh8","True","video","False","","","","東京都水防チャンネル","https://www.youtube.com/channel/UCaydvLwWthLMbfKLEQSY2UQ","","35.621689","139.613004","2025-01-28 00:40:05"
"yt_48qw8x7LJaU","【平井川】東平井橋映像監視局［西多摩郡日の出町平井］","https://www.youtube.com/watch?v=48qw8x7LJaU","True","video","False","","","","東京都水防チャンネル","https://www.youtube.com/channel/UCaydvLwWthLMbfKLEQSY2UQ","","35.742136","139.279028","2025-01-28 00:40:59"
"yt_QBUwKDnGAqg","【霞川】霞川映像監視局［青梅市今井1］","https://www.youtube.com/watch?v=QBUwKDnGAqg","True","","False","","","","東京都水防チャンネル","https://www.youtube.com/channel/UCaydvLwWthLMbfKLEQSY2UQ","","35.808498","139.31466","2025-01-28 01:06:11"
"yt_cpFjIzyxAsg","【湯殿川】栄橋映像監視局［八王子市長沼町］","https://www.youtube.com/watch?v=cpFjIzyxAsg","True","video","False","","","","東京都水防チャンネル","https://www.youtube.com/channel/UCaydvLwWthLMbfKLEQSY2UQ","","35.644536","139.364188","2025-01-28 00:41:01"
"yt_QZlDEcg1EEw","【山入川】紙谷橋映像監視局［八王子市西寺方］","https://www.youtube.com/watch?v=QZlDEcg1EEw","True","","False","","","","東京都水防チャンネル","https://www.youtube.com/channel/UCaydvLwWthLMbfKLEQSY2UQ","","35.682207","139.266478","2025-01-28 00:42:24"
"yt_HkEzkeijlew","【石神井川】加賀橋映像監視局［板橋区加賀1］","https://www.youtube.com/watch?v=HkEzkeijlew","True","video","False","","","","東京都水防チャンネル","https://www.youtube.com/channel/UCaydvLwWthLMbfKLEQSY2UQ","","35.754046","139.718066","2025-01-28 00:40:08"
"yt_cf4qhdsaY7A","【野川】野川映像監視局［狛江市東野川3］","https://www.youtube.com/watch?v=cf4qhdsaY7A","True","","False","","","","東京都水防チャンネル","https://www.youtube.com/channel/UCaydvLwWthLMbfKLEQSY2UQ","","35.647023","139.583981","2025-01-28 00:43:28"
"yt_V3E7CQ-vUzQ","【鶴見川】下川戸橋映像監視局［町田市大蔵町203］","https://www.youtube.com/watch?v=V3E7CQ-vUzQ","True","","False","","","","東京都水防チャンネル","https://www.youtube.com/channel/UCaydvLwWthLMbfKLEQSY2UQ","","35.583436","139.471296","2025-01-28 00:42:53"
"yt_FVPt0-lFIWY","【休止中】【芝川】新芝川橋映像監視局［足立区入谷7］","https://www.youtube.com/watch?v=FVPt0-lFIWY","True","video","False","","","","東京都水防チャンネル","https://www.youtube.com/channel/UCaydvLwWthLMbfKLEQSY2UQ","","35.801682","139.757347","2025-01-28 00:41:31"
"yt_Wgt35BFeQ8w","【川口川】清水橋映像監視局［八王子市中野山王3］","https://www.youtube.com/watch?v=Wgt35BFeQ8w","True","","False","","","","東京都水防チャンネル","https://www.youtube.com/channel/UCaydvLwWthLMbfKLEQSY2UQ","","35.676936","139.317965","2025-01-28 00:43:21"
"yt_MsxX8Pwk34U","【石神井川】柳沢橋映像監視局［西東京市柳沢1］","https://www.youtube.com/watch?v=MsxX8Pwk34U","True","","False","","","","東京都水防チャンネル","https://www.youtube.com/channel/UCaydvLwWthLMbfKLEQSY2UQ","","35.725746","139.554315","2025-01-28 00:43:23"
"yt_M82zbx8_e_M","【浅川】滝乃澤螢橋映像監視局［⼋王⼦市下恩⽅町1604］","https://www.youtube.com/watch?v=M82zbx8_e_M","True","","False","","","","東京都水防チャンネル","https://www.youtube.com/channel/UCaydvLwWthLMbfKLEQSY2UQ","","35.668992","139.256123","2025-01-28 00:43:26"
"yt_dLsuCS_w0-8","【空堀川】中里映像監視局［清瀬市野塩］","https://www.youtube.com/watch?v=dLsuCS_w0-8","True","video","False","","","","東京都水防チャンネル","https://www.youtube.com/channel/UCaydvLwWthLMbfKLEQSY2UQ","","35.774641","139.499435","2025-01-28 00:40:40"
"yt_Z8Byz2DUSaQ","【成木川】成木川映像監視局［青梅市成木1］","https://www.youtube.com/watch?v=Z8Byz2DUSaQ","True","video","False","","","","東京都水防チャンネル","https://www.youtube.com/channel/UCaydvLwWthLMbfKLEQSY2UQ","","35.836864","139.280257","2025-01-28 00:40:04"
"yt_YaVQKiU-VJ0","【空堀川】丸山橋映像監視局［東村山市栄町1］","https://www.youtube.com/watch?v=YaVQKiU-VJ0","True","video","False","","","","東京都水防チャンネル","https://www.youtube.com/channel/UCaydvLwWthLMbfKLEQSY2UQ","","35.755477","139.477603","2025-01-28 00:40:48"
"yt_LVj4Pt1_q9I","【神田川】番屋橋映像監視局［杉並区和泉4］","https://www.youtube.com/watch?v=LVj4Pt1_q9I","True","video","False","","","","東京都水防チャンネル","https://www.youtube.com/channel/UCaydvLwWthLMbfKLEQSY2UQ","","35.677918","139.649959","2025-01-28 00:41:01"
"yt_A5ohfWSexjQ","【大田川】峯ヶ谷戸橋映像監視局［八王子市堀之内3］","https://www.youtube.com/watch?v=A5ohfWSexjQ","True","","False","","","","東京都水防チャンネル","https://www.youtube.com/channel/UCaydvLwWthLMbfKLEQSY2UQ","","35.626585","139.396021","2025-01-28 00:43:18"
"yt_S3Rxultxbxo","【三沢川】砂場の橋映像監視局［稲城市百村］","https://www.youtube.com/watch?v=S3Rxultxbxo","True","","False","","","","東京都水防チャンネル","https://www.youtube.com/channel/UCaydvLwWthLMbfKLEQSY2UQ","","35.635344","139.496286","2025-01-28 00:43:21"
"yt_iZicbBOtC2c","【野川】大沢橋映像監視局［三鷹市大沢5］","https://www.youtube.com/watch?v=iZicbBOtC2c","True","video","False","","","","東京都水防チャンネル","https://www.youtube.com/channel/UCaydvLwWthLMbfKLEQSY2UQ","","35.669767","139.537551","2025-01-28 00:40:04"
"yt_wsfTTC7UA0M","【新河岸川】志茂橋映像監視局［北区志茂5］","https://www.youtube.com/watch?v=wsfTTC7UA0M","True","video","False","","","","東京都水防チャンネル","https://www.youtube.com/channel/UCaydvLwWthLMbfKLEQSY2UQ","","35.785191","139.729547","2025-01-28 00:41:26"
"yt_4TRKLe7NDAc","【奈良橋川】宮前二の橋映像監視局［東大和市高木3］","https://www.youtube.com/watch?v=4TRKLe7NDAc","True","","False","","","","東京都水防チャンネル","https://www.youtube.com/channel/UCaydvLwWthLMbfKLEQSY2UQ","","35.75044","139.434232","2025-01-28 00:42:39"
"yt_93DsB7VeJ-w","【白子川】子安橋映像監視局［練馬区旭町3］","https://www.youtube.com/watch?v=93DsB7VeJ-w","True","","False","","","","東京都水防チャンネル","https://www.youtube.com/channel/UCaydvLwWthLMbfKLEQSY2UQ","","35.776285","139.624254","2025-01-28 00:42:33"
"yt_tMjz2eO4FH8","【石神井川】稲荷橋映像監視局［練馬区石神井台7］","https://www.youtube.com/watch?v=tMjz2eO4FH8","True","video","False","","","","東京都水防チャンネル","https://www.youtube.com/channel/UCaydvLwWthLMbfKLEQSY2UQ","","35.728815","139.578828","2025-01-28 00:39:59"
"yt_T00nuKJ3HF8","【神田川】南小滝橋映像監視局［中野区東中野5］","https://www.youtube.com/watch?v=T00nuKJ3HF8","True","","False","","","","東京都水防チャンネル","https://www.youtube.com/channel/UCaydvLwWthLMbfKLEQSY2UQ","","35.707938","139.689589","2025-01-28 00:41:59"
"yt_kHTP4HSThvk","【石神井川】向台映像監視局［西東京市向台5］","https://www.youtube.com/watch?v=kHTP4HSThvk","True","","False","","","","東京都水防チャンネル","https://www.youtube.com/channel/UCaydvLwWthLMbfKLEQSY2UQ","","35.72225","139.528955","2025-01-28 00:42:07"
"yt_5HB71rEvnM0","【程久保川】程久保橋映像監視局［日野市三沢3］","https://www.youtube.com/watch?v=5HB71rEvnM0","True","","False","","","","東京都水防チャンネル","https://www.youtube.com/channel/UCaydvLwWthLMbfKLEQSY2UQ","","35.658186","139.413702","2025-01-28 00:42:28"
"yt_fk37cmRWx3c","【野川】鎌田橋野川映像監視局［世田谷区鎌田4］","https://www.youtube.com/watch?v=fk37cmRWx3c","True","video","False","","","","東京都水防チャンネル","https://www.youtube.com/channel/UCaydvLwWthLMbfKLEQSY2UQ","","35.621017","139.611596","2025-01-28 00:40:19"
"yt_Gwe_nY4QMj4","【渋谷川】渋谷橋映像監視局［渋谷区恵比寿1］","https://www.youtube.com/watch?v=Gwe_nY4QMj4","True","","False","","","","東京都水防チャンネル","https://www.youtube.com/channel/UCaydvLwWthLMbfKLEQSY2UQ","","35.648053","139.712459","2025-01-28 00:42:49"
"yt_z_QcYosX4zc","【白子川】三ツ橋映像監視局［練馬区大泉町6］","https://www.youtube.com/watch?v=z_QcYosX4zc","True","video","False","","","","東京都水防チャンネル","https://www.youtube.com/channel/UCaydvLwWthLMbfKLEQSY2UQ","","35.756313","139.596357","2025-01-28 00:40:20"
"yt_XHGq8_rDvDk","【乞田川】車橋映像監視局［多摩市連光寺2］","https://www.youtube.com/watch?v=XHGq8_rDvDk","True","video","False","","","","東京都水防チャンネル","https://www.youtube.com/channel/UCaydvLwWthLMbfKLEQSY2UQ","","35.641719","139.451855","2025-01-28 00:41:20"
"yt_dGvqoI2qzVg","【大栗川】霞ケ関橋映像監視局［多摩市東寺方287］","https://www.youtube.com/watch?v=dGvqoI2qzVg","True","video","False","","","","東京都水防チャンネル","https://www.youtube.com/channel/UCaydvLwWthLMbfKLEQSY2UQ","","35.647637","139.446513","2025-01-28 00:41:26"
"yt_1fCzyXSuoM8","【丸子川】滝ノ橋映像監視局［世田谷区野毛1］","https://www.youtube.com/watch?v=1fCzyXSuoM8","True","","False","","","","東京都水防チャンネル","https://www.youtube.com/channel/UCaydvLwWthLMbfKLEQSY2UQ","","35.600415","139.645572","2025-01-28 00:43:34"
"yt_iE7jl_sZMyw","【秋川】秋留橋映像監視局［あきる野市牛沼］","https://www.youtube.com/watch?v=iE7jl_sZMyw","True","","False","","","","東京都水防チャンネル","https://www.youtube.com/channel/UCaydvLwWthLMbfKLEQSY2UQ","","35.715598","139.283953","2025-01-28 00:43:11"
"yt_ZRUh9gNk8-g","【秋川】留原映像監視局［あきる野市留原］","https://www.youtube.com/watch?v=ZRUh9gNk8-g","True","video","False","","","","東京都水防チャンネル","https://www.youtube.com/channel/UCaydvLwWthLMbfKLEQSY2UQ","","35.730225","139.228499","2025-01-28 00:39:54"
"yt_3c-x1cH_xdA","【石神井川】溝田橋映像監視局［北区堀船1］","https://www.youtube.com/watch?v=3c-x1cH_xdA","True","video","False","","","","東京都水防チャンネル","https://www.youtube.com/channel/UCaydvLwWthLMbfKLEQSY2UQ","","35.755149","139.742692","2025-01-28 00:41:09"
"yt_bpL7MAbdoI8","【黒目川】下田橋映像監視局［東久留米市小山1］","https://www.youtube.com/watch?v=bpL7MAbdoI8","True","","False","","","","東京都水防チャンネル","https://www.youtube.com/channel/UCaydvLwWthLMbfKLEQSY2UQ","","35.763329","139.529633","2025-01-28 00:41:59"
"yt_V0CV0cS3GGs","【妙正寺川】鷺盛橋映像監視局［中野区大和町4］","https://www.youtube.com/watch?v=V0CV0cS3GGs","True","video","False","","","","東京都水防チャンネル","https://www.youtube.com/channel/UCaydvLwWthLMbfKLEQSY2UQ","","35.716549","139.641336","2025-01-28 00:40:44"
"yt_kgOEec1TofY","【残堀川】下砂橋映像監視局［立川市上砂町5］","https://www.youtube.com/watch?v=kgOEec1TofY","True","","False","","","","東京都水防チャンネル","https://www.youtube.com/channel/UCaydvLwWthLMbfKLEQSY2UQ","","35.729477","139.386598","2025-01-28 00:42:55"
"yt_aVCh4bnVdAE","【真光寺川】矢崎橋映像監視局［町田市能ヶ谷3］","https://www.youtube.com/watch?v=aVCh4bnVdAE","True","video","False","","","","東京都水防チャンネル","https://www.youtube.com/channel/UCaydvLwWthLMbfKLEQSY2UQ","","35.585135","139.485695","2025-01-28 00:40:24"
"yt_-T8Edvjrh1A","【南浅川】上椚田橋映像監視局［八王子市高尾町］","https://www.youtube.com/watch?v=-T8Edvjrh1A","True","video","False","","","","東京都水防チャンネル","https://www.youtube.com/channel/UCaydvLwWthLMbfKLEQSY2UQ","","35.639316","139.271244","2025-01-28 00:41:24"
"yt_JtJL2ujzgz8","【古川】四ノ橋映像監視局［港区南麻布3］","https://www.youtube.com/watch?v=JtJL2ujzgz8","True","","False","","","","東京都水防チャンネル","https://www.youtube.com/channel/UCaydvLwWthLMbfKLEQSY2UQ","","35.647078","139.730185","2025-01-28 00:43:36"
"yt_yFknyhaf2V8","【白子川】松殿橋映像監視局［練馬区東大泉7］","https://www.youtube.com/watch?v=yFknyhaf2V8","True","","False","","","","東京都水防チャンネル","https://www.youtube.com/channel/UCaydvLwWthLMbfKLEQSY2UQ","","35.747629","139.578376","2025-01-28 00:42:03"
"yt_qMFtmvC2PLQ","【野川】大沢池上映像監視局［三鷹市大沢6］","https://www.youtube.com/watch?v=qMFtmvC2PLQ","True","video","False","","","","東京都水防チャンネル","https://www.youtube.com/channel/UCaydvLwWthLMbfKLEQSY2UQ","","35.674754","139.532107","2025-01-28 00:40:44"
"yt_gbpa0PdQf9k","【柳瀬川】金山橋映像監視局［清瀬市中里6］","https://www.youtube.com/watch?v=gbpa0PdQf9k","True","","False","","","","東京都水防チャンネル","https://www.youtube.com/channel/UCaydvLwWthLMbfKLEQSY2UQ","","35.788736","139.523276","2025-01-28 00:43:07"
"yt_6NgcCrHxOc8","【境川】根岸橋映像監視局［町田市根岸1］","https://www.youtube.com/watch?v=6NgcCrHxOc8","True","","False","","","","東京都水防チャンネル","https://www.youtube.com/channel/UCaydvLwWthLMbfKLEQSY2UQ","","35.57345","139.40997","2025-01-28 00:43:34"
"yt_3Lgz7df1nqE","【落合川】立野二の橋映像監視局［東久留米市本町1］","https://www.youtube.com/watch?v=3Lgz7df1nqE","True","video","False","","","","東京都水防チャンネル","https://www.youtube.com/channel/UCaydvLwWthLMbfKLEQSY2UQ","","35.757187","139.535725","2025-01-28 00:40:27"
"yt_z5r7tMqrAsU","【入間川】入間川映像監視局［調布市若葉町3］","https://www.youtube.com/watch?v=z5r7tMqrAsU","True","video","False","","","","東京都水防チャンネル","https://www.youtube.com/channel/UCaydvLwWthLMbfKLEQSY2UQ","","35.652881","139.582446","2025-01-28 00:40:44"
"yt_5xM0rQFnnuA","【谷沢川】矢川橋映像監視局［世田谷区野毛1］","https://www.youtube.com/watch?v=5xM0rQFnnuA","True","","False","","","","東京都水防チャンネル","https://www.youtube.com/channel/UCaydvLwWthLMbfKLEQSY2UQ","","35.602216","139.645772","2025-01-28 00:42:07"
"yt_7wiEJygFlT8","【善福寺川】西田端橋映像監視局［杉並区荻窪1］","https://www.youtube.com/watch?v=7wiEJygFlT8","True","","False","","","","東京都水防チャンネル","https://www.youtube.com/channel/UCaydvLwWthLMbfKLEQSY2UQ","","35.695078","139.624201","2025-01-28 00:43:36"
"yt_47GvKUznwUo","【大栗川】常盤橋映像監視局［八王子市大塚］","https://www.youtube.com/watch?v=47GvKUznwUo","True","video","False","","","","東京都水防チャンネル","https://www.youtube.com/channel/UCaydvLwWthLMbfKLEQSY2UQ","","35.636073","139.415934","2025-01-28 00:41:12"
"yt_5A599UlkmhE","【空堀川】青葉町映像監視局［東村山市青葉町3］","https://www.youtube.com/watch?v=5A599UlkmhE","True","","False","","","","東京都水防チャンネル","https://www.youtube.com/channel/UCaydvLwWthLMbfKLEQSY2UQ","","35.770132","139.49203","2025-01-28 00:42:32"
"yt_A_Kd5djSxio","【谷沢川】丸山橋映像監視局［世田谷区中町4］","https://www.youtube.com/watch?v=A_Kd5djSxio","True","video","False","","","","東京都水防チャンネル","https://www.youtube.com/channel/UCaydvLwWthLMbfKLEQSY2UQ","","35.616093","139.642072","2025-01-28 00:41:51"
"yt_mleTFazeKes","【新河岸川】新河岸橋映像監視局［北区浮間4］","https://www.youtube.com/watch?v=mleTFazeKes","True","video","False","","","","東京都水防チャンネル","https://www.youtube.com/channel/UCaydvLwWthLMbfKLEQSY2UQ","","","","2025-01-28 01:22:13"
"yt_8p11ESAA15w","【神田川】飯田橋映像監視局［文京区後楽1］","https://www.youtube.com/watch?v=8p11ESAA15w","True","video","False","","","","東京都水防チャンネル","https://www.youtube.com/channel/UCaydvLwWthLMbfKLEQSY2UQ","","35.703078","139.749932","2025-01-28 00:40:33"
"yt_IzAwuhZLKfE","【目黒川】青葉台映像監視局［目黒区青葉台2］","https://www.youtube.com/watch?v=IzAwuhZLKfE","True","","False","","","","東京都水防チャンネル","https://www.youtube.com/channel/UCaydvLwWthLMbfKLEQSY2UQ","","35.649049","139.693572","2025-01-28 00:42:10"
"yt_L9dTTIsaFyg","【残堀川】山中坂下映像監視局［立川市富士見町4］","https://www.youtube.com/watch?v=L9dTTIsaFyg","True","video","False","","","","東京都水防チャンネル","https://www.youtube.com/channel/UCaydvLwWthLMbfKLEQSY2UQ","","35.693954","139.398488","2025-01-28 00:40:12"
"yt_zrzij_wmu84","【妙正寺川】千歳橋映像監視局［中野区沼袋3］","https://www.youtube.com/watch?v=zrzij_wmu84","True","video","False","","","","東京都水防チャンネル","https://www.youtube.com/channel/UCaydvLwWthLMbfKLEQSY2UQ","","35.716847","139.660168","2025-01-28 00:40:10"
"yt_HZGu3p-fWFU","【目黒川】荏原調節池上流［品川区西五反田3］","https://www.youtube.com/watch?v=HZGu3p-fWFU","True","","False","","","","東京都水防チャンネル","https://www.youtube.com/channel/UCaydvLwWthLMbfKLEQSY2UQ","","35.627816","139.716115","2025-01-28 00:43:00"
"yt_LmJ3F1sZjZE","【石神井川】芝久保映像監視局［西東京市芝久保1］","https://www.youtube.com/watch?v=LmJ3F1sZjZE","True","","False","","","","東京都水防チャンネル","https://www.youtube.com/channel/UCaydvLwWthLMbfKLEQSY2UQ","","35.722769","139.526574","2025-01-28 00:42:26"
"yt_xByu6ONj53s","【恩田川】高瀬橋映像監視局［町田市西成瀬1］","https://www.youtube.com/watch?v=xByu6ONj53s","True","video","False","","","","東京都水防チャンネル","https://www.youtube.com/channel/UCaydvLwWthLMbfKLEQSY2UQ","","35.542789","139.463543","2025-01-28 00:40:37"
"yt_HJ3XTE6SXxE","【空堀川】神明橋映像監視局［武蔵村山市神明3］","https://www.youtube.com/watch?v=HJ3XTE6SXxE","True","video","False","","","","東京都水防チャンネル","https://www.youtube.com/channel/UCaydvLwWthLMbfKLEQSY2UQ","","35.752313","139.404289","2025-01-28 00:41:17"
"yt_I04G23hSvvk","【境川】鶴間映像監視局［町田市鶴間1］","https://www.youtube.com/watch?v=I04G23hSvvk","True","video","False","","","","東京都水防チャンネル","https://www.youtube.com/channel/UCaydvLwWthLMbfKLEQSY2UQ","","35.511378","139.464857","2025-01-28 00:41:46"
"yt_NgSLw6af2FY","【浅川】板当橋映像監視局［八王子市上恩方町352］","https://www.youtube.com/watch?v=NgSLw6af2FY","True","video","False","","","","東京都水防チャンネル","https://www.youtube.com/channel/UCaydvLwWthLMbfKLEQSY2UQ","","35.66804","139.239156","2025-01-28 00:41:47"
"yt_iLITy7eni9c","【秋川】山田映像監視局［あきる野市山田440］","https://www.youtube.com/watch?v=iLITy7eni9c","True","video","False","","","","東京都水防チャンネル","https://www.youtube.com/channel/UCaydvLwWthLMbfKLEQSY2UQ","","35.724201","139.25734","2025-01-28 00:41:13"
"yt_lKHfoQxDU-M","【残堀川】残堀池上映像監視局［立川市泉町］","https://www.youtube.com/watch?v=lKHfoQxDU-M","True","video","False","","","","東京都水防チャンネル","https://www.youtube.com/channel/UCaydvLwWthLMbfKLEQSY2UQ","","35.716513","139.389297","2025-01-28 00:40:49"
"yt_BbsLUXk26Eo","【仙川】長久保映像監視局［三鷹市新川6］","https://www.youtube.com/watch?v=BbsLUXk26Eo","True","","False","","","","東京都水防チャンネル","https://www.youtube.com/channel/UCaydvLwWthLMbfKLEQSY2UQ","","35.680567","139.568094","2025-01-28 00:42:41"
"yt_XfAxaeoYeS4","【白子川】越後山橋映像監視局［練馬区土支田4］","https://www.youtube.com/watch?v=XfAxaeoYeS4","True","","False","","","","東京都水防チャンネル","https://www.youtube.com/channel/UCaydvLwWthLMbfKLEQSY2UQ","","35.770315","139.612172","2025-01-28 00:42:56"
"yt_f9qoq9eoSIg","【呑川】池上映像監視局［大田区池上1］","https://www.youtube.com/watch?v=f9qoq9eoSIg","True","video","False","","","","東京都水防チャンネル","https://www.youtube.com/channel/UCaydvLwWthLMbfKLEQSY2UQ","","35.576191","139.70342","2025-01-28 00:41:46"
"yt_FuWD_fbeJbo","【南浅川】浅川事務所映像監視局［八王子市高尾1652］","https://www.youtube.com/watch?v=FuWD_fbeJbo","True","","False","","","","東京都水防チャンネル","https://www.youtube.com/channel/UCaydvLwWthLMbfKLEQSY2UQ","","35.64378","139.277017","2025-01-28 00:43:06"
"yt_ec8nY1JZ6zA","【新河岸川】浮間橋映像監視局［北区浮間1］","https://www.youtube.com/watch?v=ec8nY1JZ6zA","True","","False","","","","東京都水防チャンネル","https://www.youtube.com/channel/UCaydvLwWthLMbfKLEQSY2UQ","","35.787621","139.705928","2025-01-28 00:41:59"
"yt_-GZEwl6aJjY","【大栗川】大栗川橋映像監視局［八王子市堀之内3］","https://www.youtube.com/watch?v=-GZEwl6aJjY","True","","False","","","","東京都水防チャンネル","https://www.youtube.com/channel/UCaydvLwWthLMbfKLEQSY2UQ","","35.627406","139.39825","2025-01-28 00:42:09"
"yt_P1DyrZjDrcM","【野川】馬橋映像監視局［調布市国領2］","https://www.youtube.com/watch?v=P1DyrZjDrcM","True","video","False","","","","東京都水防チャンネル","https://www.youtube.com/channel/UCaydvLwWthLMbfKLEQSY2UQ","","35.653265","139.562902","2025-01-28 00:41:15"
"yt_32xkX2_7rxA","【神田川】和田見橋映像監視局［杉並区和田1］","https://www.youtube.com/watch?v=32xkX2_7rxA","True","","False","","","","東京都水防チャンネル","https://www.youtube.com/channel/UCaydvLwWthLMbfKLEQSY2UQ","","35.68973","139.664891","2025-01-28 00:42:51"
"yt_TpDuC47OsHU","【旧呑川水門（大田区大森東）】全景","https://www.youtube.com/watch?v=TpDuC47OsHU","True","video","False","","","","東京都高潮防災チャンネル","https://www.youtube.com/channel/UCHasOi3-m3IgOy0OBvm85qA","","35.569083","139.746139","2025-01-28 00:41:48"
"yt_J2_3R5qcpSE","【築地川水門（中央区浜離宮庭園）】外水側","https://www.youtube.com/watch?v=J2_3R5qcpSE","True","","False","","","","東京都高潮防災チャンネル","https://www.youtube.com/channel/UCHasOi3-m3IgOy0OBvm85qA","","35.658424","139.767598","2025-01-28 00:43:03"
"yt_OcXYWsHRCfs","【高浜水門（港区港南）】外水側","https://www.youtube.com/watch?v=OcXYWsHRCfs","True","","False","","","","東京都高潮防災チャンネル","https://www.youtube.com/channel/UCHasOi3-m3IgOy0OBvm85qA","","35.635205","139.75209","2025-01-28 00:43:25"
"yt_gwgRp-OV1hM","【目黒川水門（品川区東品川）】外水側","https://www.youtube.com/watch?v=gwgRp-OV1hM","True","video","False","","","","東京都高潮防災チャンネル","https://www.youtube.com/channel/UCHasOi3-m3IgOy0OBvm85qA","","35.618889","139.748509","2025-01-28 00:41:06"
"yt_upqGT1bw6SA","【辰巳水門（江東区辰巳）】内水側","https://www.youtube.com/watch?v=upqGT1bw6SA","True","video","False","","","","東京都高潮防災チャンネル","https://www.youtube.com/channel/UCHasOi3-m3IgOy0OBvm85qA","","35.645778","139.807667","2025-01-28 00:40:42"
"yt_wurFub9GFFw","【高浜水門（港区港南）】内水側","https://www.youtube.com/watch?v=wurFub9GFFw","True","","False","","","","東京都高潮防災チャンネル","https://www.youtube.com/channel/UCHasOi3-m3IgOy0OBvm85qA","","35.635205","139.75209","2025-01-28 00:42:15"
"yt_wzkb95wFdbU","【築地川水門（中央区浜離宮庭園）】内水側","https://www.youtube.com/watch?v=wzkb95wFdbU","True","video","True","","","","東京都高潮防災チャンネル","https://www.youtube.com/channel/UCHasOi3-m3IgOy0OBvm85qA","","35.658778","139.767607","2025-01-28 00:41:18"
"yt_q4ZuSV6e8WI","【佃水門（中央区晴海）】外水側","https://www.youtube.com/watch?v=q4ZuSV6e8WI","True","","False","","","","東京都高潮防災チャンネル","https://www.youtube.com/channel/UCHasOi3-m3IgOy0OBvm85qA","","35.662466","139.787657","2025-01-28 00:42:57"
"yt_4Dj3iCv_5sY","【目黒川水門（品川区東品川）】全景","https://www.youtube.com/watch?v=4Dj3iCv_5sY","True","","False","","","","東京都高潮防災チャンネル","https://www.youtube.com/channel/UCHasOi3-m3IgOy0OBvm85qA","","35.618952","139.748285","2025-01-28 00:42:48"
"yt_kmzJKyjuO9g","【新砂水門（江東区新砂）】全景","https://www.youtube.com/watch?v=kmzJKyjuO9g","True","","False","","","","東京都高潮防災チャンネル","https://www.youtube.com/channel/UCHasOi3-m3IgOy0OBvm85qA","","35.652153","139.835571","2025-01-28 00:42:21"
"yt_PK7qp72Xq9Y","【新砂水門（江東区新砂）】外水側","https://www.youtube.com/watch?v=PK7qp72Xq9Y","True","","False","","","","東京都高潮防災チャンネル","https://www.youtube.com/channel/UCHasOi3-m3IgOy0OBvm85qA","","35.652443","139.835327","2025-01-28 00:42:20"
"yt_w5wUFm3bEW0","【築地川水門（中央区浜離宮庭園）】全景","https://www.youtube.com/watch?v=w5wUFm3bEW0","True","","False","","","","東京都高潮防災チャンネル","https://www.youtube.com/channel/UCHasOi3-m3IgOy0OBvm85qA","","35.658596","139.767572","2025-01-28 00:43:02"
"yt_p_etQimAEq4","【佃水門（中央区晴海）】内水側","https://www.youtube.com/watch?v=p_etQimAEq4","True","video","False","","","","東京都高潮防災チャンネル","https://www.youtube.com/channel/UCHasOi3-m3IgOy0OBvm85qA","","35.662333","139.787528","2025-01-28 00:41:57"
"yt_TLojpoEa9EI","【新砂水門（江東区新砂）】内水側","https://www.youtube.com/watch?v=TLojpoEa9EI","True","","False","","","","東京都高潮防災チャンネル","https://www.youtube.com/channel/UCHasOi3-m3IgOy0OBvm85qA","","35.652121","139.83581","2025-01-28 00:43:13"
"yt_p8AGxTn4l6w","【旧呑川水門（大田区大森東）】量水標","https://www.youtube.com/watch?v=p8AGxTn4l6w","True","","False","","","","東京都高潮防災チャンネル","https://www.youtube.com/channel/UCHasOi3-m3IgOy0OBvm85qA","","35.569122","139.746246","2025-01-28 00:43:17"
"yt_59C4SX3siOU","【目黒川水門（品川区東品川）】内水側","https://www.youtube.com/watch?v=59C4SX3siOU","True","video","False","","","","東京都高潮防災チャンネル","https://www.youtube.com/channel/UCHasOi3-m3IgOy0OBvm85qA","","35.619066","139.747956","2025-01-28 01:06:00"
"yt_2s3TGa6TNdc","【辰巳水門（江東区辰巳）】外水側","https://www.youtube.com/watch?v=2s3TGa6TNdc","True","","False","","","","東京都高潮防災チャンネル","https://www.youtube.com/channel/UCHasOi3-m3IgOy0OBvm85qA","","35.645719","139.807944","2025-01-28 00:42:14"
"yt_cLdj7Z3CS9c","【高浜水門（港区港南）】水門全景","https://www.youtube.com/watch?v=cLdj7Z3CS9c","True","","False","","","","東京都高潮防災チャンネル","https://www.youtube.com/channel/UCHasOi3-m3IgOy0OBvm85qA","","35.634961","139.752258","2025-01-28 00:42:11"
"yt_3x6E45UtjBA","【佃水門（中央区晴海）】水門全景","https://www.youtube.com/watch?v=3x6E45UtjBA","True","video","False","","","","東京都高潮防災チャンネル","https://www.youtube.com/channel/UCHasOi3-m3IgOy0OBvm85qA","","35.662445","139.787626","2025-01-28 00:41:42"
"yt_E2v6OIS6OyU","【辰巳水門（江東区辰巳）】水門全景","https://www.youtube.com/watch?v=E2v6OIS6OyU","True","","False","","","","東京都高潮防災チャンネル","https://www.youtube.com/channel/UCHasOi3-m3IgOy0OBvm85qA","","35.644944","139.808694","2025-01-28 00:42:05"
"yt_lnDOh5efRpY","【LIVE】東武日光駅前ライブカメラ Tobu NIKKO Station Live Camera","https://www.youtube.com/watch?v=lnDOh5efRpY","True","video","True","","","","東武日光駅前ライブチャンネルNIKKO Live channel","https://www.youtube.com/channel/UCihKyLj79k42fSBvPGRja6Q","","","","2025-01-28 01:22:12"
"yt__1t_-mqDOYY","【LIVE】東武日光駅前ライブカメラ Tobu NIKKO Station Live Camera","https://www.youtube.com/watch?v=_1t_-mqDOYY","False","video","False","道路","東武日光駅","","東武日光駅前ライブチャンネルNIKKO Live channel","https://www.youtube.com/channel/UCihKyLj79k42fSBvPGRja6Q","茨城県つくば市筑波1","","","2025-01-28 01:22:07"
"yt_Lq1GrDgkEao","【ライブ配信】名神高速道路 岐阜羽島インターチェンジ付近のいま","https://www.youtube.com/watch?v=Lq1GrDgkEao","True","video","False","","","","東海テレビ NEWS ONE","https://www.youtube.com/channel/UCUQ0AtI3k10_CyLYcu4WRVA","","35.305482","136.690108","2025-01-28 00:40:13"
"yt_XV2Dwk9KCxI","東除川","https://www.youtube.com/watch?v=XV2Dwk9KCxI","True","","False","","","","松原市上下水道管理課","https://www.youtube.com/channel/UCmUX6oxTrUegbudWIWtvrYg","","34.589043","135.573485","2025-01-28 00:42:03"
"yt_w8ziU6vMQyk","西除川","https://www.youtube.com/watch?v=w8ziU6vMQyk","True","","False","","","","松原市上下水道管理課","https://www.youtube.com/channel/UCmUX6oxTrUegbudWIWtvrYg","","34.577742","135.537336","2025-01-28 00:42:49"
"yt_3jtiEaW4jjg","大和川2","https://www.youtube.com/watch?v=3jtiEaW4jjg","True","video","False","","","","松原市上下水道管理課","https://www.youtube.com/channel/UCmUX6oxTrUegbudWIWtvrYg","","34.593559","135.575206","2025-01-28 00:41:55"
"yt_7qI2p059Omk","大和川1","https://www.youtube.com/watch?v=7qI2p059Omk","True","video","False","","","","松原市上下水道管理課","https://www.youtube.com/channel/UCmUX6oxTrUegbudWIWtvrYg","","34.592503","135.573554","2025-01-28 00:41:49"
"yt_SOt3wKdf7KM","【松本城と北アルプス】ライブカメラ/ Matsumoto Castle & Northern Alps Live Cam","https://www.youtube.com/watch?v=SOt3wKdf7KM","True","video","True","","","","松本のシンカ【松本市公式チャンネル】 / Matsumoto City official","https://www.youtube.com/channel/UCUYwqlUZcN1gFNz-KQtwV1g","","","","2025-01-28 01:22:14"
"yt_W7XRxcH05DI","【美ケ原】ライブカメラ｜天気や駐車場の混雑具合の確認に便利｜","https://www.youtube.com/watch?v=W7XRxcH05DI","True","video","True","","","","松本のシンカ【松本市公式チャンネル】 / Matsumoto City official","https://www.youtube.com/channel/UCUYwqlUZcN1gFNz-KQtwV1g","","","","2025-01-28 01:22:15"
"yt_p5Cc9IEbY7g","【LIVE】岐阜市柳ケ瀬 ライブカメラ Gifu Yanagase LIVE camera","https://www.youtube.com/watch?v=p5Cc9IEbY7g","True","video","True","","","","柳ケ瀬TV - 岐阜市 ライブカメラ Gifu Yanagase LIVE camera","https://www.youtube.com/channel/UCzcJ9aYTmI1i6HOPShRmFcw","","","","2025-01-28 01:22:09"
"yt_bFg0PC_IypY","大田原市　河川監視カメラ　高取橋","https://www.youtube.com/watch?v=bFg0PC_IypY","True","","False","","","","栃木県大田原市 公式YouTubeチャンネル","https://www.youtube.com/channel/UCjso3SZyYxfppYA479ulsCA","","36.898334","140.228292","2025-01-28 02:16:29"
"yt_09MsavaS5Gw","大田原市　河川監視カメラ　上高橋","https://www.youtube.com/watch?v=09MsavaS5Gw","True","","False","","","","栃木県大田原市 公式YouTubeチャンネル","https://www.youtube.com/channel/UCjso3SZyYxfppYA479ulsCA","","36.87075","140.125422","2025-01-28 02:16:37"
"yt_FTvCH8ai5bY","大田原市　河川監視カメラ　清流荘","https://www.youtube.com/watch?v=FTvCH8ai5bY","True","","False","","","","栃木県大田原市 公式YouTubeチャンネル","https://www.youtube.com/channel/UCjso3SZyYxfppYA479ulsCA","","36.865143","140.120645","2025-01-28 02:16:29"
"yt_D9ciLTDe_9A","大田原市　河川監視カメラ　蛇尾橋","https://www.youtube.com/watch?v=D9ciLTDe_9A","True","","False","","","","栃木県大田原市 公式YouTubeチャンネル","https://www.youtube.com/channel/UCjso3SZyYxfppYA479ulsCA","","36.870743","140.034883","2025-01-28 02:16:29"
"yt_nQrc595iymg","大田原市　河川監視カメラ　箒橋","https://www.youtube.com/watch?v=nQrc595iymg","True","","False","","","","栃木県大田原市 公式YouTubeチャンネル","https://www.youtube.com/channel/UCjso3SZyYxfppYA479ulsCA","","36.784253","140.12325","2025-01-28 02:16:30"
"yt_W6OJrKQJOrQ","大田原市　河川監視カメラ　岩井橋","https://www.youtube.com/watch?v=W6OJrKQJOrQ","True","video","False","","","","栃木県大田原市 公式YouTubeチャンネル","https://www.youtube.com/channel/UCjso3SZyYxfppYA479ulsCA","","36.811483","140.00749","2025-01-28 02:16:58"
"yt_FiGMdokszRQ","大田原市　河川監視カメラ　弾正橋","https://www.youtube.com/watch?v=FiGMdokszRQ","True","video","False","","","","栃木県大田原市 公式YouTubeチャンネル","https://www.youtube.com/channel/UCjso3SZyYxfppYA479ulsCA","","36.870903","140.132997","2025-01-28 02:16:50"
"yt_-C-98fLw57Q","浅間山火口 Live!　提供：まえちゃんねっと","https://www.youtube.com/watch?v=-C-98fLw57Q","True","video","True","","","","株式会社 まえちゃんねっと","https://www.youtube.com/channel/UCT6G-6PP-04yditza3GUQHg","","36.405971","138.522157","2025-01-28 02:16:50"
"yt_HGVuB5S2nfk","浅間山 Live!　提供：まえちゃんねっと","https://www.youtube.com/watch?v=HGVuB5S2nfk","True","video","True","","","","株式会社 まえちゃんねっと","https://www.youtube.com/channel/UCT6G-6PP-04yditza3GUQHg","","36.445222","138.53707","2025-01-28 02:16:41"
"yt_84YozslbM84","【LIVE】上野城ライブカメラ 桜島と鹿児島市内  /  Sakurajima and Kagoshima city in Japan.  /  Vulcão com câmera ao vivo","https://www.youtube.com/watch?v=84YozslbM84","True","","True","","","","株式会社 上野城公式","https://www.youtube.com/channel/UCynXCHprmOfyGzGSnqgp6Wg","","31.575234","130.526297","2025-01-28 02:16:28"
"yt_zlQHMm67CSQ","つくば駅前ライブカメラ　人材派遣のインテック 365日　24時間　オンライン登録受付中　https://www.intec-ltd.co.jp/","https://www.youtube.com/watch?v=zlQHMm67CSQ","False","video","False","鉄道","つくば駅","","株式会社インテック","https://www.youtube.com/channel/UCgrNWXvhf-FDCyK6_VQjI5g","茨城県つくば市吾妻2丁目","36.0835602","140.076473","2025-01-28 02:16:23"
"yt_k_z6FMq4FW0","筑波山梅まつり開催　期間：令和７年２月８日（土）～３月９日（日）筑波山の中腹にある梅林で約1,000本の白梅、紅梅が楽しめます　つくば駅前ライブカメラ　人材派遣のインテック","https://www.youtube.com/watch?v=k_z6FMq4FW0","True","","True","","","","株式会社インテック","https://www.youtube.com/channel/UCgrNWXvhf-FDCyK6_VQjI5g","","36.083733","140.112665","2025-01-28 02:16:29"
"yt_NOg7HEJdj1M","Live Camera Axis M1135","https://www.youtube.com/watch?v=NOg7HEJdj1M","True","video","True","道路","株式会社カナン前の道路","株式会社カナン","株式会社カナン","https://www.youtube.com/channel/UCFoX3HqvpRRmJ4zlYXXX_Kg","福島県岩瀬郡岩瀬郡天栄村田良尾芝草1-3795","37.749957","140.467734","2025-01-28 01:05:35"
"yt_lxtB5GiLQtk","須川ライブカメラ（飯塚橋）","https://www.youtube.com/watch?v=lxtB5GiLQtk","True","video","True","","","","株式会社クリーンシステム","https://www.youtube.com/channel/UCIpgY3ZhDjXAHNJb34b2s4g","","38.258335","140.275022","2025-01-28 00:40:37"
"yt_j5qFsfZ5BrU","【LIVE】山形県村山市　東沢ばら公園通りのライブカメラ　LiveCamera on Rose Park Road","https://www.youtube.com/watch?v=j5qFsfZ5BrU","True","","True","","","","株式会社スガイ　山形　村山","https://www.youtube.com/channel/UC-bLw-xbwNuGCaf5ADMZROg","","38.477052","140.393853","2025-01-28 02:16:36"
"yt_tK0WOGXMJuo","パチンコ・スロットのモリナガ【公式】 の桜島ライブカメラ","https://www.youtube.com/watch?v=tK0WOGXMJuo","True","video","True","","","","株式会社モリナガ","https://www.youtube.com/channel/UClKjVhnrmek5KCSd9rYN76g","","31.607064","130.574075","2025-01-28 00:40:49"
"yt_hwgbRQ6o41w","株式会社三協 大渕工場より 美しい富士山をお届けします！","https://www.youtube.com/watch?v=hwgbRQ6o41w","True","","True","","","","株式会社三協","https://www.youtube.com/channel/UCaj0bJw6PdrCT6LQ31Hoc9g","","35.190518","138.673142","2025-01-28 00:42:15"
"yt_ZV3EEOSKgUg","【LIVE】山形県東根市のライブカメラ Higashine Yamagata JAPAN","https://www.youtube.com/watch?v=ZV3EEOSKgUg","True","video","True","","","","株式会社住建","https://www.youtube.com/channel/UCbxJuUWmcp4KKibQHS_OiPQ","","","","2025-01-28 01:22:11"
"yt_ptYsujAZuqg","お天気カメラ 北海道旭川市  Live camera / Asahikawa, Hokkaido, Japan","https://www.youtube.com/watch?v=ptYsujAZuqg","True","video","True","","","","株式会社北海道録画センター","https://www.youtube.com/channel/UCJOKZ03IvVCbahaPloXPaww","","","","2025-01-28 02:16:15"
"yt_x7oJB_dhv3I","御前崎CATV ライブカメラ(御前崎港の様子)","https://www.youtube.com/watch?v=x7oJB_dhv3I","True","video","True","海岸","御前崎","御前崎港","株式会社御前崎ケーブルテレビ(まおまお)","https://www.youtube.com/channel/UCSgouYRapy1btrfHNrVGKFQ","静岡県御前崎市御前崎１５７８","","","2025-01-28 01:22:15"
"yt_pMylvOB5Ta0","御前崎CATV ライブカメラ(マリンパーク御前崎の様子)","https://www.youtube.com/watch?v=pMylvOB5Ta0","True","video","True","海岸","御前崎","マリンパーク御前崎","株式会社御前崎ケーブルテレビ(まおまお)","https://www.youtube.com/channel/UCSgouYRapy1btrfHNrVGKFQ","","","","2025-01-28 01:22:15"
"yt_jp3S_CF21PM","【LIVE】北海道神宮 頓宮","https://www.youtube.com/watch?v=jp3S_CF21PM","True","video","True","","","","株式会社技研工房","https://www.youtube.com/channel/UCuboS8tkqptYstvCrAtIZ6g","","","","2025-01-28 01:22:10"
"yt_nu2GSYpYtc4","【LIVE】道路状況・札幌市国道36号線と創成川の状況","https://www.youtube.com/watch?v=nu2GSYpYtc4","False","","False","","","","株式会社技研工房","https://www.youtube.com/channel/UCuboS8tkqptYstvCrAtIZ6g","","43.05602","141.357982","2025-01-28 02:20:23"
"yt_XntnzALjg1s","【LIVE】道路状況・札幌市中央区南1条通り/東4丁目通り交差点","https://www.youtube.com/watch?v=XntnzALjg1s","True","","True","","","","株式会社技研工房","https://www.youtube.com/channel/UCuboS8tkqptYstvCrAtIZ6g","","43.060543","141.357212","2025-01-28 00:43:27"
"yt_kovCs_by6RQ","【LIVE】道路状況・中島公園駅周辺 札幌市中央区南８条西４丁目","https://www.youtube.com/watch?v=kovCs_by6RQ","False","","False","","","","株式会社技研工房","https://www.youtube.com/channel/UCuboS8tkqptYstvCrAtIZ6g","","43.049837","141.35479","2025-01-28 02:22:45"
"yt_1LQbZbQinyQ","【LIVE】北海道の生き物観察（札幌郊外の餌場）","https://www.youtube.com/watch?v=1LQbZbQinyQ","False","video","False","","","","株式会社技研工房","https://www.youtube.com/channel/UCuboS8tkqptYstvCrAtIZ6g","","43.04361","141.520367","2025-01-28 02:20:23"
"yt_7sforfBRcZQ","印南漁港LIVE【4K】","https://www.youtube.com/watch?v=7sforfBRcZQ","True","video","True","","","","株式会社石橋","https://www.youtube.com/channel/UC01gv8sm8A29MSKeCEUaq1A","","33.812481","135.218502","2025-01-28 00:41:42"
"other_73b367fd962d0d97","根尾川ライブカメラ","https://neogawa.org/camera/entei.jpg","True","image","False","河川","根尾川","漁協事務所前","根尾川筋漁業同組合","https://neogawa.org/index.html","岐阜県本巣市山口897","35.510588","136.66594","2024-04-08 18:01:36"
"yt_j98ufUEDRho","🔴Live Cam Yokohama Japan :横浜汽車道ライブカメラ","https://www.youtube.com/watch?v=j98ufUEDRho","False","video","False","","","","横浜汽車道ライブカメラ /Live Cam Yokohama Japan","https://www.youtube.com/channel/UCKtFn0R-NGm6cocqdoGAQTA","","35.452221","139.635831","2025-01-28 00:40:34"
"yt_dbtlmHgdm4g","🔴Live Cam Yokohama Japan /横浜汽車道ライブカメラ２","https://www.youtube.com/watch?v=dbtlmHgdm4g","True","video","True","","","","横浜汽車道ライブカメラ /Live Cam Yokohama Japan","https://www.youtube.com/channel/UCKtFn0R-NGm6cocqdoGAQTA","","35.452679","139.636757","2025-01-28 00:41:56"
"yt_nWHiRk0INj0","🔴Live Cam Yokohama Japan /横浜汽車道ライブカメラ２ - YouTube","https://www.youtube.com/watch?v=nWHiRk0INj0","False","video","False","海岸","横浜汽車道","","横浜汽車道ライブカメラ /Live Cam Yokohama Japan - YouTube","https://www.youtube.com/@YokohamaLiveCam","神奈川県横浜市中区新港二丁目9","35.444688","139.642203","2024-04-15 18:17:36"
"yt_AIrD9DwGS6s","🔴Live Cam Yokohama Japan :横浜汽車道ライブカメラ - YouTube","https://www.youtube.com/watch?v=AIrD9DwGS6s","False","video","False","海岸","横浜汽車道","","横浜汽車道ライブカメラ /Live Cam Yokohama Japan - YouTube","https://www.youtube.com/@YokohamaLiveCam","神奈川県横浜市中区新港二丁目9","35.444688","139.642203","2024-04-15 18:17:39"
"yt_Ejrtm15J-mg","ライブカメラ　みなとみらい、ベイブリッジ、横浜港：Yokohama Port Live Camera","https://www.youtube.com/watch?v=Ejrtm15J-mg","True","video","True","","","","横浜港ライブカメラ","https://www.youtube.com/channel/UCm8DGdhRoGe-GPCXfCT65og","","35.459691","139.633398","2025-01-28 02:16:40"
"yt_Yj4CHgedlVw","横須賀市災害監視カメラ　うみかぜ公園","https://www.youtube.com/watch?v=Yj4CHgedlVw","True","video","True","海岸","うみかぜ公園","","横須賀市公式チャンネル","https://www.youtube.com/channel/UCQDVaWThh91v2lgtCCqio5w","神奈川県横須賀市平成町三丁目21-44","35.281276","139.672284","2025-01-28 02:17:02"
"yt_n63yRhCRvHg","横須賀市災害監視カメラ　ヴェルニー公園","https://www.youtube.com/watch?v=n63yRhCRvHg","True","video","True","","","","横須賀市公式チャンネル","https://www.youtube.com/channel/UCQDVaWThh91v2lgtCCqio5w","","","","2025-01-28 02:16:12"
"yt_quQ39BpATnM","【 LIVE 】 東京都 歌舞伎町 『 新宿 バッティングセンター 』","https://www.youtube.com/watch?v=quQ39BpATnM","True","","True","","","","歌舞伎町  新宿バッティングセンター & キッチンメトロ","https://www.youtube.com/channel/UC7qVUMB8WRsS8_VItHWjJxQ","","35.696651","139.704448","2025-01-28 02:16:38"
"yt_gFRtAAmiFbE","【 LIVE 】 東京 新宿 歌舞伎町 ライブ ２ / 『 Kabukicho Live Channel II 』","https://www.youtube.com/watch?v=gFRtAAmiFbE","True","video","True","観光","歌舞伎町","","歌舞伎町 ライブ ちゃんねる 2『 Kabukicho Live Channel II 』","https://www.youtube.com/channel/UCBFDJXGCOdMjVtg2AnReoXA","","","","2024-07-25 20:59:18"
"yt_DjdUEyjx8GM","【 LIVE 】東京都 新宿 歌舞伎町 24時間 ライブ / Tokyo Shinjuku Kabukicho Live","https://www.youtube.com/watch?v=DjdUEyjx8GM","True","video","True","","","","歌舞伎町 ライブ ちゃんねる『 Kabukicho Live Channel 』","https://www.youtube.com/channel/UCCLnJzwda_Kcdkok3et7n0A","","","","2025-01-28 01:22:13"
"yt_P3bq6nGkpnE","ほうだいぎスキー場手前の道路お天気ライブカメラ【群馬県】","https://www.youtube.com/watch?v=P3bq6nGkpnE","True","video","True","","","","民宿吉野屋","https://www.youtube.com/channel/UCfg8n0p5zxu4V9l2lnHgyyQ","","36.838896","139.069638","2025-01-28 00:40:58"
"yt_UjoYiY1CUnk","海越しの立山連峰v4","https://www.youtube.com/watch?v=UjoYiY1CUnk","True","video","False","","","","氷見市公式YouTubeチャンネル","https://www.youtube.com/channel/UC_VsakMjKhdEJowMyad0eKg","","36.879389","136.987047","2025-01-28 00:41:32"
"yt_yIgoHdoBynE","【沖縄NOW!!】恩納村マリブビーチからLIVE映像！マリンレジャーや台風の状況、沖縄からの癒し映像としても是非！！","https://www.youtube.com/watch?v=yIgoHdoBynE","True","video","True","","","","沖縄NOW!!","https://www.youtube.com/channel/UC8bU0LyP49R7pL49LFwsPsg","","26.435304","127.783721","2025-01-28 00:40:31"
"yt_EL57ZkKmAo4","宮古島 お天気カメラ ライブ配信（OTV沖縄テレビ）","https://www.youtube.com/watch?v=EL57ZkKmAo4","True","video","True","","","","沖縄ニュースOTV","https://www.youtube.com/channel/UCjPVLguFrd6DTfHl2McrPjw","","24.804927","125.273296","2025-01-28 00:39:56"
"yt_jq4ulHJyd_I","[LIVE]仙台空港ライブカメラ / Live streaming from Sendai Airport","https://www.youtube.com/watch?v=jq4ulHJyd_I","True","","True","","","","河北新報オンライン","https://www.youtube.com/channel/UCNt5Ctj5uR_A5jTn_yZ9mVQ","","38.142759","140.918103","2025-01-28 00:42:21"
"yt_DSR9lyqMVvM","[LIVE]仙台・愛宕上杉通ライブカメラ/Live streaming from Sendai-city,Japan","https://www.youtube.com/watch?v=DSR9lyqMVvM","True","","False","","","","河北新報オンライン","https://www.youtube.com/channel/UCNt5Ctj5uR_A5jTn_yZ9mVQ","","38.272608","140.874324","2025-01-28 00:42:26"
"yt_9UNpXYB8rCQ","[LIVE]仙台・東二番丁(五橋)ライブカメラ/Live streaming from Sendai-city,Japan","https://www.youtube.com/watch?v=9UNpXYB8rCQ","True","video","False","","","","河北新報オンライン","https://www.youtube.com/channel/UCNt5Ctj5uR_A5jTn_yZ9mVQ","","38.255256","140.878727","2025-01-28 00:41:03"
"yt_f1wz_UN7Pqg","[LIVE]宮城・閖上港ライブカメラ/Live streaming from Yuriage Port facing the Pacific Ocean","https://www.youtube.com/watch?v=f1wz_UN7Pqg","True","video","False","","","","河北新報オンライン","https://www.youtube.com/channel/UCNt5Ctj5uR_A5jTn_yZ9mVQ","","38.174923","140.9573","2025-01-28 00:40:00"
"yt_ZwxSwqJX76o","[LIVE]仙台・北環状線(南吉成)ライブカメラ/Live streaming from Sendai-city,Japan","https://www.youtube.com/watch?v=ZwxSwqJX76o","True","","False","","","","河北新報オンライン","https://www.youtube.com/channel/UCNt5Ctj5uR_A5jTn_yZ9mVQ","","38.283456","140.812957","2025-01-28 00:43:15"
"yt_AuiWlDSPI5Y","河津桜まつりライブ中継　～河津桜原木～　河津桜伝説発祥の地！","https://www.youtube.com/watch?v=AuiWlDSPI5Y","True","video","True","","","","河津桜まつり情報局","https://www.youtube.com/channel/UCBUKK-eHNoa69RY9aTVmrIw","静岡県下田市一丁目２−３","","","2025-01-28 02:16:10"
"yt_BWZsenKOPMc","河津桜原木ライブ  　静岡県賀茂郡河津町　河津桜発祥の地。","https://www.youtube.com/watch?v=BWZsenKOPMc","True","video","True","","","","河津桜まつり情報局","https://www.youtube.com/channel/UCBUKK-eHNoa69RY9aTVmrIw","","","","2025-01-28 02:16:16"
"yt_3KjaNcYWzfo","河津桜まつり 河津七滝地区ライブカメラ　(期間限定配信)","https://www.youtube.com/watch?v=3KjaNcYWzfo","True","video","True","","","","河津桜まつり情報局","https://www.youtube.com/channel/UCBUKK-eHNoa69RY9aTVmrIw","","","","2025-01-28 02:16:16"
"yt_Zkuyqu83Eac","河津桜まつりライブ中継　～笹原公園～","https://www.youtube.com/watch?v=Zkuyqu83Eac","True","video","True","","","","河津桜まつり情報局","https://www.youtube.com/channel/UCBUKK-eHNoa69RY9aTVmrIw","","","","2025-01-28 02:16:16"
"yt_ua_7gTVCA4U","海辺の風景　ライブカメラ波情報　南房総 鴨川シーサイド　癒しの海","https://www.youtube.com/watch?v=ua_7gTVCA4U","False","video","False","","","","波のスケッチ","https://www.youtube.com/channel/UCEDn0tLxpVqEvI3NJyE2DRA","","35.10595","140.107086","2025-01-28 02:16:41"
"yt_xAe06zVvwuw","【LIVE】砂浜ライブカメラ：太平洋側 茨城県鹿島灘 Hasaki Beach Monitoring Webcam, Japan","https://www.youtube.com/watch?v=xAe06zVvwuw","True","video","True","","","","波崎海洋研究施設","https://www.youtube.com/channel/UCwnL1oawHTCb7xZw0GzNnmw","","","","2025-01-28 01:22:09"
"yt_G61diEmt1_A","鶴山公園","https://www.youtube.com/watch?v=G61diEmt1_A","False","video","False","観光","鶴山公園","","津山市観光協会","https://www.youtube.com/channel/UCBXjZTVx3ZZ6RFNbh6vbXSQ","岡山県津山市山下135","34.661759","133.934894","2025-01-28 01:05:33"
"yt_B952m7Ak4kc","鶴山公園","https://www.youtube.com/watch?v=B952m7Ak4kc","True","video","True","","","","津山市観光協会","https://www.youtube.com/channel/UCBXjZTVx3ZZ6RFNbh6vbXSQ","","35.062803","134.004677","2025-01-28 00:40:14"
"yt_gohVImssDo0","24/7 LIVE配信　東京 浅草 隅田川ライブカメラ","https://www.youtube.com/watch?v=gohVImssDo0","False","video","False","河川","","隅田川","浅草LIVEcam","https://www.youtube.com/channel/UCv5TCRTfSfVRlbTdiF0SAwg","東京都墨田区吾妻橋一丁目12-15","35.689568","139.691717","2025-01-28 02:16:21"
"yt_0up68c9QiLo","【LIVE CAMERA】浅草ライブカメラ「浅草寺 宝蔵門」（浅草中屋  屋上より）","https://www.youtube.com/watch?v=0up68c9QiLo","False","video","False","観光","浅草寺","宝蔵門","浅草中屋チャンネル -ASAKUSA NAKAYA CHANNEL-","https://www.youtube.com/channel/UCh1UcGFBIuFo5I-I1WMyclA","東京都江東区辰巳１丁目５","","","2025-01-28 02:16:18"
"yt_zVI_CBTDkp0","【LIVE CAMERA】浅草ライブカメラ「浅草寺 宝蔵門」（浅草中屋  屋上より）","https://www.youtube.com/watch?v=zVI_CBTDkp0","True","video","True","","","","浅草中屋チャンネル -ASAKUSA NAKAYA CHANNEL-","https://www.youtube.com/channel/UCh1UcGFBIuFo5I-I1WMyclA","","","","2025-01-28 02:16:12"
"yt_9FXQRplaWc8","浜中町霧多布湿原センターからのMGロード","https://www.youtube.com/watch?v=9FXQRplaWc8","True","video","True","道路","MGロード","浜中町霧多布湿原センター","浜中町ライブカメラ","https://www.youtube.com/channel/UCeb8nozSSdpVcYqm8yruuWA","北海道厚岸郡浜中町四番沢20-20 2階","43.085565","145.059243","2024-07-25 20:59:15"
"yt_Njs8Axp5MuY","海眼寺ご本尊　24時間ライブ配信中","https://www.youtube.com/watch?v=Njs8Axp5MuY","True","video","True","","","","海眼寺","https://www.youtube.com/channel/UCmw5-xllAae3vboMPffEY2g","","35.305111","135.121717","2025-01-28 02:16:49"
"yt_lsxYH2XQQCg","淡路島モンキーセンター","https://www.youtube.com/watch?v=lsxYH2XQQCg","True","","True","","","","淡路ザル","https://www.youtube.com/channel/UCujrqnm0oqm_cF3AV1128Sw","","34.245106","134.883343","2025-01-28 00:42:22"
"yt_XBt5Fg69iLE","渋谷センター街 マクドナルド前 ライブカメラ","https://www.youtube.com/watch?v=XBt5Fg69iLE","False","video","False","道路","渋谷センター街 ","","渋谷センター商店街","https://www.youtube.com/channel/UCfCxyg8waxuAPxa8WmBY49g","東京都渋谷区宇田川町28-15","35.66209","139.697425","2025-01-28 01:05:38"
"yt_EaRgJQ--2eE","渋谷センター街 マクドナルド前 ライブカメラ","https://www.youtube.com/watch?v=EaRgJQ--2eE","True","video","True","","","","渋谷センター商店街","https://www.youtube.com/channel/UCfCxyg8waxuAPxa8WmBY49g","","35.660321","139.698722","2025-01-28 00:41:23"
"yt_Xy2sLEMEj5Y","渋谷センター街　井の頭通りライブカメラ","https://www.youtube.com/watch?v=Xy2sLEMEj5Y","True","","True","","","","渋谷センター商店街","https://www.youtube.com/channel/UCfCxyg8waxuAPxa8WmBY49g","","35.66081","139.698942","2025-01-28 02:16:30"
"yt_-vHiGKfOlQA","渋谷センター街 メインアーチ前　ライブ配信","https://www.youtube.com/watch?v=-vHiGKfOlQA","True","","True","","","","渋谷センター商店街","https://www.youtube.com/channel/UCfCxyg8waxuAPxa8WmBY49g","","35.659679","139.7003","2025-01-28 02:16:34"
"yt_Dgh9_TCj6po","渋谷公園通り商店街WEBカメラANDS2","https://www.youtube.com/watch?v=Dgh9_TCj6po","True","video","True","","","","渋谷公園通り","https://www.youtube.com/channel/UC1LK8PM_k4Fak8v4PBtcQIQ","","35.662682","139.699261","2025-01-28 00:41:20"
"yt_c3L9OC7ffBc","渋谷公園通り商店街大外ビル","https://www.youtube.com/watch?v=c3L9OC7ffBc","True","video","True","","","","渋谷公園通り","https://www.youtube.com/channel/UC1LK8PM_k4Fak8v4PBtcQIQ","","35.66115","139.700767","2025-01-28 00:40:46"
"yt_six6fVA6Gxo","【LIVE】渋谷愛ビジョン・宮益坂交差点ライブカメラ／『SHIBUYA AI Vision』Miyamasuzaka-Shibuya","https://www.youtube.com/watch?v=six6fVA6Gxo","True","video","True","","","","渋谷愛ビジョン","https://www.youtube.com/channel/UCfvMaqBPqsHXSbmmKzpDvow","","35.65978","139.702162","2025-01-28 00:40:02"
"yt_KnKtXScDfmQ","【葉山港】本港ライブカメラ","https://www.youtube.com/watch?v=KnKtXScDfmQ","True","video","False","","","","湘南サニーサイドマリーナ","https://www.youtube.com/channel/UCxmo6RuWtljvb5J_zTI22gQ","","35.283927","139.568063","2025-01-28 00:40:33"
"yt_NSWHtC28VCU","【葉山港】駐車場ライブカメラ","https://www.youtube.com/watch?v=NSWHtC28VCU","True","video","False","","","","湘南サニーサイドマリーナ","https://www.youtube.com/channel/UCxmo6RuWtljvb5J_zTI22gQ","","","","2025-01-28 01:22:14"
"yt_Yvr72o0QGbI","【葉山港】新港ライブカメラ","https://www.youtube.com/watch?v=Yvr72o0QGbI","True","","False","","","","湘南サニーサイドマリーナ","https://www.youtube.com/channel/UCxmo6RuWtljvb5J_zTI22gQ","","35.2849","139.567172","2025-01-28 00:43:33"
"yt_dSPfoqUxCgw","【葉山港】全体ライブカメラ","https://www.youtube.com/watch?v=dSPfoqUxCgw","True","video","False","","","","湘南サニーサイドマリーナ","https://www.youtube.com/channel/UCxmo6RuWtljvb5J_zTI22gQ","","35.284114","139.567679","2025-01-28 00:41:27"
"yt_cyPwppM4Kao","【Shonan Ocean House 屋上カメラ1 】富士山 江ノ島 波情報 ライブカメラ 渋滞情報 | Mt.Fuji | Live Camera | Japan | H.View camera - YouTube","https://www.youtube.com/watch?v=cyPwppM4Kao","False","video","False","海岸","江ノ島・富士山・七里ガ浜の海","貸別荘「Shonan Ocean House」","湘南ライブカメラ - YouTube","https://www.youtube.com/@shonan-live","神奈川県鎌倉市七里ガ浜一丁目1-1","35.305393","139.510273","2024-05-01 19:40:36"
"yt_0l4X6CMe1yg","【🔴LIVE】ディズニーランドの花火　東雲ライブカメラ　ディズニーランド　東京ヘリポート　首都高速　東雲駅　湾岸線 渋滞情報　りんかい線　飛行機","https://www.youtube.com/watch?v=0l4X6CMe1yg","True","","True","","","","湾岸Go (TOKYO BAY LIVE CAMERA)","https://www.youtube.com/channel/UCwalBJrcoOVwid4wKfWkRiA","","35.656676","139.825097","2025-01-28 02:16:36"
"yt_AJYqwhBm52U","【🔴LIVE】4K 「羽田空港ライブビュー | 東京の国際・国内フライトを観察しよう」","https://www.youtube.com/watch?v=AJYqwhBm52U","True","","True","","","","湾岸Go (TOKYO BAY LIVE CAMERA)","https://www.youtube.com/channel/UCwalBJrcoOVwid4wKfWkRiA","","35.553994","139.795878","2025-01-28 00:42:20"
"yt_F0mMIRKUjA8","【🔴LIVE】羽田空港D滑走路　ライブカメラ　お天気カメラ","https://www.youtube.com/watch?v=F0mMIRKUjA8","True","video","True","","","","湾岸Go (TOKYO BAY LIVE CAMERA)","https://www.youtube.com/channel/UCwalBJrcoOVwid4wKfWkRiA","","35.535497","139.808099","2025-01-28 02:16:54"
"yt_y4M1_Zf5Lxo","【🔴LIVE】4K 首都高速  C1　東雲JCT　有明料金所　交通状況　湾岸線 そなエリア　防災公園ライブ","https://www.youtube.com/watch?v=y4M1_Zf5Lxo","True","video","True","","","","湾岸Go (TOKYO BAY LIVE CAMERA)","https://www.youtube.com/channel/UCwalBJrcoOVwid4wKfWkRiA","","35.641215","139.797035","2025-01-28 02:16:58"
"yt_DLsYMox4rCY","【🔴LIVE】チャットでカメラ位置切替可能　羽田空港側ライブカメラ　 辰巳パーキング　辰巳ジャンプ　羽田空港  ディズニーランド Diseney Camera　湾岸Go","https://www.youtube.com/watch?v=DLsYMox4rCY","True","","True","","","","湾岸Go (TOKYO BAY LIVE CAMERA)","https://www.youtube.com/channel/UCwalBJrcoOVwid4wKfWkRiA","","35.625945","139.884412","2025-01-28 02:16:34"
"yt_ZwmXxkanW4w","【🔴LIVE】東雲ジャンクション　ライブカメラ　首都高速　渋滞情報　湾岸線","https://www.youtube.com/watch?v=ZwmXxkanW4w","True","video","True","","","","湾岸Go (TOKYO BAY LIVE CAMERA)","https://www.youtube.com/channel/UCwalBJrcoOVwid4wKfWkRiA","","35.640139","139.796665","2025-01-28 02:16:52"
"yt_PrGQsGUAnk0","【🔴LIVE】　三浦海岸 横須賀　海辺　砂浜　 神奈川　お天気カメラ Yokosuka Kanagawa　湾岸Go","https://www.youtube.com/watch?v=PrGQsGUAnk0","True","","True","","","","湾岸Go (TOKYO BAY LIVE CAMERA)","https://www.youtube.com/channel/UCwalBJrcoOVwid4wKfWkRiA","","35.186543","139.657043","2025-01-28 02:16:36"
"yt_YrPt0oy9il4","【🔴LIVE】4K「東京ゲートブリッジ ライブカメラ | 24時間絶景配信」飛行機も見えるよ","https://www.youtube.com/watch?v=YrPt0oy9il4","True","","True","","","","湾岸Go (TOKYO BAY LIVE CAMERA)","https://www.youtube.com/channel/UCwalBJrcoOVwid4wKfWkRiA","","35.642995","139.798831","2025-01-28 00:42:44"
"other_0984c7281f0688f1","火山研究センターカメラ","https://www.aso.vgs.kyoto-u.ac.jp/camera/avl/index.html","True","image","True","山岳","","火山研究センター","火山研究センター","https://www.aso.vgs.kyoto-u.ac.jp/camera/index.html","熊本県阿蘇郡南阿蘇村河陽5280","32.790374","130.741134","2024-04-10 15:25:34"
"other_f681c1c918fecf88","本堂カメラ","https://www.aso.vgs.kyoto-u.ac.jp/camera/hondo/index.html","True","image","False","山岳","","京都大学観測所","火山研究センター","https://www.aso.vgs.kyoto-u.ac.jp/camera/index.html","熊本県阿蘇市郡阿蘇市","32.790374","130.741134","2024-04-10 15:31:20"
"yt_NuesgN-rJBw","【LIVE】熊本駅前ライブカメラ｜Kumamoto Station - KAB熊本朝日放送","https://www.youtube.com/watch?v=NuesgN-rJBw","True","","False","","","","熊本朝日放送 KAB NEWS","https://www.youtube.com/channel/UCu8GW2WcGp_9Lic2wZY_IVg","","32.790196","130.689918","2025-01-28 00:43:20"
"yt_nUpNlSRQVJA","【人吉ライブ映像】KKTニュース配信","https://www.youtube.com/watch?v=nUpNlSRQVJA","True","","False","","","","熊本県民テレビ KKT公式チャンネル","https://www.youtube.com/channel/UCHVgNZeav4snXQs93TyNp8g","","32.197747","130.027383","2025-01-28 00:42:05"
"yt_MAs18xtaP4M","【熊本市内 ライブ映像】KKTニュース配信","https://www.youtube.com/watch?v=MAs18xtaP4M","True","","False","","","","熊本県民テレビ KKT公式チャンネル","https://www.youtube.com/channel/UCHVgNZeav4snXQs93TyNp8g","","32.794053","130.6995","2025-01-28 00:42:46"
"yt_gtLrD-Xz6Go","【熊本市内 ライブ映像】KKTニュース配信","https://www.youtube.com/watch?v=gtLrD-Xz6Go","True","","False","","","","熊本県民テレビ KKT公式チャンネル","https://www.youtube.com/channel/UCHVgNZeav4snXQs93TyNp8g","","32.798606","130.70487","2025-01-28 00:43:20"
"yt_p9PSlQIFl9s","【熊本・阿蘇山映像】KKTニュース配信","https://www.youtube.com/watch?v=p9PSlQIFl9s","True","video","False","","","","熊本県民テレビ KKT公式チャンネル","https://www.youtube.com/channel/UCHVgNZeav4snXQs93TyNp8g","","32.880032","131.074002","2025-01-28 00:41:32"
"yt_ATs7Aaq5o3k","カブトガニライブ中継【伊万里湾カブトガニの館】Live Video from Imariwan horseshoe crab house","https://www.youtube.com/watch?v=ATs7Aaq5o3k","True","video","True","","","","牧島のカブトガニとホタルを育てる会","https://www.youtube.com/channel/UCCaEXjuc7Wh1NpihHaoydgA","","33.293813","129.853463","2025-01-28 00:40:50"
"yt_lWQFZIP9rys","犬吠テラステラス のライブ配信","https://www.youtube.com/watch?v=lWQFZIP9rys","True","video","True","","","","犬吠テラステラス","https://www.youtube.com/channel/UCY88ELMjnfMyOYMUw5K9o3g","","35.70742","140.867353","2025-01-28 00:41:13"
"yt_2cTja-anhiQ","犬吠テラステラス のライブ配信","https://www.youtube.com/watch?v=2cTja-anhiQ","False","video","False","海岸","","犬吠テラステラス","犬吠テラステラス","https://www.youtube.com/channel/UCY88ELMjnfMyOYMUw5K9o3g","千葉県成田市成田１","","","2025-01-28 01:22:07"
"yt_W2oniMxSOjY","猫カフェ二庵　猫部屋ライブ配信中　今年も猫神社⛩️明けましておめでとうございます！🎍(*´ω`*)","https://www.youtube.com/watch?v=W2oniMxSOjY","True","","True","","","","猫カフェ 二庵","https://www.youtube.com/channel/UCkaUg6pyVNpio9T3X9QZs-w","","34.659676","133.928877","2025-01-28 02:16:33"
"yt_JC2D_CayRN4","猿倉スキー場 中央ゲレンデ ライブカメラ","https://www.youtube.com/watch?v=JC2D_CayRN4","True","video","False","","","","猿倉スキー場","https://www.youtube.com/channel/UCG7OHvaUVRsBhUWrjzByO1Q","","","","2025-01-28 01:22:11"
"yt_0MTjGSx9vow","美ヶ原高原・ライブカメラ（東向き、美しの塔）","https://www.youtube.com/watch?v=0MTjGSx9vow","True","video","True","","","","王ヶ頭カメラ","https://www.youtube.com/channel/UCm9d_cxZig30MMDv09_o96g","","","","2025-01-28 01:22:15"
"yt_5mtGUAV6s5o","【LIVE】沖縄県・那覇市役所前交差点ライブカメラ【琉球新報】","https://www.youtube.com/watch?v=5mtGUAV6s5o","True","","True","","","","琉球新報","https://www.youtube.com/channel/UC-jBJkLN89AlQp6eeCNnnWg","","26.212854","127.677961","2025-01-28 00:43:21"
"yt_91Mn16nJvmA","佐賀 嬉野 ライブカメラ - YouTube","https://www.youtube.com/watch?v=91Mn16nJvmA","False","video","False","その他","嬉野市内・国道34号","野市内","田舎のITエンジニア - YouTube","https://www.youtube.com/@inakanoit/streams","佐賀県嬉野市嬉野町大字下宿","33.249322","130.298799","2024-04-21 15:18:42"
"yt_iBmf5dWtCkY","佐賀 嬉野 ライブカメラ","https://www.youtube.com/watch?v=iBmf5dWtCkY","True","video","True","","","","田舎のITエンジニア【鹿サポ】","https://www.youtube.com/channel/UCT4cqHtlaAzlV6TU5t0nvwQ","","33.101556","129.991398","2025-01-28 00:40:18"
"other_298ca7a6d8ec659a","由良川リアルタイム防災情報(二箇取水場)","https://www.fukuchiyama.kkr.mlit.go.jp/CctvInfo.aspx?id=10&t=1713013721495","True","image","False","河川","由良川(二箇取水場)","","由良川リアルタイム防災情報","https://www.fukuchiyama.kkr.mlit.go.jp/MapForm.aspx?m=12","京都府福知山市大江町二箇258","35.021279","135.755635","2024-04-13 22:31:08"
"other_4f2ec02974a67789","由良川リアルタイム防災情報(丹波大橋)","https://www.fukuchiyama.kkr.mlit.go.jp/CctvInfo.aspx?id=25&t=1713014661906","True","image","False","河川","由良川(丹波大橋)","","由良川リアルタイム防災情報","https://www.fukuchiyama.kkr.mlit.go.jp/MapForm.aspx?m=23","京都府綾部市味方町久保勝","35.021279","135.755635","2024-04-13 22:31:46"
"other_20f35d9330ee0222","由良川リアルタイム防災情報(以久田橋)","https://www.fukuchiyama.kkr.mlit.go.jp/CctvInfo.aspx?id=24&t=1713014592654","True","image","False","河川","由良川(以久田橋)","","由良川リアルタイム防災情報","https://www.fukuchiyama.kkr.mlit.go.jp/MapForm.aspx?m=22","京都府綾部市位田町岼","35.021279","135.755635","2024-04-13 22:31:43"
"other_c4cf87749f116e89","由良川リアルタイム防災情報(猪崎)","https://www.fukuchiyama.kkr.mlit.go.jp/CctvInfo.aspx?id=20&t=1713014514602","True","image","False","河川","由良川(猪崎)","","由良川リアルタイム防災情報","https://www.fukuchiyama.kkr.mlit.go.jp/MapForm.aspx?m=21","京都府福知山市猪崎","35.021279","135.755635","2024-04-13 22:31:38"
"other_128d95801c9a4d70","由良川リアルタイム防災情報(福知山河川国道事務所)","https://www.fukuchiyama.kkr.mlit.go.jp/CctvInfo.aspx?id=21&t=1713014321233","True","image","False","河川","由良川(福知山河川国道事務所)","","由良川リアルタイム防災情報","https://www.fukuchiyama.kkr.mlit.go.jp/MapForm.aspx?m=19","京都府福知山市岡ノ32-20","35.021279","135.755635","2024-04-13 22:31:35"
"other_9c03afe4baf4eea4","由良川リアルタイム防災情報(桑飼上)","https://www.fukuchiyama.kkr.mlit.go.jp/CctvInfo.aspx?id=9&t=1713013633095","True","image","False","河川","由良川(桑飼上)","","由良川リアルタイム防災情報","https://www.fukuchiyama.kkr.mlit.go.jp/MapForm.aspx?m=11","京都府舞鶴市桑飼上1190-1","35.021279","135.755635","2024-04-13 22:31:03"
"other_440d56bcdf2daca3","由良川リアルタイム防災情報(小貝)","https://www.fukuchiyama.kkr.mlit.go.jp/CctvInfo.aspx?id=23&t=1713014424597","True","image","False","河川","由良川(小貝)","","由良川リアルタイム防災情報","https://www.fukuchiyama.kkr.mlit.go.jp/MapForm.aspx?m=20","京都府綾部市高津町六路屋","35.021279","135.755635","2024-04-13 22:31:28"
"other_790db1fdb98682d1","由良川リアルタイム防災情報(大雲橋)","https://www.fukuchiyama.kkr.mlit.go.jp/CctvInfo.aspx?id=13&t=1713013790275","True","image","False","河川","由良川(大雲橋)","","由良川リアルタイム防災情報","https://www.fukuchiyama.kkr.mlit.go.jp/MapForm.aspx?m=13","京都府福知山市大江町南有路1294-5","35.021279","135.755635","2024-04-13 22:30:56"
"other_c684a4ab151ed835","由良川リアルタイム防災情報(桑飼下)","https://www.fukuchiyama.kkr.mlit.go.jp/CctvInfo.aspx?id=8&t=1713013216331","True","image","False","河川","由良川(桑飼下)","","由良川リアルタイム防災情報","https://www.fukuchiyama.kkr.mlit.go.jp/MapForm.aspx?m=10","京都府舞鶴市桑飼下216","35.021279","135.755635","2024-04-13 22:30:50"
"other_90ed27fab774754e","由良川リアルタイム防災情報(福知山水位観測所)","https://www.fukuchiyama.kkr.mlit.go.jp/CctvInfo.aspx?id=19&t=1713014203904","True","image","False","河川","由良川(福知山水位観測所)","","由良川リアルタイム防災情報","https://www.fukuchiyama.kkr.mlit.go.jp/MapForm.aspx?m=18","京都府福知山市寺","35.021279","135.755635","2024-04-13 22:31:30"
"other_1491519948cfbab5","由良川リアルタイム防災情報(岡田下橋)","https://www.fukuchiyama.kkr.mlit.go.jp/CctvInfo.aspx?id=7&t=1713013106179","True","image","False","河川","由良川(岡田下橋)","","由良川リアルタイム防災情報","https://www.fukuchiyama.kkr.mlit.go.jp/MapForm.aspx?m=9","京都府舞鶴市志高","35.021279","135.755635","2024-04-13 22:30:27"
"other_0e00d4e4d4a05334","由良川リアルタイム防災情報(大川橋)","https://www.fukuchiyama.kkr.mlit.go.jp/CctvInfo.aspx?id=5&t=1713012840858","True","image","False","河川","由良川(大川橋)","","由良川リアルタイム防災情報","https://www.fukuchiyama.kkr.mlit.go.jp/MapForm.aspx?m=7","京都府舞鶴市上東","35.021279","135.755635","2024-04-13 22:30:22"
"other_82eea2e88097457a","由良川リアルタイム防災情報(浦江)","https://www.fukuchiyama.kkr.mlit.go.jp/CctvInfo.aspx?id=2&t=1713012605740","True","image","False","河川","由良川(浦江)","","由良川リアルタイム防災情報","https://www.fukuchiyama.kkr.mlit.go.jp/MapForm.aspx?m=5","京都府舞鶴市蒲江","35.021279","135.755635","2024-04-13 22:30:20"
"other_5a8c044a9f542a02","由良川リアルタイム防災情報(上海)","https://www.fukuchiyama.kkr.mlit.go.jp/CctvInfo.aspx?id=4&t=1713012754402","True","image","False","河川","由良川(上海)","","由良川リアルタイム防災情報","https://www.fukuchiyama.kkr.mlit.go.jp/MapForm.aspx?m=6","京都府舞鶴市上東","35.021279","135.755635","2024-04-13 22:30:18"
"other_d3b71ee6ca00289f","由良川リアルタイム防災情報(久田美)","https://www.fukuchiyama.kkr.mlit.go.jp/CctvInfo.aspx?id=6&t=1713012989813","True","image","False","河川","由良川(久田美)","","由良川リアルタイム防災情報","https://www.fukuchiyama.kkr.mlit.go.jp/MapForm.aspx?m=8","京都府舞鶴市久田美930","35.021279","135.755635","2024-04-13 22:30:29"
"other_c71e2f280976bd9e","由良川リアルタイム防災情報(二箇)","https://www.fukuchiyama.kkr.mlit.go.jp/CctvInfo.aspx?id=12&t=1713013849066","True","image","False","河川","由良川(二箇)","","由良川リアルタイム防災情報","https://www.fukuchiyama.kkr.mlit.go.jp/MapForm.aspx?m=14","京都府福知山市大江町二箇1781-2","35.021279","135.755635","2024-04-13 22:31:11"
"other_852c5df2c72b4582","由良川リアルタイム防災情報(下天津水質監視所)","https://www.fukuchiyama.kkr.mlit.go.jp/CctvInfo.aspx?id=17&t=1713014031909","True","image","False","河川","由良川(下天津水質監視所)","","由良川リアルタイム防災情報","https://www.fukuchiyama.kkr.mlit.go.jp/MapForm.aspx?m=16","京都府福知山市上天津108","35.021279","135.755635","2024-04-13 22:31:19"
"other_10dc2590e5e17468","由良川リアルタイム防災情報(西神崎)","https://www.fukuchiyama.kkr.mlit.go.jp/CctvInfo.aspx?id=1&t=1713012417358","True","image","False","河川","由良川(西神崎)","","由良川リアルタイム防災情報","https://www.fukuchiyama.kkr.mlit.go.jp/MapForm.aspx?m=4","京都府舞鶴市西神崎403-3","35.021279","135.755635","2024-04-13 21:55:36"
"other_28166488daa34d2a","由良川リアルタイム防災情報(上天津)","https://www.fukuchiyama.kkr.mlit.go.jp/CctvInfo.aspx?id=18&t=1713014085428","True","image","False","河川","由良川(上天津)","","由良川リアルタイム防災情報","https://www.fukuchiyama.kkr.mlit.go.jp/MapForm.aspx?m=17","京都府福知山市荒河","35.021279","135.755635","2024-04-13 22:31:17"
"other_925fb0b24ee8a4e8","由良川リアルタイム防災情報(三河橋)","https://www.fukuchiyama.kkr.mlit.go.jp/CctvInfo.aspx?id=11&t=1713013952509","True","image","False","河川","由良川(三河橋)","","由良川リアルタイム防災情報","https://www.fukuchiyama.kkr.mlit.go.jp/MapForm.aspx?m=15","京都府福知山市大江町二箇","35.021279","135.755635","2024-04-13 22:31:14"
"yt_Oq-llYMJCWw","富山県黒部市・善巧寺ライブカメラ","https://www.youtube.com/watch?v=Oq-llYMJCWw","True","video","False","","","","白雪山善巧寺","https://www.youtube.com/channel/UCxRyl52KVc2PkQHSlhciFkw","","36.863702","137.52037","2025-01-28 00:40:45"
"yt_2YYGp8aV5rQ","【LIVE】善福寺の大銀杏（神奈川県南足柄市）A large ginkgo tree at Zempukuji Temple in Minamiashigara , Kanagawa , Japan","https://www.youtube.com/watch?v=2YYGp8aV5rQ","True","video","True","","","","相州善福寺","https://www.youtube.com/channel/UCn9Tb2dTUds0xeQ2o1mHC9g","","35.326757","139.105903","2025-01-28 00:41:02"
"yt_lvlFx0PAJ-k","【LIVE】神奈川の真ん中を流れる相模川ライブカメラ 厚木 海老名  圏央道付近","https://www.youtube.com/watch?v=lvlFx0PAJ-k","True","video","True","河川","相模川","","相模川ライブカメラ","https://www.youtube.com/channel/UCg9QtOKSEptfh2IxsqyZ5AA","千葉県鎌ケ谷市道野辺本町１丁目３−１","","","2025-01-28 02:16:16"
"yt_4ZHJ7zIRF10","【LIVE】新宿～小田原を走る小田急線ライブカメラ 厚木駅付近 ロマンスカー VSE 鉄道 電車 列車 天気 UFO","https://www.youtube.com/watch?v=4ZHJ7zIRF10","True","video","True","","","","相模川ライブカメラ","https://www.youtube.com/channel/UCg9QtOKSEptfh2IxsqyZ5AA","","35.441984","139.370969","2025-01-28 00:41:14"
"yt_7XqIVRTO5U0","【LIVE】土浦市城北町 国道125号 ライブカメラ","https://www.youtube.com/watch?v=7XqIVRTO5U0","True","video","True","","","","着物お手入れ専門店　扇屋","https://www.youtube.com/channel/UCci_DS2ch9f5UwcUYItMiyw","","36.087508","140.199604","2025-01-28 02:16:52"
"yt_AOvEe2dEXAc","Live Camera Axis Q1798-LE","https://www.youtube.com/watch?v=AOvEe2dEXAc","True","video","True","","","","知床第一ホテル【公式】","https://www.youtube.com/channel/UCYbNdButXB_r2I9dmiLYHxQ","","","","2025-01-28 01:22:09"
"yt_asbhoa3me1U","石垣島730交差点ＬＩＶＥカメラ","https://www.youtube.com/watch?v=asbhoa3me1U","True","video","True","","","","石垣島ライブカメラ -ishigaki island-","https://www.youtube.com/channel/UCQJE3qm7Sjc5-JXAYjAfkrw","","24.338186","124.1575","2025-01-28 00:41:57"
"yt_nZkEDV_2q6Q","金沢城公園三の丸広場ライブカメラ","https://www.youtube.com/watch?v=nZkEDV_2q6Q","True","","False","","","","石川県土木部公園緑地課","https://www.youtube.com/channel/UCI-AmuPKmbTweBgZgTqjXuw","","36.565214","136.660721","2025-01-28 00:42:18"
"yt_TjyrhHdTJVY","金沢城公園三の丸広場ライブカメラ","https://www.youtube.com/watch?v=TjyrhHdTJVY","False","video","False","観光","三の丸広場","","石川県土木部公園緑地課","https://www.youtube.com/channel/UCI-AmuPKmbTweBgZgTqjXuw","石川県金沢市丸の内1","36.56803","136.661039","2025-01-28 01:05:30"
"yt_JpLMmrxB_Tg","玉泉院丸庭園ライブカメラ","https://www.youtube.com/watch?v=JpLMmrxB_Tg","False","video","False","観光","玉泉院丸庭園","","石川県土木部公園緑地課","https://www.youtube.com/channel/UCI-AmuPKmbTweBgZgTqjXuw","石川県金沢市丸の内3","36.564408","136.657899","2025-01-28 01:05:30"
"yt_vT5AxrbHKS0","兼六園ライブカメラ","https://www.youtube.com/watch?v=vT5AxrbHKS0","True","video","False","","","","石川県土木部公園緑地課","https://www.youtube.com/channel/UCI-AmuPKmbTweBgZgTqjXuw","","36.562295","136.662302","2025-01-28 00:39:58"
"yt_uUTpDBgqQL8","兼六園ライブカメラ","https://www.youtube.com/watch?v=uUTpDBgqQL8","False","video","False","観光","兼六園","","石川県土木部公園緑地課","https://www.youtube.com/channel/UCI-AmuPKmbTweBgZgTqjXuw","石川県金沢市兼六町1","36.561186","136.664012","2025-01-28 01:05:31"
"yt_IYX3S0gC4M4","石田おとり店前の九頭竜川LIVE","https://www.youtube.com/watch?v=IYX3S0gC4M4","True","","True","","","","石田オトリ監視カメラ","https://www.youtube.com/channel/UC3baO5RNrbrGt5yDV7t5xFQ","","36.072234","136.470247","2025-01-28 00:42:26"
"yt_AU_2zfM4m68","【LIVE】神戸ウォーターフロント  ＃メリケンパーク＃神戸ポートタワー","https://www.youtube.com/watch?v=AU_2zfM4m68","True","video","True","観光","メリケンパーク","","神戸ウォーターフロント開発機構","https://www.youtube.com/channel/UC1YsvhwhmQV5kfVMRpTVx-A","兵庫県神戸市中央区波止場町2","34.689678","135.194948","2025-01-28 02:17:02"
"yt_CTYurzbQfM4","神流町インターネット放送局 のライブ配信","https://www.youtube.com/watch?v=CTYurzbQfM4","True","","True","","","","神流町インターネット放送局","https://www.youtube.com/channel/UCMpRlqQiImybdspI-YeFFDA","","36.113514","138.918205","2025-01-28 00:43:02"
"yt_e9NZot_0V88","【LIVE】神田駅北口ライブカメラ【Tokyo Kanda】","https://www.youtube.com/watch?v=e9NZot_0V88","True","","True","","","","神田ライブチャンネル(Kanda live channel)","https://www.youtube.com/channel/UCu76uqpelv-VALL5d6zsljg","","35.693208","139.7709","2025-01-28 00:43:27"
"yt_IrXQ8JID0Gs","福井駅西口 ライブカメラ","https://www.youtube.com/watch?v=IrXQ8JID0Gs","True","video","True","鉄道","福井駅西口","","福井ケーブルテレビ","https://www.youtube.com/channel/UCLbDKpDAkM8O4QVvbdA9h0w","福井県福井市中央1丁目1","36.06412","136.219452","2024-04-08 18:11:53"
"yt_htp23noMgRo","北陸自動車道南条ＳＡ付近 ライブカメラ","https://www.youtube.com/watch?v=htp23noMgRo","True","video","True","道路","北陸自動車道南条ＳＡ付近","","福井ケーブルテレビ","https://www.youtube.com/channel/UCLbDKpDAkM8O4QVvbdA9h0w","福井県南条郡南越前町牧谷39","36.065244","136.221791","2024-04-08 18:14:58"
"yt_k3lKNrqtSyE","足羽川・木田橋 ライブカメラ","https://www.youtube.com/watch?v=k3lKNrqtSyE","True","video","True","河川","足羽川","","福井ケーブルテレビ","https://www.youtube.com/channel/UCLbDKpDAkM8O4QVvbdA9h0w","福井県福井市豊島1丁目3-1","36.06412","136.219452","2024-04-11 21:21:59"
"yt_jLZ_T91paAU","国道８号線 大和田方面 ライブカメラ","https://www.youtube.com/watch?v=jLZ_T91paAU","True","video","True","道路","国道８号線　大和田方面 ","","福井ケーブルテレビ","https://www.youtube.com/channel/UCLbDKpDAkM8O4QVvbdA9h0w","福井県福井市堂島町106","36.06412","136.219452","2024-04-18 16:10:39"
"yt_CIjhFpsN-3k","三国・サンセットビーチ ライブカメラ","https://www.youtube.com/watch?v=CIjhFpsN-3k","True","video","True","海岸","三国・サンセットビーチ","日帰り温泉 三国温泉ゆあぽ～と　屋外テラス","福井ケーブルテレビ","https://www.youtube.com/channel/UCLbDKpDAkM8O4QVvbdA9h0w","福井県坂井市三国町宿米ケ脇4丁目9","36.065244","136.221791","2024-04-08 18:19:59"
"yt_ogfzNJJlEHo","新九頭竜橋 ライブカメラ","https://www.youtube.com/watch?v=ogfzNJJlEHo","True","video","True","河川","新九頭竜橋","","福井ケーブルテレビ","https://www.youtube.com/channel/UCLbDKpDAkM8O4QVvbdA9h0w","福井県福井市東森田1丁目2415","36.06412","136.219452","2024-04-08 17:58:49"
"yt_cG_-7ItG0Mk","河野・北前船主の館右近家 ライブカメラ","https://www.youtube.com/watch?v=cG_-7ItG0Mk","True","video","True","海岸","南越前町河野地区の海","北前船主の館右近家 西洋館 ","福井ケーブルテレビ","https://www.youtube.com/channel/UCLbDKpDAkM8O4QVvbdA9h0w","福井県南条郡南越前町河野2-15","36.065244","136.221791","2024-04-08 18:21:35"
"yt_Rao2DgIZWYI","＜福井テレビ＞情報カメラLive配信＜県内4ヵ所を24時間ライブ配信＞","https://www.youtube.com/watch?v=Rao2DgIZWYI","True","","True","","","","福井テレビチャンネル","https://www.youtube.com/channel/UCgJsBXU5ofuzI3ysVtIBvIw","","36.061665","136.223537","2025-01-28 00:43:24"
"yt_Ha8KoJY74XY","福井市にぎわい交流施設『ハピテラス』 のライブ配信","https://www.youtube.com/watch?v=Ha8KoJY74XY","True","video","True","","","","福井市にぎわい交流施設『ハピテラス』","https://www.youtube.com/channel/UCuFPG-56G6uI4CjUgyYkvHA","","36.061569","136.222184","2025-01-28 00:40:12"
"yt_sRqlkdXOi_w","【ライブカメラ】大和田交差点 国道8号線  福井新聞社本社屋上カメラ 福井市","https://www.youtube.com/watch?v=sRqlkdXOi_w","True","","True","","","","福井新聞社","https://www.youtube.com/channel/UCIwKLGenxhn0gc3GL_dbjVQ","","36.098075","136.251927","2025-01-28 02:16:28"
"yt_aLS25gzqNRo","【ライブカメラ】丹南地域①  交通情報  国道8号線・県道鯖江織田線（越前市・鯖江市・越前町）","https://www.youtube.com/watch?v=aLS25gzqNRo","True","","True","","","","福井新聞社","https://www.youtube.com/channel/UCIwKLGenxhn0gc3GL_dbjVQ","","35.919144","136.13472","2025-01-28 02:16:34"
"yt_iTVXkbsu7BU","【ライブカメラ】丹南地域②　交通＆河川情報  県道武生美山線・県道福井鯖江線（越前市・鯖江市・越前町）","https://www.youtube.com/watch?v=iTVXkbsu7BU","True","","True","","","","福井新聞社","https://www.youtube.com/channel/UCIwKLGenxhn0gc3GL_dbjVQ","","35.896375","136.212452","2025-01-28 02:16:29"
"yt_EBeQTQHmmfU","越前たけふ駅","https://www.youtube.com/watch?v=EBeQTQHmmfU","True","","False","","","","福井県タクシー協会","https://www.youtube.com/channel/UCfqfhA7AQsCEjH8fU2tzF3A","","35.895149","136.198359","2025-01-28 00:42:19"
"yt_CzgSFUAbE9s","【ライブカメラ】福岡空港ライブカメラ/福岡市・天神ライブカメラ(Fukuoka Airport Live/Tenjin Live) テレビ西日本　Live配信","https://www.youtube.com/watch?v=CzgSFUAbE9s","True","video","False","","","","福岡TNC ニュース","https://www.youtube.com/channel/UCZ0U1AoJOKVdlejhjUU1fBg","","","","2025-01-28 02:16:17"
"yt_8RyR0J8zbbU","【ライブカメラ】ＪＲ博多駅前　【福岡市】Hakata Station in FUKUOKA","https://www.youtube.com/watch?v=8RyR0J8zbbU","True","video","False","","","","福岡・佐賀 KBC NEWS","https://www.youtube.com/channel/UCS8ZQejq2CL-nZcnRWZCA5Q","","33.59013","130.419573","2025-01-28 02:16:53"
"yt_Cw91vSGfmRc","【LIVE】✈️福岡空港ライブカメラ Fukuoka Airport Live Camera 24/7","https://www.youtube.com/watch?v=Cw91vSGfmRc","True","","True","","","","福岡空港ライブカメラ","https://www.youtube.com/channel/UCOsw8Of0n0JFV-nbnAmDizw","","33.571545","130.458356","2025-01-28 00:43:14"
"yt_CFoC3sYuX4w","＜ライブ配信＞ 情報カメラ","https://www.youtube.com/watch?v=CFoC3sYuX4w","True","video","True","","","","福島ニュース [福テレ]","https://www.youtube.com/channel/UC8_eP66-QjHHM_pTXA9UuDw","","","","2025-01-28 01:22:11"
"yt_gmo1_LWluBI","【ライブカメラ】中テレ情報カメラ（郡山・福島・会津・小名浜）","https://www.youtube.com/watch?v=gmo1_LWluBI","True","video","False","","","","福島中央テレビNEWS","https://www.youtube.com/channel/UC8Y0ZErdlAnA9uW7ZeRdreQ","","","","2025-01-28 01:22:11"
"yt_FflwF8jzZuU","【ライブカメラ】福島空港","https://www.youtube.com/watch?v=FflwF8jzZuU","True","video","True","","","","福島中央テレビNEWS","https://www.youtube.com/channel/UC8Y0ZErdlAnA9uW7ZeRdreQ","","","","2025-01-28 01:22:09"
"other_5f3aeb8a335a734b","（公式）秋田八幡平スキー場 l ライブカメラ","https://www.akihachi.jp/live.html","True","image","False","観光","秋田八幡平スキー場","秋田八幡平スキー場レストラン","秋田八幡平スキー場","https://www.akihachi.jp/index.html","秋田県鹿角市八幡平熊沢外8国有林","40.215789","140.788519","2024-04-10 15:49:21"
"yt_N9sKgvEHzTo","田沢湖 のライブ配信","https://www.youtube.com/watch?v=N9sKgvEHzTo","True","video","True","","","","秋田県仙北市","https://www.youtube.com/channel/UCLy0LVrhCARQJBfzc7PbdeA","","","","2025-01-28 01:22:10"
"yt_CLMeh6ibPNM","角館武家屋敷通りライブ映像","https://www.youtube.com/watch?v=CLMeh6ibPNM","True","video","True","","","","秋田県仙北市","https://www.youtube.com/channel/UCUzqB5WDHeRPblNo1bV3LFA","","","","2025-01-28 01:22:10"
"yt_rXwJr5g3rzI","【LIVE】能登ワイン周辺ぶどう畑　石川県穴水町","https://www.youtube.com/watch?v=rXwJr5g3rzI","True","video","False","","","","穴水町公式チャンネル","https://www.youtube.com/channel/UCVFk3LGs7qDSlb9Sy8woSTw","","37.231452","136.99643","2025-01-28 02:16:47"
"yt_M2Armq8idjY","【LIVE】能登中居鋳物館周辺　石川県穴水町","https://www.youtube.com/watch?v=M2Armq8idjY","True","video","True","","","","穴水町公式チャンネル","https://www.youtube.com/channel/UCVFk3LGs7qDSlb9Sy8woSTw","","37.232373","136.946684","2025-01-28 02:16:51"
"yt_THy9p2xJSek","【LIVE】能登鹿島駅周辺（能登さくら駅）石川県穴水町","https://www.youtube.com/watch?v=THy9p2xJSek","True","","True","","","","穴水町公式チャンネル","https://www.youtube.com/channel/UCVFk3LGs7qDSlb9Sy8woSTw","","37.179951","136.898039","2025-01-28 00:42:29"
"yt_juSylmIAFv4","【LIVE】能登中居鋳物館周辺　石川県穴水町","https://www.youtube.com/watch?v=juSylmIAFv4","False","video","False","海岸","能登中居鋳物館","","穴水町公式チャンネル","https://www.youtube.com/channel/UCVFk3LGs7qDSlb9Sy8woSTw","石川県鳳珠郡穴水町字中居壱壱0","37.230874","136.912479","2025-01-28 02:16:22"
"yt_CfSHQkalbeI","【LIVE】鹿児島県枕崎市より Ocean Hotel Iwato 町方向(屋上)カメラ(音あり)","https://www.youtube.com/watch?v=CfSHQkalbeI","True","","True","","","","空と海を臨む宿 Ocean Hotel Iwato","https://www.youtube.com/channel/UCXIen52JAy3pttIX60JO0YA","","31.266552","130.30901","2025-01-28 00:43:10"
"yt_ox3uu-PmgtM","【４K LIVE】鹿児島県枕崎市より🌴 Ocean Hotel Iwato（屋上４Kカメラ)🏨","https://www.youtube.com/watch?v=ox3uu-PmgtM","True","video","True","","","","空と海を臨む宿 Ocean Hotel Iwato","https://www.youtube.com/channel/UCXIen52JAy3pttIX60JO0YA","","31.26664","130.309311","2025-01-28 00:39:54"
"yt_9YwP1iVLTM0","【ライブ】鹿児島県枕崎市より Ocean Hotel Iwato（右方向カメラ）(音あり)","https://www.youtube.com/watch?v=9YwP1iVLTM0","True","","True","","","","空と海を臨む宿 Ocean Hotel Iwato","https://www.youtube.com/channel/UCXIen52JAy3pttIX60JO0YA","","31.266476","130.309569","2025-01-28 00:42:02"
"yt_lxdlPZhIdEc","【LIVE】鹿児島県枕崎市より Ocean Hotel Iwato ホテル正面側","https://www.youtube.com/watch?v=lxdlPZhIdEc","True","","True","","","","空と海を臨む宿 Ocean Hotel Iwato","https://www.youtube.com/channel/UCXIen52JAy3pttIX60JO0YA","","31.26649","130.309201","2025-01-28 00:43:05"
"yt_Kodo4moG5n0","ヤッシーファミリー🌴🌴🌴🌴応援カメラ（鹿児島県枕崎市）フッキー🙋‍♂️👋もたまに・・・","https://www.youtube.com/watch?v=Kodo4moG5n0","True","","True","","","","空と海を臨む宿 Ocean Hotel Iwato","https://www.youtube.com/channel/UCXIen52JAy3pttIX60JO0YA","","31.266391","130.30944","2025-01-28 00:42:36"
"yt_qX5I4xWeBcg","【LIVE】鹿児島県枕崎市 Ocean Hotel Iwato 海側右方向(非常階段)カメラ(音あり)","https://www.youtube.com/watch?v=qX5I4xWeBcg","True","video","True","","","","空と海を臨む宿 Ocean Hotel Iwato","https://www.youtube.com/channel/UCXIen52JAy3pttIX60JO0YA","","31.26665","130.309206","2025-01-28 00:40:59"
"yt_vaKOG2K-MVc","【４K LIVE】鹿児島より Ocean Hotel Iwato（屋上４Kカメラ) - YouTube","https://www.youtube.com/watch?v=vaKOG2K-MVc","False","video","False","海岸","","Ocean Hotel Iwato","空と海を臨む宿 Ocean Hotel Iwato - YouTube","https://www.youtube.com/@OceanHotelIwato","鹿児島県枕崎市岩戸町58","31.560185","130.558141","2025-01-28 01:05:38"
"yt_Wg1LNQUrSrU","竹田綜合病院　A,B駐車場　ライブカメラ（福島県　会津若松市）","https://www.youtube.com/watch?v=Wg1LNQUrSrU","True","video","True","","","","竹田健康財団","https://www.youtube.com/channel/UCSNjhJfI5FVXx8xSDjNJhXQ","","37.491178","139.921711","2025-01-28 02:16:59"
"yt_t2lUdipZvAs","大人猫の部屋3階Live@笑にゃんこ王国(秩父) [Cat live]","https://www.youtube.com/watch?v=t2lUdipZvAs","True","video","True","","","","笑にゃんこ王国チャンネル","https://www.youtube.com/channel/UCwSNIL0FG4ucGM3AUW3tV0w","","36.042905","139.034966","2025-01-28 00:41:08"
"yt_M3jRmF8y9Rk","子猫の部屋Live@笑にゃんこ王国(秩父) [Cat live]","https://www.youtube.com/watch?v=M3jRmF8y9Rk","True","video","True","","","","笑にゃんこ王国チャンネル","https://www.youtube.com/channel/UCwSNIL0FG4ucGM3AUW3tV0w","","36.042905","139.034966","2025-01-28 00:41:30"
"yt_zxej04WQ9lI","大人猫の部屋2階カーリングLive@笑にゃんこ王国(秩父) [Cat live]","https://www.youtube.com/watch?v=zxej04WQ9lI","True","","True","","","","笑にゃんこ王国チャンネル","https://www.youtube.com/channel/UCwSNIL0FG4ucGM3AUW3tV0w","","36.042905","139.034966","2025-01-28 00:42:12"
"yt_jp8YydpqWJA","【LIVE】笠置キャンプ場ライブカメラ／Kasagi campsite livecam","https://www.youtube.com/watch?v=jp8YydpqWJA","True","video","True","観光","笠置大橋","","笠置キャンプ場 Channel","https://www.youtube.com/channel/UCXvHEXCqzgz1jha1o-15bFA","京都府相楽郡笠置町笠置","35.021279","135.755635","2024-04-15 18:16:31"
"yt__kNCRJ2Ray0","🔴筑波山【女体山】 🎌Japan Live! 24/7","https://www.youtube.com/watch?v=_kNCRJ2Ray0","True","video","True","山岳","筑波山","女体山","筑波山チャンネル","https://www.youtube.com/channel/UC_Ah4M1mOd8TW0Ou7X5wJ7w","茨城県つくば市沼田４","","","2025-01-28 01:22:07"
"yt_-S6yaOtupfQ","⭐️新登場⭐️ 🎦 筑波山 ライブカメラ  【女体山頂合流地点】","https://www.youtube.com/watch?v=-S6yaOtupfQ","True","video","True","山岳","筑波山","女体山","筑波山チャンネル","https://www.youtube.com/channel/UC_Ah4M1mOd8TW0Ou7X5wJ7w","茨城県つくば市筑波1","","","2025-01-28 02:16:17"
"yt_2CKn-Dp8eJE","🌺筑波山　ライブカメラ【筑波山梅林】","https://www.youtube.com/watch?v=2CKn-Dp8eJE","True","video","True","山岳","筑波山","筑波山梅林","筑波山チャンネル","https://www.youtube.com/channel/UC_Ah4M1mOd8TW0Ou7X5wJ7w","千葉県銚子市犬吠埼９５７５−２","","","2025-01-28 02:16:17"
"yt_PtIYII93OoE","🔴 筑波山  ライブカメラ【男体山】（実証試験中） 🎌Japan Live! 24/7","https://www.youtube.com/watch?v=PtIYII93OoE","True","video","True","山岳","筑波山","男体山","筑波山チャンネル","https://www.youtube.com/channel/UC_Ah4M1mOd8TW0Ou7X5wJ7w","茨城県つくば市筑波1","","","2025-01-28 02:16:17"
"yt_SrYLMM7O1tA","箕面大滝ライブ","https://www.youtube.com/watch?v=SrYLMM7O1tA","True","video","True","河川","箕面大滝","","箕面大滝ライブカメラ","https://www.youtube.com/channel/UCvdP2fWd4VP088XfRYx7wlA","東京都港区台場１丁目１−２","","","2025-01-28 01:22:06"
"yt_maMMEh-2Bsk","富士山・芦ノ湖ライブカメラ　～箱根大観山・アネスト岩田ターンパイク箱根より～　/　Mt. Fuji and Lake Ashinoko Live Camera - from Hakone, Japan","https://www.youtube.com/watch?v=maMMEh-2Bsk","True","video","True","","","","箱根ターンパイク株式会社 Official YouTube Channel","https://www.youtube.com/channel/UCEdkwjq31H4y3xfPST9ZFtg","","","","2025-01-28 02:16:11"
"yt_ZbAgfJKA8rw","箱根全山ウェブカメラ乙女峠 のライブ配信","https://www.youtube.com/watch?v=ZbAgfJKA8rw","True","video","False","","","","箱根全山ウェブカメラ乙女峠","https://www.youtube.com/channel/UCoXSony4Fgr3WS0aLlIBj6A","","35.273812","138.991245","2025-01-28 00:40:04"
"yt_Dqoqc3iKIog","箱根全山ウェブカメラ宮ノ下 のライブ配信","https://www.youtube.com/watch?v=Dqoqc3iKIog","True","","False","","","","箱根全山ウェブカメラ宮ノ下","https://www.youtube.com/channel/UCH2kxI0_9jw3630AJjq_ZbQ","","35.243405","139.062024","2025-01-28 00:42:50"
"yt_FLs2MYeA3eo","箱根全山ウェブカメラ箱根峠 のライブ配信","https://www.youtube.com/watch?v=FLs2MYeA3eo","True","video","True","","","","箱根全山ウェブカメラ箱根峠","https://www.youtube.com/channel/UCGwa_h2r99bxzAyQHJsh4iA","","35.186347","139.016327","2025-01-28 00:41:36"
"yt_I448I63fFiU","築地本願寺LIVE","https://www.youtube.com/watch?v=I448I63fFiU","True","","False","","","","築地本願寺","https://www.youtube.com/channel/UC1XCOdrEKT1QzJ_hYf5DKaQ","","35.666491","139.772317","2025-01-28 00:42:37"
"yt_YBeEj140-Z4","【ライブ配信】絶景・猪苗代スキー場 いなスキ！雪花火【東北・福島のスキー場】","https://www.youtube.com/watch?v=YBeEj140-Z4","True","video","False","","","","絶景・猪苗代スキー場","https://www.youtube.com/channel/UC8AHDeJk9r2ko0f2LWp8h1A","","37.573622","140.091659","2025-01-28 00:41:46"
"yt_2KvpCS_mVqQ","【ライブ配信】絶景・猪苗代スキー場（東北・福島）スカイエリア｜雲海と猪苗代湖","https://www.youtube.com/watch?v=2KvpCS_mVqQ","True","video","False","","","","絶景・猪苗代スキー場","https://www.youtube.com/channel/UC8AHDeJk9r2ko0f2LWp8h1A","","37.578097","140.088803","2025-01-28 00:39:57"
"yt_hEQioVpPGms","綾川町高山航空公園のライブ配信","https://www.youtube.com/watch?v=hEQioVpPGms","True","video","True","観光","高山航空公園","","綾川町高山航空公園","https://www.youtube.com/channel/UCS5Lu_lvzsHqshSod39ncoQ","香川県綾歌郡綾川町東分乙390-17","34.34016","134.04339","2024-04-13 19:25:15"
"yt_c2yEmi36pAc","綾川町高山航空公園のライブ配信２ - YouTube","https://www.youtube.com/watch?v=c2yEmi36pAc","False","video","False","観光","高山航空公園","","綾川町高山航空公園 - YouTube","https://www.youtube.com/@user-hw1vm9bm6h","香川県綾歌郡綾川町東分乙390-17","34.34016","134.04339","2025-01-28 01:05:33"
"yt_VOix1wTjheQ","【鎌倉】小町 若宮大路 段葛 ライブカメラ「置石fm. 」24/7 Japan Live Kamakura "" Wakamiya-Oji ""  湘南 混雑状況 お天気【カフェ気分】🌸🌿 ⛩","https://www.youtube.com/watch?v=VOix1wTjheQ","True","video","True","","","","置石fm. - 鎌倉ライブカメラ","https://www.youtube.com/channel/UCb3sHyV4iH4bGP_YCVzq0xA","","","","2025-01-28 02:16:11"
"yt_ooJwq5QEaQg","鎌倉 若宮大路 の空模様 ライブカメラ「置石fm.お天気カメラ」🌅🌇🌃🌠　The sky around Wakamiya-Oji in Kamakura. 気象状況 湘南 晴れ 雨 風 台風 雷 火球","https://www.youtube.com/watch?v=ooJwq5QEaQg","True","video","True","","","","置石fm. - 鎌倉ライブカメラ","https://www.youtube.com/channel/UCb3sHyV4iH4bGP_YCVzq0xA","","","","2025-01-28 02:16:11"
"yt_ra8Zv1PN6g0","高橋川ライブカメラ","https://www.youtube.com/watch?v=ra8Zv1PN6g0","True","video","True","","","","美浦村防災","https://www.youtube.com/channel/UC0s6R4hnWI0h7fA15tryySw","","35.99832","140.323183","2025-01-28 00:40:09"
"yt_zEywGO_xDO8","【ライブカメラ】山形県 大蔵村 肘折温泉","https://www.youtube.com/watch?v=zEywGO_xDO8","True","","True","","","","肘折温泉そば処寿屋","https://www.youtube.com/channel/UCcOSt2pOCZgE7gndPPEwhAw","","38.609343","140.166258","2025-01-28 00:43:19"
"yt_SIutzljpjFE","阿蘇中岳・草千里 4Kライブカメラ / Aso Nakadake and Kusasenri 4K Live Camera","https://www.youtube.com/watch?v=SIutzljpjFE","True","","True","","","","自然公園財団 阿蘇支部","https://www.youtube.com/channel/UCey3hahtkbKG9VrXTSotZoQ","","32.886471","131.052105","2025-01-28 00:42:31"
"yt_MwcMURMzJ7A","【4K】ライブカメラ-日本-浅草-隅田川-スカイツリー-屋形船","https://www.youtube.com/watch?v=MwcMURMzJ7A","True","video","True","河川","隅田川","浅草","船宿あみ清","https://www.youtube.com/channel/UCuS18SHV5Nhqi9OtreOBmnA","東京都台東区浅草２丁目３−１","","","2025-01-28 01:22:07"
"other_1635fc681d851ed6","英彦山神宮(授与所)","http://hikosan.aa4.netvolante.jp:81/view/view.shtml?id=34134&imagepath=%2Fmjpg%2Fvideo.mjpg&size=1","True","image","False","観光","英彦山神宮(授与所)","","英彦山神宮","https://hikosanjingu.or.jp/camera/","福岡県田川郡添田町英彦山1","33.571816","130.854088","2024-04-13 19:44:21"
"other_91f7ababcadc79c3","英彦山神宮(奉幣殿)","http://hikosan.aa4.netvolante.jp:1230/aca/index.html#view","True","image","False","観光","英彦山神宮(奉幣殿)","","英彦山神宮","https://hikosanjingu.or.jp/camera/","福岡県田川郡添田町英彦山1","33.571816","130.854088","2024-04-13 19:45:18"
"other_b06385f7b68ccc6a","英彦山神宮(下宮)","http://hikosan.aa4.netvolante.jp:1250/view/view.shtml?id=50368&imagepath=%2Fmjpg%2Fvideo.mjpg&size=1","True","image","False","観光","英彦山神宮(下宮)","","英彦山神宮","https://hikosanjingu.or.jp/camera/","福岡県田川郡添田町英彦山1","33.571816","130.854088","2024-04-13 19:38:27"
"other_27e6d922c3830282","英彦山神宮(社務所)","http://hikosan.aa4.netvolante.jp:82/#view","True","image","False","観光","英彦山神宮","","英彦山神宮","https://hikosanjingu.or.jp/camera/","福岡県田川郡添田町英彦山1","33.571816","130.854088","2024-04-13 19:45:02"
"other_dfe82e17cb2e2c78","英彦山神宮(参道)","http://hikosan.aa4.netvolante.jp:1210/view/view.shtml?id=75290&imagepath=%2Fmjpg%2Fvideo.mjpg&size=1","True","image","False","観光","英彦山神宮(参道)","","英彦山神宮","https://hikosanjingu.or.jp/camera/","福岡県田川郡添田町英彦山1","33.571816","130.854088","2024-04-13 19:43:42"
"yt_K2QKdhBBr5M","神栖市津波監視カメラ（鹿島港消防署）","https://www.youtube.com/watch?v=K2QKdhBBr5M","True","video","True","","","","茨城県神栖市チャンネル","https://www.youtube.com/channel/UCGq7GoIAlq8bhla7HaY8BKw","","35.910614","140.671145","2025-01-28 00:41:02"
"yt_nd5wYYZTGWE","ライブカメラ草津山光泉(境内)","https://www.youtube.com/watch?v=nd5wYYZTGWE","True","video","True","","","","草津山光泉寺","https://www.youtube.com/channel/UCdiW7R5zU1-JdnPWYx6SX1g","","","","2025-01-28 01:22:12"
"yt_rZeRkVEjwpg","ライブカメラ草津山光泉寺(五重塔)","https://www.youtube.com/watch?v=rZeRkVEjwpg","True","video","True","","","","草津山光泉寺","https://www.youtube.com/channel/UCdiW7R5zU1-JdnPWYx6SX1g","","","","2025-01-28 01:22:12"
"yt_RT_yg_qsK_M","「LIVECAMERA」草津温泉 西の河原・湯川LIVE","https://www.youtube.com/watch?v=RT_yg_qsK_M","True","video","True","","","","草津町公式YouTubeチャンネル","https://www.youtube.com/channel/UCbn5eHDjwmPC2K9RG8P0i_A","","36.624446","138.589265","2025-01-28 00:40:08"
"yt_UdOAbyzxKto","「LIVECAMERA 」草津温泉・西の河原公園駐車場","https://www.youtube.com/watch?v=UdOAbyzxKto","True","video","True","","","","草津町公式YouTubeチャンネル","https://www.youtube.com/channel/UCbn5eHDjwmPC2K9RG8P0i_A","","36.625479","138.595063","2025-01-28 00:41:53"
"yt_eJ6b7At43zI","「LIVECAMERA」草津温泉「湯畑」（移動式ライブカメラ）","https://www.youtube.com/watch?v=eJ6b7At43zI","False","video","False","観光","草津温泉湯畑","","草津町公式YouTubeチャンネル","https://www.youtube.com/channel/UCbn5eHDjwmPC2K9RG8P0i_A","群馬県吾妻郡草津町草津401","36.620711","138.596127","2024-04-08 20:11:52"
"yt_WbGZm0ocBBY","「LIVE CAMERA」草津温泉バスターミナル","https://www.youtube.com/watch?v=WbGZm0ocBBY","True","","True","","","","草津町公式YouTubeチャンネル","https://www.youtube.com/channel/UCbn5eHDjwmPC2K9RG8P0i_A","","36.620813","138.5964","2025-01-28 00:43:01"
"yt_AKlN2BM_l9U","「LIVECAMERA 」草津温泉・白根山ライブカメラ（移動式）","https://www.youtube.com/watch?v=AKlN2BM_l9U","True","video","True","山岳","草津白根山","草津白根山","草津町公式YouTubeチャンネル","https://www.youtube.com/channel/UCbn5eHDjwmPC2K9RG8P0i_A","群馬県吾妻郡草津町草津","36.620711","138.596127","2024-04-08 20:00:05"
"yt_d6a0sL8lYGk","「LIVE CAMERA」草津温泉・温泉門","https://www.youtube.com/watch?v=d6a0sL8lYGk","False","video","False","観光","草津温泉門","","草津町公式YouTubeチャンネル","https://www.youtube.com/channel/UCbn5eHDjwmPC2K9RG8P0i_A","群馬県吾妻郡草津町草津454-9","36.620711","138.596127","2025-01-28 01:05:30"
"yt_ilsqTxvNLg0","「LIVECAMERA」草津温泉スキー場　天狗山山麓エリア","https://www.youtube.com/watch?v=ilsqTxvNLg0","False","video","False","観光","草津温泉スキー場","","草津町公式YouTubeチャンネル","https://www.youtube.com/channel/UCbn5eHDjwmPC2K9RG8P0i_A","群馬県吾妻郡草津町草津白根国有林158 林班","36.620711","138.596127","2025-01-28 02:16:23"
"yt_VZ7UthXFfTw","「LIVECAMERA 」草津温泉・本白根山ライブカメラ（固定式）","https://www.youtube.com/watch?v=VZ7UthXFfTw","True","video","True","","","","草津町公式YouTubeチャンネル","https://www.youtube.com/channel/UCbn5eHDjwmPC2K9RG8P0i_A","","36.622434","138.533515","2025-01-28 00:39:54"
"yt_MQ82Zs0z70o","「LIVECAMERA」裏草津地蔵 漫画堂 カフェ月の貌","https://www.youtube.com/watch?v=MQ82Zs0z70o","False","video","False","観光","地蔵カフェ 月の貌","","草津町公式YouTubeチャンネル","https://www.youtube.com/channel/UCbn5eHDjwmPC2K9RG8P0i_A","群馬県吾妻郡草津町132-1","36.620711","138.596127","2025-01-28 01:05:30"
"yt_Yz4ViDb-kUs","「LIVECAMERA」国道292号 草津温泉入口","https://www.youtube.com/watch?v=Yz4ViDb-kUs","True","","True","","","","草津町公式YouTubeチャンネル","https://www.youtube.com/channel/UCbn5eHDjwmPC2K9RG8P0i_A","","36.616218","138.592256","2025-01-28 00:42:33"
"yt_JDLSr4iqjIg","「LIVE CAMERA」草津温泉スキー場　天狗山山頂エリア","https://www.youtube.com/watch?v=JDLSr4iqjIg","False","video","False","観光","草津温泉スキー場 天狗山レストハウス","","草津町公式YouTubeチャンネル","https://www.youtube.com/channel/UCbn5eHDjwmPC2K9RG8P0i_A","群馬県吾妻郡草津町草津58","36.620711","138.596127","2025-01-28 02:16:23"
"yt_8FUL47uSV1U","「LIVECAMERA」裏草津地蔵 源泉広場","https://www.youtube.com/watch?v=8FUL47uSV1U","False","video","False","観光","伝統湯地蔵（地蔵源泉）","","草津町公式YouTubeチャンネル","https://www.youtube.com/channel/UCbn5eHDjwmPC2K9RG8P0i_A","群馬県吾妻郡草津町草津299","36.620711","138.596127","2025-01-28 01:05:30"
"yt_AOKNNFjAbjU","「LIVECAMERA」国道292号 草津温泉入口","https://www.youtube.com/watch?v=AOKNNFjAbjU","False","video","False","道路","草津町","","草津町公式YouTubeチャンネル","https://www.youtube.com/channel/UCbn5eHDjwmPC2K9RG8P0i_A","群馬県吾妻郡草津町草津","36.620711","138.596127","2025-01-28 01:05:30"
"yt_RJYYbPs8hjQ","「LIVECAMERA 」西の河原露天風呂入り口","https://www.youtube.com/watch?v=RJYYbPs8hjQ","True","video","True","","","","草津町公式YouTubeチャンネル","https://www.youtube.com/channel/UCbn5eHDjwmPC2K9RG8P0i_A","","36.624327","138.588389","2025-01-28 00:40:30"
"yt__1PfF1v9GJc","「LIVECAMERA 」草津温泉・温泉門無料駐車場","https://www.youtube.com/watch?v=_1PfF1v9GJc","True","","True","","","","草津町公式YouTubeチャンネル","https://www.youtube.com/channel/UCbn5eHDjwmPC2K9RG8P0i_A","","36.617743","138.592728","2025-01-28 00:43:01"
"yt_UEaCw0e6xlA","「LIVECAMERA」国道292号 草津前口","https://www.youtube.com/watch?v=UEaCw0e6xlA","True","video","True","","","","草津町公式YouTubeチャンネル","https://www.youtube.com/channel/UCbn5eHDjwmPC2K9RG8P0i_A","","36.596918","138.585996","2025-01-28 00:41:07"
"yt_1Zap-JuoJ5c","草津温泉街　全体　9面「LIVE CAMERA」","https://www.youtube.com/watch?v=1Zap-JuoJ5c","True","video","True","","","","草津町公式YouTubeチャンネル","https://www.youtube.com/channel/UCbn5eHDjwmPC2K9RG8P0i_A","","36.620942","138.596331","2025-01-28 02:16:56"
"yt_B_Sc1v1qR-g","「LIVECAMERA」草津温泉「湯畑」（移動式ライブカメラ）","https://www.youtube.com/watch?v=B_Sc1v1qR-g","True","","True","","","","草津町公式YouTubeチャンネル","https://www.youtube.com/channel/UCbn5eHDjwmPC2K9RG8P0i_A","","36.623216","138.597139","2025-01-28 00:43:06"
"yt_Xr781EeLdqs","「LIVE CAMERA」草津温泉・温泉門","https://www.youtube.com/watch?v=Xr781EeLdqs","True","video","True","","","","草津町公式YouTubeチャンネル","https://www.youtube.com/channel/UCbn5eHDjwmPC2K9RG8P0i_A","","36.61853","138.593442","2025-01-28 00:41:21"
"yt_42FEEwaiN5w","「LIVECAMERA」草津温泉スキー場　天狗山山麓エリア","https://www.youtube.com/watch?v=42FEEwaiN5w","True","video","True","","","","草津町公式YouTubeチャンネル","https://www.youtube.com/channel/UCbn5eHDjwmPC2K9RG8P0i_A","","36.628789","138.586858","2025-01-28 02:16:45"
"yt_VnRb8aFDK2M","「LIVECAMERA」天狗山 第一駐車場","https://www.youtube.com/watch?v=VnRb8aFDK2M","True","video","True","","","","草津町公式YouTubeチャンネル","https://www.youtube.com/channel/UCbn5eHDjwmPC2K9RG8P0i_A","","36.626589","138.585331","2025-01-28 00:40:32"
"yt_Rp9f385_IsY","「LIVECAMERA」草津運動茶屋公園 道の駅","https://www.youtube.com/watch?v=Rp9f385_IsY","True","video","True","","","","草津町公式YouTubeチャンネル","https://www.youtube.com/channel/UCbn5eHDjwmPC2K9RG8P0i_A","","36.614786","138.59027","2025-01-28 00:41:44"
"yt_HukImt03Im8","「LIVECAMERA 」草津温泉・白根山ライブカメラ（固定式）","https://www.youtube.com/watch?v=HukImt03Im8","True","video","True","","","","草津町公式YouTubeチャンネル","https://www.youtube.com/channel/UCbn5eHDjwmPC2K9RG8P0i_A","","36.807027","139.35504","2025-01-28 00:41:02"
"yt_UiFEvugm8kg","「LIVECAMERA」草津温泉・本白根山ライブカメラ（移動式）","https://www.youtube.com/watch?v=UiFEvugm8kg","True","video","True","","","","草津町公式YouTubeチャンネル","https://www.youtube.com/channel/UCbn5eHDjwmPC2K9RG8P0i_A","","36.622434","138.533515","2025-01-28 00:40:25"
"yt_GrEEoEmmrKs","「LIVECAMERA」　草津温泉「湯畑」湯滝前","https://www.youtube.com/watch?v=GrEEoEmmrKs","True","video","True","","","","草津町公式YouTubeチャンネル","https://www.youtube.com/channel/UCbn5eHDjwmPC2K9RG8P0i_A","","36.623351","138.596923","2025-01-28 02:16:53"
"yt_RafJ8Jj8uik","「LIVECAMERA」国道292号 草津前口","https://www.youtube.com/watch?v=RafJ8Jj8uik","False","video","False","道路","草津町","","草津町公式YouTubeチャンネル","https://www.youtube.com/channel/UCbn5eHDjwmPC2K9RG8P0i_A","群馬県吾妻郡草津町前口","36.620711","138.596127","2024-04-08 20:17:48"
"yt_MK1s3viAjno","「LIVE CAMERA」草津温泉スキー場　天狗山山頂エリア","https://www.youtube.com/watch?v=MK1s3viAjno","True","video","True","","","","草津町公式YouTubeチャンネル","https://www.youtube.com/channel/UCbn5eHDjwmPC2K9RG8P0i_A","","36.630236","138.57777","2025-01-28 02:16:47"
"yt_2LsyIx6EHEE","【4K】東京ライブカメラ 荒川 土手 / Tokyo Live Camera Arakawa River","https://www.youtube.com/watch?v=2LsyIx6EHEE","True","video","True","河川","荒川","平井少年野球場","荒川 土手 河川敷グラウンド ライブカメラ","https://www.youtube.com/channel/UCrpdkCQKI1mfwB7WdKFOgYQ","東京都千代田区内幸町２丁目１−４ 日比谷中日ビル","","","2025-01-28 01:22:07"
"yt_SfK-NLz9-BM","Live. TOKYO 郊外からのライブカメラ","https://www.youtube.com/watch?v=SfK-NLz9-BM","True","video","True","","","","荒川なう","https://www.youtube.com/channel/UCaJnRUdUe0BqWqRMoGPUurA","","35.683926","139.860672","2025-01-28 00:41:37"
"yt_BYhdH_Dc06I","【菅平高原スキー場】表ダボス ビート1リフトライブカメラ Sugadaira Live Camera","https://www.youtube.com/watch?v=BYhdH_Dc06I","True","","True","","","","菅平プリンスホテル","https://www.youtube.com/channel/UCNQH-lj9U7xZ784LWipLiSg","","36.536778","138.348081","2025-01-28 00:42:13"
"yt_CxtZtKKjfZY","標高1230ｍ　信州 蓼科湖畔ライブカメラ＜蓼科山／北横岳　方向＞","https://www.youtube.com/watch?v=CxtZtKKjfZY","True","video","True","","","","蓼科湖畔 蓼の花ライブカメラ","https://www.youtube.com/channel/UCh-ZgieTtDdkrM1r_FIkX1Q","","","","2025-01-28 02:16:10"
"yt_D4YiBKIsZVA","JUPEERゲレンデライブカメラ","https://www.youtube.com/watch?v=D4YiBKIsZVA","True","","False","","","","蔵王索道協会","https://www.youtube.com/channel/UC1xeTccsAQdz7-fF0eAa5HA","","38.170174","140.397914","2025-01-28 00:43:05"
"yt_RHfXwQ-rF24","横倉ゲレンデライブカメラ","https://www.youtube.com/watch?v=RHfXwQ-rF24","True","","False","","","","蔵王索道協会","https://www.youtube.com/channel/UC1xeTccsAQdz7-fF0eAa5HA","","38.161605","140.395219","2025-01-28 00:43:15"
"yt_rpHUbj-7pR0","樹氷高原駅舎ライブカメラ","https://www.youtube.com/watch?v=rpHUbj-7pR0","True","video","False","","","","蔵王索道協会","https://www.youtube.com/channel/UC1xeTccsAQdz7-fF0eAa5HA","","38.151584","140.410788","2025-01-28 00:40:49"
"yt_6cR55F-J4ps","大森駐車場ライブカメラ","https://www.youtube.com/watch?v=6cR55F-J4ps","True","video","False","","","","蔵王索道協会","https://www.youtube.com/channel/UC1xeTccsAQdz7-fF0eAa5HA","","38.158221","140.382482","2025-01-28 00:41:10"
"yt_V9miaZRzawI","蔵王ロープウェイ駐車場ライブカメラ","https://www.youtube.com/watch?v=V9miaZRzawI","True","video","False","","","","蔵王索道協会","https://www.youtube.com/channel/UC1xeTccsAQdz7-fF0eAa5HA","","38.161616","140.394434","2025-01-28 00:40:28"
"yt_G-wKM6Dw3kA","蔵王サンライズライブカメラ","https://www.youtube.com/watch?v=G-wKM6Dw3kA","True","video","False","","","","蔵王索道協会","https://www.youtube.com/channel/UC1xeTccsAQdz7-fF0eAa5HA","","38.167459","140.402437","2025-01-28 00:40:42"
"yt_DnrgCsF1nAM","蔵王体育館駐車場ライブカメラ","https://www.youtube.com/watch?v=DnrgCsF1nAM","True","video","False","その他","蔵王体育館駐車場","","蔵王索道協会","https://www.youtube.com/channel/UC1xeTccsAQdz7-fF0eAa5HA","山形県山形市蔵王温泉川前９４０","","","2025-01-28 01:22:08"
"yt_1vhtYFrjxBw","中央ロープウェイ第一駐車場ライブカメラ","https://www.youtube.com/watch?v=1vhtYFrjxBw","True","video","False","その他","中央ロープウェイ第一駐車場","","蔵王索道協会","https://www.youtube.com/channel/UC1xeTccsAQdz7-fF0eAa5HA","大阪府大阪市中央区道頓堀１丁目９−１","","","2025-01-28 01:22:08"
"yt_416KwGEjTK4","中央ゲレンデライブカメラ","https://www.youtube.com/watch?v=416KwGEjTK4","True","video","False","","","","蔵王索道協会","https://www.youtube.com/channel/UC1xeTccsAQdz7-fF0eAa5HA","","38.166135","140.417168","2025-01-28 00:41:40"
"yt_nzCGgWtfVg0","パラダイスゲレンデライブカメラ","https://www.youtube.com/watch?v=nzCGgWtfVg0","True","video","False","","","","蔵王索道協会","https://www.youtube.com/channel/UC1xeTccsAQdz7-fF0eAa5HA","","38.159067","140.422184","2025-01-28 00:41:19"
"yt_u-YYTULBdPU","【Live Iriomote-Okinawa】世界自然遺産登録の西表島から「ライブカメラ」「 お天気カメラ」「面白動画」","https://www.youtube.com/watch?v=u-YYTULBdPU","True","video","True","","","","西表島動画配信サイト（ヤシガニNET）","https://www.youtube.com/channel/UCaWSwCh3Sy07sj5x2iyh11Q","","24.33333","123.818822","2025-01-28 00:40:25"
"yt_KHzcHZt77Q8","【ライブカメラ】大阪駅・新大阪駅 周辺の様子／ Live Camera Osaka - YouTube","https://www.youtube.com/watch?v=KHzcHZt77Q8","False","video","False","その他","大阪駅・新大阪駅","","読売テレビニュース - YouTube","https://www.youtube.com/@ytv_news","大阪府大阪市北区角田町8-6","34.686394","135.519994","2024-05-01 15:15:21"
"yt_6kJPx0WSLdk","立石公園駐車場ライブカメラ","https://www.youtube.com/watch?v=6kJPx0WSLdk","True","video","True","","","","諏訪市公式チャンネル","https://www.youtube.com/channel/UCFPHsl3dglA16jKQiLhxkiA","","","","2025-01-28 01:22:15"
"yt_NAHi9Q133Dc","４Ｋ【LIVE】諏訪湖八ヶ岳ライブカメラ2　信州　諏訪盆地　 自動巡回  PTZ Live stream in Lake Suwa Nagano Japan","https://www.youtube.com/watch?v=NAHi9Q133Dc","True","","True","","","","諏訪湖八ヶ岳ライブカメラ  4994 Land","https://www.youtube.com/channel/UChU3QHV-yZytG_AJgfL2bnw","","36.064223","138.078965","2025-01-28 02:16:24"
"yt_GxXWWYmu96Q","４Ｋ【LIVE】諏訪湖八ヶ岳ライブカメラ１　信州　諏訪盆地　 Live stream in Lake Suwa Nagano Japan","https://www.youtube.com/watch?v=GxXWWYmu96Q","True","video","True","","","","諏訪湖八ヶ岳ライブカメラ  4994 Land","https://www.youtube.com/channel/UChU3QHV-yZytG_AJgfL2bnw","","36.064708","138.080896","2025-01-28 02:16:46"
"yt_xxcSWYgv25Q","４Ｋ【LIVE】諏訪湖八ヶ岳ライブカメラ3　信州　諏訪盆地　 PTZ Live stream in Lake Suwa Nagano Japan","https://www.youtube.com/watch?v=xxcSWYgv25Q","True","video","True","","","","諏訪湖八ヶ岳ライブカメラ  4994 Land","https://www.youtube.com/channel/UChU3QHV-yZytG_AJgfL2bnw","","36.064014","138.081454","2025-01-28 02:16:53"
"yt_6Sz4TqC5Bws","諸塚村の風景～やましぎの杜から～","https://www.youtube.com/watch?v=6Sz4TqC5Bws","True","video","True","","","","諸塚村-Morotsuka Village-","https://www.youtube.com/channel/UCdngvJywysrfbdFJ7b0JRxQ","","32.523382","131.294173","2025-01-28 00:41:41"
"other_75a7f849c8fcd5fc","Camera 3 貞昌院モノレール「まいれ～る」カメラ","https://www.myspotcam.com/onair/embedded/ozqT5hLQ/wq7N8F","True","video","False","鉄道","貞昌院モノレール「まいれ～る」","","貞昌院","https://teishoin.net/live.html","神奈川県横浜市港南区上永谷五丁目1","35.400765","139.592237","2024-04-10 15:43:04"
"other_98853500d9bcb40b","Camera1 貞昌院庭カメラ","https://www.myspotcam.com/onair/embedded/ozqT5hLQ/igXOXq","True","video","False","観光","貞昌院庭","","貞昌院","https://teishoin.net/live.html","神奈川県横浜市港南区上永谷五丁目1-3","35.400765","139.592237","2024-04-10 15:39:04"
"other_f1d89d63dc654453","Camera 4 貞昌院 茶室カメラ","https://www.myspotcam.com/onair/embedded/ozqT5hLQ/XOAJkn","True","video","False","観光","貞昌院 茶室","","貞昌院","https://teishoin.net/live.html","神奈川県横浜市港南区上永谷五丁目1-3","35.400765","139.592237","2024-04-10 15:45:00"
"other_647f9b23d1ef0644","Camera2 貞昌院裏庭 池カメラ","https://www.myspotcam.com/onair/embedded/ozqT5hLQ/oM5z4g","True","video","False","観光","貞昌院裏庭 池","","貞昌院","https://teishoin.net/live.html","神奈川県横浜市港南区上永谷五丁目1-3","35.400765","139.592237","2024-04-10 15:40:41"
"yt_GSJwOX3gZsk","【LIVE】桜島 ライブカメラA【遠景】鹿児島県 垂水市 フェリー/ Sakurajima, an active volcano live cam JAPAN'","https://www.youtube.com/watch?v=GSJwOX3gZsk","True","video","True","","","","財宝公式チャンネル","https://www.youtube.com/channel/UCpWU25qIleNLmUEF9VwBdMA","","31.473955","130.6982","2025-01-28 00:41:28"
"yt_PeElJClXtzE","【2K LIVE】桜島 ライブカメラB【近景】鹿児島県 垂水市 / Sakurajima, an active volcano live cam (Close-up view) JAPAN'","https://www.youtube.com/watch?v=PeElJClXtzE","True","","True","","","","財宝公式チャンネル","https://www.youtube.com/channel/UCpWU25qIleNLmUEF9VwBdMA","","31.529665","130.698699","2025-01-28 00:43:08"
"yt_Mfq8V8uE0SU","【LIVE】桜島 ライブカメラＣ【火口】鹿児島県 垂水市 / Live Streaming Sakurajima Crater Kagoshima, JAPAN'","https://www.youtube.com/watch?v=Mfq8V8uE0SU","True","video","True","","","","財宝公式チャンネル","https://www.youtube.com/channel/UCpWU25qIleNLmUEF9VwBdMA","","31.579088","130.664665","2025-01-28 00:40:00"
"yt_LouNBABS8xE","【LIVE】赤城南麓ライブカメラ-North-　◇赤城山方面カメラ◇","https://www.youtube.com/watch?v=LouNBABS8xE","True","video","True","","","","赤城南麓ライブカメラ","https://www.youtube.com/channel/UCZZ6_PSQehJJlEthiP27a_g","","36.501598","139.236243","2025-01-28 02:17:01"
"yt_nhOZpL-wCxc","【LIVE】赤城南麓ライブカメラ-South-　◇関東平野　東京方面カメラ◇","https://www.youtube.com/watch?v=nhOZpL-wCxc","True","","True","","","","赤城南麓ライブカメラ","https://www.youtube.com/channel/UCZZ6_PSQehJJlEthiP27a_g","","36.540264","139.166258","2025-01-28 02:16:31"
"yt_QMBTE7dCs7A","【LIVE】赤城南麓ライブカメラ-South- ◇関東平野 東京方面カメラ◇ - YouTube","https://www.youtube.com/watch?v=QMBTE7dCs7A","False","video","False","その他","関東平野","","赤城南麓ライブカメラ - YouTube","https://www.youtube.com/@akaginanroku/streams","群馬県前橋市富士見町赤城山","36.51793","139.128213","2024-04-21 13:59:14"
"yt_Q6falTkNB-g","【LIVE】赤城南麓ライブカメラ-North- ◇赤城山 北極星◇ - YouTube","https://www.youtube.com/watch?v=Q6falTkNB-g","False","video","False","その他","赤城山","","赤城南麓ライブカメラ - YouTube","https://www.youtube.com/@akaginanroku/streams","群馬県前橋市富士見町赤城山","36.51793","139.128213","2024-04-21 13:55:45"
"yt_54NpKx_efis","身延七面山ライブカメラ配信","https://www.youtube.com/watch?v=54NpKx_efis","True","","True","","","","身延七面山ライブカメラ","https://www.youtube.com/channel/UCRqRQQPgS3eu6DQVDni5Mrw","","35.376683","138.358757","2025-01-28 00:42:44"
"yt_Oykl93ta7eY","軽井沢スノーパーク　ゲレンデライブ映像","https://www.youtube.com/watch?v=Oykl93ta7eY","True","","True","","","","軽井沢スノーパーク","https://www.youtube.com/channel/UCUrtRiIHxTjnUqtme-8eAOw","","36.423135","138.627011","2025-01-28 02:16:31"
"yt_VJ1YjaOpbxs","【LIVE】 茨城 田んぼライブカメラ Ibaraki Japan,Rice field Livecamera","https://www.youtube.com/watch?v=VJ1YjaOpbxs","True","video","True","","","","農創チャンネル","https://www.youtube.com/channel/UCLnD4crPgW0pmFJdWGGcoGw","","35.945168","140.093346","2025-01-28 00:40:31"
"yt_GDhGb7iwhjY","道の駅日光駐車場ライブカメラ/ニコニコ本陣","https://www.youtube.com/watch?v=GDhGb7iwhjY","True","video","True","","","","道の駅日光 日光街道ニコニコ本陣","https://www.youtube.com/channel/UCVTfCMdif-dxt-e_ijach_Q","","","","2025-01-28 01:22:09"
"yt_sfzf4Cu4wAw","道の駅「越前おおの 荒島の郷」のライブ配信","https://www.youtube.com/watch?v=sfzf4Cu4wAw","False","video","False","","","","道の駅越前おおの荒島の郷","https://www.youtube.com/channel/UCCkzfRzUHWaM7aTcVWuW6kw","","35.972628","136.552074","2025-01-28 00:40:49"
"yt_qrU2rcMz3sU","【ライブカメラ】道の駅雨晴からの雨晴海岸","https://www.youtube.com/watch?v=qrU2rcMz3sU","False","","False","","","","道の駅雨晴","https://www.youtube.com/channel/UCylCuLgP5woKIlg5um68uig","","36.814973","137.041464","2025-01-28 02:16:27"
"yt_bi5brc8KhlQ","今日の那須山　那須高原お天気カメラ（夜は熱帯魚）from 那須自然村","https://www.youtube.com/watch?v=bi5brc8KhlQ","True","","True","","","","那須自然村ＴＶ😊","https://www.youtube.com/channel/UCeaG6v2e5lJM0LBOVkKHj2w","","37.019949","140.149037","2025-01-28 02:22:53"
"yt_agU27LLGyZg","【岐阜県郡上市】郡上八幡 お天気カメラ LIVECAM","https://www.youtube.com/watch?v=agU27LLGyZg","False","video","False","その他","群上八藩","","郡上どっとcom","https://www.youtube.com/channel/UCyoue0T-ZZp8NVJ9fBAsygA","岐阜県郡上市八幡町小野二丁目","35.754345","136.967549","2025-01-28 01:05:32"
"yt_By64lSuFyEE","【岐阜県郡上市】郡上八幡 お天気カメラ LIVECAM","https://www.youtube.com/watch?v=By64lSuFyEE","True","video","True","","","","郡上どっとcom","https://www.youtube.com/channel/UCyoue0T-ZZp8NVJ9fBAsygA","","35.753102","136.961421","2025-01-28 00:40:22"
"other_d6ca0910eb790697","朝日ＴＮ山形側 のカメラ画像","https://www2.thr.mlit.go.jp/Bumon/J76301/livecam/cctv007.html","True","image","False","道路","朝日ＴＮ山形側","","酒田河川国道事務所","https://www.thr.mlit.go.jp/sakata/index.html","山形県鶴岡市田麦俣 田麦俣トンネル","38.727183","139.826725","2024-04-08 20:15:03"
"other_20483ee74305fbb2","米の粉ＤＩ前 のカメラ画像","https://www2.thr.mlit.go.jp/Bumon/J76301/livecam/cctv001.html","True","image","False","道路","米の粉ＤＩ","","酒田河川国道事務所","https://www.thr.mlit.go.jp/sakata/index.html","山形県鶴岡市上名川11-1","38.727183","139.826725","2024-04-10 14:21:48"
"yt_aHRtl1mW1EU","金剛山 のライブ配信","https://www.youtube.com/watch?v=aHRtl1mW1EU","True","","True","","","","金剛山ライブ","https://www.youtube.com/channel/UCgZl3r4RcelbiD7unKMZnWw","","34.420844","135.670783","2025-01-28 00:42:44"
"yt_xE9tT--hYtw","［24H］釧路展望レストランまいづる［LIVE］#お天気カメラ​​ #夕日  #ライブカメラ","https://www.youtube.com/watch?v=xE9tT--hYtw","True","video","True","","","","釧路夕焼け倶楽部","https://www.youtube.com/channel/UC_GOEAkyMWPTrF8LF_HunRA","","","","2025-01-28 02:16:15"
"yt_5oqgO75Eenc","【24Live】釧路展望レストランまいづる【夕焼け】","https://www.youtube.com/watch?v=5oqgO75Eenc","False","video","False","海岸","釧路港","釧路市生涯学習センター","釧路夕焼け倶楽部","https://www.youtube.com/channel/UC_GOEAkyMWPTrF8LF_HunRA","北海道釧路市知人町1-1","42.984856","144.38167","2025-01-28 01:05:32"
"yt_qRGX6Yh0okk","【Live24】釧路夕焼け倶楽部& ANA釧路 のライブ配信【#世界三大夕日#釧路#夕焼け 】","https://www.youtube.com/watch?v=qRGX6Yh0okk","True","video","True","","","","釧路夕焼け倶楽部& ANA釧路","https://www.youtube.com/channel/UCt8zKygoc-CuEykO34r540g","","","","2025-01-28 01:22:10"
"yt_PaV9QIXFcEQ","【24Live】釧路夕焼け倶楽部＆ANAクラウンプラザホテル釧路","https://www.youtube.com/watch?v=PaV9QIXFcEQ","False","video","False","海岸","釧路港","ANAクラウンプラザホテル釧路・18Fラウンジ","釧路夕焼け倶楽部& ANA釧路","https://www.youtube.com/channel/UCt8zKygoc-CuEykO34r540g","北海道釧路市知人町1-1","42.984856","144.38167","2025-01-28 01:05:32"
"yt_itDIaA5LRDs","【LIVE】大阪 鳥飼車両基地ライブカメラ 2025-01-27 14:00- Tokaido Shinkansen railcam","https://www.youtube.com/watch?v=itDIaA5LRDs","False","","False","","","","鉄道ファンの待合室","https://www.youtube.com/channel/UCDyC7xeQxsihyZj8SoICLEw","","34.776143","135.572689","2025-01-28 02:20:31"
"yt_2Cjh3dfmnIM","【LIVE】京都 向日町操車場ライブカメラ 2025-01-27 14:35- Kyoto Japan railcam","https://www.youtube.com/watch?v=2Cjh3dfmnIM","False","video","False","","","","鉄道ファンの待合室","https://www.youtube.com/channel/UCDyC7xeQxsihyZj8SoICLEw","","34.936006","135.706622","2025-01-28 02:20:31"
"yt_yRTEVESpBeE","【LIVE】東京日暮里 鉄道ライブカメラ 2025-01-27 15:00- Nippori,Tokyo,Japan railcam","https://www.youtube.com/watch?v=yRTEVESpBeE","True","video","True","","","","鉄道ファンの待合室","https://www.youtube.com/channel/UCDyC7xeQxsihyZj8SoICLEw","","35.726308","139.77211","2025-01-28 00:41:44"
"yt_xf8VSt61-ZI","2025/1/27 9:25〜新幹線＆東海道線ライブカメラ静岡 ドクターイエロー サンライズ  貨物 甲種回送 保線 Shinkansen Live Cam","https://www.youtube.com/watch?v=xf8VSt61-ZI","True","video","True","","","","鉄道ライブカメラ静岡 Shinkansen Live Camera","https://www.youtube.com/channel/UCXkkaGmVYj1LCwKsEduPVeg","","34.939707","138.363895","2025-01-28 02:16:41"
"yt_so84vhM502Y","戸塚ライブカメラ 2025.1.27","https://www.youtube.com/watch?v=so84vhM502Y","False","video","False","","","","鉄道仮面","https://www.youtube.com/channel/UClAsW3BLUyltG0iWhwNiMwA","","35.413414","139.537018","2025-01-28 02:20:32"
"yt_CzcsoN3lnBc","JR中央線　日野駅～豊田駅間 JR Chuo Line Hino～Toyda Station train LIve Webcam,Japan,tokyo","https://www.youtube.com/watch?v=CzcsoN3lnBc","True","","True","","","","鉄道動画ch","https://www.youtube.com/channel/UCDoo6BDBM70pQQfmoG640Bg","","35.666115","139.389294","2025-01-28 02:16:38"
"yt_9Z6oNCGNQOs","JR中央線 ライブカメラ　豊田駅～日野駅間 JR Chuo Line Toyoda~Hino Station train LIve Webcam,Japan,tokyo","https://www.youtube.com/watch?v=9Z6oNCGNQOs","True","video","True","","","","鉄道動画ch","https://www.youtube.com/channel/UCDoo6BDBM70pQQfmoG640Bg","","35.666115","139.389294","2025-01-28 02:16:56"
"yt_eztXhsrNWJY","名古屋駅 ライブカメラ 愛知 鉄道 新幹線 天気 【4K配信】 Japan Nagoya Live Camera","https://www.youtube.com/watch?v=eztXhsrNWJY","True","","True","","","","鉄道沿線の生活","https://www.youtube.com/channel/UCjmqhsGQ9J1QK4r5mUrZb4A","","35.171454","136.879749","2025-01-28 00:42:52"
"other_bfd3b85daf37d85f","ライブカメラ | 長野の別荘地ならアルピコ蓼科高原リゾート【公式】","https://www.alpico.co.jp/tateshina/livecamera/","True","image","False","道路","","蓼科高原別荘地","長野の別荘地ならアルピコ蓼科高原リゾート【公式】","https://www.alpico.co.jp/tateshina/","長野県茅野市北山蓼科4035-2016","35.995571","138.158896","2024-04-22 11:57:50"
"yt_zFCpoFBAcXg","木崎湖ライブ","https://www.youtube.com/watch?v=zFCpoFBAcXg","True","video","True","","","","長野県大町市","https://www.youtube.com/channel/UCAjRtFIaNvQznbHytYyzUbA","","","","2025-01-28 01:22:14"
"yt_Vqj0uA_I2Xs","北アルプスライブ映像！（長野県山岳総合センターより）Japanese Alps' Live View! (from Omachi-City,Nagano-pref,Japan)","https://www.youtube.com/watch?v=Vqj0uA_I2Xs","True","video","True","","","","長野県山岳総合センター","https://www.youtube.com/channel/UCSTvad9L9XOFPUmGoA27ucw","","","","2025-01-28 01:22:12"
"yt_0Hjtz4Kw62s","雲場池ライブカメラ","https://www.youtube.com/watch?v=0Hjtz4Kw62s","True","video","True","","","","長野県軽井沢町","https://www.youtube.com/channel/UCwWWMxoGXIVX_LZUn11bneQ","","","","2025-01-28 01:22:12"
"yt_Arw1omQUnr4","現在の浅間山の様子","https://www.youtube.com/watch?v=Arw1omQUnr4","True","video","True","","","","長野県軽井沢町","https://www.youtube.com/channel/UCwWWMxoGXIVX_LZUn11bneQ","","","","2025-01-28 01:22:12"
"yt_iLfmRhMarWM","旧軽井沢ロータリーライブカメラ","https://www.youtube.com/watch?v=iLfmRhMarWM","True","video","True","","","","長野県軽井沢町","https://www.youtube.com/channel/UCwWWMxoGXIVX_LZUn11bneQ","","","","2025-01-28 01:22:12"
"other_3398bf9e47eaa442","ライブカメラ | 開田高原公式ページ","https://kaidakogen.jp/livecamera/","True","image","False","山岳","開田高原","開田高原　一本木亭","開田高原公式ホームページ","https://kaidakogen.jp/","長野県木曽郡木曽町開田高原末川5552-8","35.842455","137.691534","2024-04-21 16:52:43"
"yt_vl7oZenRGgk","【鉄道ライブカメラ】阪急電車  阪急今津線 小林駅 Japan Train  Hankyu Imazu Line Obayashi Station　LIVE","https://www.youtube.com/watch?v=vl7oZenRGgk","False","","False","","","","阪急今津線 小林駅 Hankyu Imazu Line Obayashi Station","https://www.youtube.com/channel/UCIQmoWaeozFXv0W9vAlY-8g","","34.789602","135.352271","2025-01-28 02:20:32"
"yt_rPne7Chp-hw","阪神高速3号神戸線 京橋PA付近 ライブカメラ Japan Hanshin Expressway No.3 Kobe Line Kyobashi rest area near Live Camera.","https://www.youtube.com/watch?v=rPne7Chp-hw","False","video","False","","","","阪神高速3号神戸線 京橋PA付近 ライブカメラ","https://www.youtube.com/channel/UC8G4C-GpexZP7_AkuB37wHw","","34.685321","135.195469","2025-01-28 02:20:32"
"yt_-o98RSa4hxI","滋賀県栗東市　国道1号線　リアルタイム ライブ配信　渋滞情報","https://www.youtube.com/watch?v=-o98RSa4hxI","True","","True","","","","電材センターチャンネル","https://www.youtube.com/channel/UC273v7_1AJ8N6lbuNKKggsA","","35.020966","135.975977","2025-01-28 02:16:38"
"yt_65mMpFTsYz0","大阪府摂津市　府道19号線　リアルタイム ライブ配信　渋滞情報","https://www.youtube.com/watch?v=65mMpFTsYz0","True","video","False","","","","電材センターチャンネル","https://www.youtube.com/channel/UC273v7_1AJ8N6lbuNKKggsA","","34.788868","135.596373","2025-01-28 02:16:55"
"yt_g5LZWZZ1GJQ","千葉県柏市　国道16号線　リアルタイム ライブ配信　渋滞情報","https://www.youtube.com/watch?v=g5LZWZZ1GJQ","True","video","True","","","","電材センターチャンネル","https://www.youtube.com/channel/UC273v7_1AJ8N6lbuNKKggsA","","35.886443","139.962367","2025-01-28 02:16:57"
"yt_IZ3hxdfZlwo","『信州/諏訪　霧ヶ峰高原別荘地　ビバルデの丘』ライブビュー https://www.vivalde.co.jp/　自然とパノラマ景観が織りなすシンフォニー","https://www.youtube.com/watch?v=IZ3hxdfZlwo","True","video","True","","","","霧ヶ峰高原ビバルデの丘","https://www.youtube.com/channel/UC57srrDpMhtfYozG3fAHRMQ","","","","2025-01-28 02:16:10"
"yt_HoMN6iwPzSo","霧降高原 キスゲ平 のライブ配信","https://www.youtube.com/watch?v=HoMN6iwPzSo","True","video","True","","","","霧降高原 キスゲ平","https://www.youtube.com/channel/UC17NZ5d4TqQlXupwkbToS3Q","","","","2025-01-28 01:22:12"
"yt_1vdmvnXnkQ4","【4K】武蔵御嶽神社LIVEカメラ（御岳山LIVEカメラ）","https://www.youtube.com/watch?v=1vdmvnXnkQ4","True","video","True","","","","青梅市観光協会","https://www.youtube.com/channel/UC6avbfi8llm_IDkKqBP3Jjg","","","","2025-01-28 01:22:13"
"yt_RWR-cOQTuL0","御岳渓谷","https://www.youtube.com/watch?v=RWR-cOQTuL0","True","video","True","観光","東京都青梅市","御岳渓谷","青梅市観光協会","https://www.youtube.com/channel/UC6avbfi8llm_IDkKqBP3Jjg","神奈川県足柄下郡箱根町箱根１０","","","2025-01-28 01:22:06"
"yt_GsD9QQEKSzQ","【LIVE】静岡市さった峠　広重の富士山 / Mt. Fuji (World Heritage Site): Live Streaming in Shizuoka City","https://www.youtube.com/watch?v=GsD9QQEKSzQ","True","","True","","","","静岡市さった峠 ライブカメラ","https://www.youtube.com/channel/UCkUdb6wh-TE9MK7Q2VTE5-A","","35.071727","138.541287","2025-01-28 02:16:39"
"yt_6S4qvf97cbQ","【LIVE】静岡市さった峠　交通の要衝","https://www.youtube.com/watch?v=6S4qvf97cbQ","True","","True","","","","静岡市さった峠 ライブカメラ","https://www.youtube.com/channel/UCkUdb6wh-TE9MK7Q2VTE5-A","","35.072616","138.542889","2025-01-28 02:16:27"
"yt_87D1aSMQ1Yw","【作業BGM】本日の津堅島と音楽 ライブカメラ","https://www.youtube.com/watch?v=87D1aSMQ1Yw","True","video","True","","","","音楽で島おこし@津堅島","https://www.youtube.com/channel/UCXcrsKTNwDHhp3kaGyGtprA","","26.252677","127.938597","2025-01-28 00:41:14"
"yt_WKHA19z_8tU","【LIVE CAMERA】中橋 #飛騨高山 #ライブカメラ #高山 #飛騨 / Hida-Takayama Naka-Bashi Bridge #hidatakayama","https://www.youtube.com/watch?v=WKHA19z_8tU","True","video","True","","","","飛騨・高山観光コンベンション協会","https://www.youtube.com/channel/UCo9jSEdhc5nhmpLbwF_tSBA","","36.140132","137.258946","2025-01-28 00:41:22"
"yt_0FW2-_TBbLA","【LIVE CAMERA】#飛騨高山 陣屋前 #ライブカメラ #飛騨 #高山 /Hida-Takayama,In front of the Takayama Jinya #hidatakayama","https://www.youtube.com/watch?v=0FW2-_TBbLA","True","","True","","","","飛騨・高山観光コンベンション協会","https://www.youtube.com/channel/UCo9jSEdhc5nhmpLbwF_tSBA","","36.139982","137.25868","2025-01-28 00:42:11"
"yt_5txb_U5M0Mk","飯田ケーブルテレビりんご並木ライブカメラ のライブ配信","https://www.youtube.com/watch?v=5txb_U5M0Mk","True","","True","","","","飯田ケーブルテレビりんご並木ライブカメラ","https://www.youtube.com/channel/UCVT451VepHh_hWmCC03kOww","","35.516005","137.825752","2025-01-28 00:43:29"
"yt_LHDpn1Vk-RY","飯田ケーブルテレビサル山ライブカメラ のライブ配信","https://www.youtube.com/watch?v=LHDpn1Vk-RY","True","","True","","","","飯田ケーブルテレビサル山ライブカメラ","https://www.youtube.com/channel/UCNI0op3CT3IXCnOAhr9r3Mg","","35.51378","137.823932","2025-01-28 00:43:16"
"yt_QNx5xjhWDuc","飯田ケーブルテレビペンギンの丘ライブカメラ のライブ配信","https://www.youtube.com/watch?v=QNx5xjhWDuc","True","","True","","","","飯田ケーブルテレビペンギンライブカメラ","https://www.youtube.com/channel/UCfLSbr8eONUgh3GmCv4QJPQ","","35.514086","137.824043","2025-01-28 00:42:17"
"yt_eFl6-bAWVNM","飯田ケーブルテレビリニア中央新幹線長野県駅予定地ライブカメラ のライブ配信","https://www.youtube.com/watch?v=eFl6-bAWVNM","True","","False","","","","飯田ケーブルテレビリニア中央新幹線長野県駅予定地ライブカメラ","https://www.youtube.com/channel/UCP2l9WSmu8kggJLZcOGkhNA","","35.526394","137.854173","2025-01-28 00:42:41"
"yt_EBjWrxELOOo","飯田ケーブルテレビ下栗ライブカメラ のライブ配信","https://www.youtube.com/watch?v=EBjWrxELOOo","True","","True","","","","飯田ケーブルテレビ下栗ライブカメラ","https://www.youtube.com/channel/UCPV0jIfO8ANQjsoRevz8Y6Q","","35.374499","137.986858","2025-01-28 00:41:57"
"yt_20RLxH_B2rQ","飯田ケーブルテレビ並木通りライブカメラ のライブ配信","https://www.youtube.com/watch?v=20RLxH_B2rQ","True","","True","","","","飯田ケーブルテレビ並木通りライブカメラ","https://www.youtube.com/channel/UC1izLlsCadKVxQd4vrTMD8A","","35.517048","137.826584","2025-01-28 00:43:10"
"yt_zKwgcIa3604","飯田ケーブルテレビ南信濃ライブカメラ のライブ配信","https://www.youtube.com/watch?v=zKwgcIa3604","True","video","True","","","","飯田ケーブルテレビ南信濃ライブカメラ","https://www.youtube.com/channel/UCqkTVxJXbZ5W5KlarDqrjFQ","","35.320272","137.927804","2025-01-28 00:40:27"
"yt_zdnhrbENO9Y","飯田ケーブルテレビ合同庁舎北ライブカメラ のライブ配信","https://www.youtube.com/watch?v=zdnhrbENO9Y","True","","True","","","","飯田ケーブルテレビ合同庁舎北ライブカメラ","https://www.youtube.com/channel/UCTVZNbie6250ICvqL8RfrbQ","","35.513832","137.829423","2025-01-28 00:42:47"
"yt_0SIluOc6_xc","飯田ケーブルテレビ合同庁舎南 のライブ配信","https://www.youtube.com/watch?v=0SIluOc6_xc","True","","True","","","","飯田ケーブルテレビ合同庁舎南","https://www.youtube.com/channel/UCXPaDc3yp7kaMkkR4XLfhUQ","","35.513658","137.829396","2025-01-28 00:43:10"
"yt_YyBzRRRNGPA","飯田ケーブルテレビ吾妻町ラウンドアバウトライブカメラ のライブ配信","https://www.youtube.com/watch?v=YyBzRRRNGPA","True","video","True","","","","飯田ケーブルテレビ吾妻町ラウンドアバウトライブカメラ","https://www.youtube.com/channel/UC48VyqTnLd8zeNo3Hn9xaJg","","35.520036","137.827474","2025-01-28 00:41:37"
"yt_Vc4Y1LTcsLU","飯田ケーブルテレビ吾妻町ラウンドアバウトライブカメラ のライブ配信","https://www.youtube.com/watch?v=Vc4Y1LTcsLU","False","video","False","道路","吾妻ラウンドアバウト","","飯田ケーブルテレビ吾妻町ラウンドアバウトライブカメラ","https://www.youtube.com/channel/UC48VyqTnLd8zeNo3Hn9xaJg","栃木県日光市松原町4−３","","","2025-01-28 01:22:07"
"yt_KRMuRZdEtxM","飯田ケーブルテレビ東和町ラウンドアバウトライブカメラ のライブ配信","https://www.youtube.com/watch?v=KRMuRZdEtxM","True","video","True","","","","飯田ケーブルテレビ東和町ラウンドアバウトライブカメラ","https://www.youtube.com/channel/UCBo5AfNttfSHeiFc4xjkdXA","","35.519727","137.824298","2025-01-28 00:41:11"
"yt_nb5wvhiit64","飯田ケーブルテレビ治部坂高原スキー場ライブカメラ のライブ配信","https://www.youtube.com/watch?v=nb5wvhiit64","True","","True","","","","飯田ケーブルテレビ治部坂高原スキー場ライブカメラ","https://www.youtube.com/channel/UC3FO42o5-Tvl_vP_AZSy2kA","","35.355174","137.670143","2025-01-28 00:43:11"
"yt_H_xDIXmWUdc","飯田ケーブルテレビ野底川ライブカメラ のライブ配信","https://www.youtube.com/watch?v=H_xDIXmWUdc","True","video","True","","","","飯田ケーブルテレビ野底川ライブカメラ","https://www.youtube.com/channel/UCCYDN_M-NbDKP7E0deFeQeA","","35.514007","137.837931","2025-01-28 00:41:03"
"yt_vZvYd6hZt8I","飯田ケーブルテレビ飯田カントリー倶楽部ライブカメラ のライブ配信","https://www.youtube.com/watch?v=vZvYd6hZt8I","True","","True","","","","飯田ケーブルテレビ飯田カントリー倶楽部ライブカメラ","https://www.youtube.com/channel/UCvh_8p8VmAbZCXRSKKEzh4g","","35.3943","137.800483","2025-01-28 00:42:40"
"yt_ko79OmY8Wpc","飯田ケーブルテレビ飯田市街地ライブカメラ のライブ配信","https://www.youtube.com/watch?v=ko79OmY8Wpc","True","video","True","","","","飯田ケーブルテレビ飯田市街地ライブカメラ","https://www.youtube.com/channel/UCdLzrONUGPPhHACm-OJFZfA","","35.501402","137.834923","2025-01-28 00:40:07"
"yt_zJiOBGkH4yM","飯田ケーブルテレビ飯田駅ホームライブカメラ のライブ配信","https://www.youtube.com/watch?v=zJiOBGkH4yM","True","video","True","","","","飯田ケーブルテレビ飯田駅ホームライブカメラ","https://www.youtube.com/channel/UCv6bLM0gYcsx7i_XveUNvqA","","35.520079","137.821242","2025-01-28 00:40:57"
"yt_6ZVfDgD0_HU","飯田ケーブルテレビ飯田駅ライブカメラ のライブ配信","https://www.youtube.com/watch?v=6ZVfDgD0_HU","True","video","True","","","","飯田ケーブルテレビ飯田駅ライブカメラ","https://www.youtube.com/channel/UCfRziws8kV_nYxfS9OXz6sQ","","35.519571","137.82178","2025-01-28 00:41:53"
"yt_N5CCkNC_Owk","飯田ケーブルテレビ麻績の里ライブカメラ のライブ配信","https://www.youtube.com/watch?v=N5CCkNC_Owk","False","video","False","観光","麻績の里","","飯田ケーブルテレビ麻績の里ライブカメラ","https://www.youtube.com/channel/UCdBQ6gvDSdhoujdRWB66h0w","長野県飯田市座光寺2193-32","35.514703","137.821824","2025-01-28 01:05:33"
"yt_KWPC2HsEaNI","飯田ケーブルテレビ龍江川路ライブカメラ のライブ配信","https://www.youtube.com/watch?v=KWPC2HsEaNI","True","video","True","","","","飯田ケーブルテレビ龍江川路ライブカメラ","https://www.youtube.com/channel/UCHqrr05BYKGzBBt9C99hiwg","","35.44229","137.818029","2025-01-28 00:41:28"
"yt_LGJ44kmVA6I","館山城・山頂ライイブカメラ","https://www.youtube.com/watch?v=LGJ44kmVA6I","True","video","True","","","","館山城・山頂ライブカメラ","https://www.youtube.com/channel/UCDMTA9ODpNKG2ohw3gTf-Zw","","","","2025-01-28 01:22:13"
"other_f49031c69b79e639","“渚の駅”たてやまからのライブ映像","https://www.city.tateyama.chiba.jp/shoukan/page100190.html","True","video","False","海岸","館山港","渚の駅 たてやま","館山市役所","https://www.city.tateyama.chiba.jp/kankou-bunka/cate000156.html","千葉県館山市館山1564-1","34.996608","139.870085","2024-04-08 18:37:30"
"yt_cukpuzpYfEE","【ライブ配信】高尾山口駅ライブカメラ → 高尾山の紅葉や天気は？  駐車場の混雑状況は？ 道路は混んでる？など映像で確認できます。","https://www.youtube.com/watch?v=cukpuzpYfEE","True","","True","","","","高尾フモト同盟","https://www.youtube.com/channel/UCsyGt_KORXUTXdrmaTYkJPQ","","35.63252","139.269926","2025-01-28 02:16:31"
"yt_VDPBmrAEWMw","西南院 庭園ライブカメラ","https://www.youtube.com/watch?v=VDPBmrAEWMw","True","","False","","","","高野山　西南院","https://www.youtube.com/channel/UCs2IojRYx4-FZKE9hfAgdKQ","","34.212651","135.574893","2025-01-28 02:16:30"
"yt_F6D_9hPToBQ","鹿屋体育大学ライブカメラ　海洋スポーツセンター（高須海岸）","https://www.youtube.com/watch?v=F6D_9hPToBQ","True","","True","","","","鹿屋体育大学スポーツ情報センター","https://www.youtube.com/channel/UCCk_mV0977ZBEExItWcQgng","","31.356482","130.791592","2025-01-28 02:16:28"
"yt_kBEGPKm5UKw","鹿屋体育大学ライブカメラ　大隅湖","https://www.youtube.com/watch?v=kBEGPKm5UKw","True","video","True","","","","鹿屋体育大学スポーツ情報センター","https://www.youtube.com/channel/UCCk_mV0977ZBEExItWcQgng","","31.509245","130.860924","2025-01-28 02:16:55"
"yt_IaVUfI4p0cc","鹿屋体育大学ライブカメラ　白水キャンパス","https://www.youtube.com/watch?v=IaVUfI4p0cc","True","video","True","","","","鹿屋体育大学スポーツ情報センター","https://www.youtube.com/channel/UCCk_mV0977ZBEExItWcQgng","","31.394991","130.787468","2025-01-28 02:16:41"
"yt_LcTF-evTuZ0","鹿屋体育大学ライブカメラ 大隅湖 - YouTube","https://www.youtube.com/watch?v=LcTF-evTuZ0","False","video","False","河川","大隅湖","","鹿屋体育大学スポーツ情報センター - YouTube","https://www.youtube.com/@nifsitec/streams","鹿児島県鹿屋市上高隈町","31.560185","130.558141","2025-01-28 01:05:40"
"yt_GgJ76QDmGEU","鹿屋体育大学ライブカメラ 海洋スポーツセンター（高須海岸） - YouTube","https://www.youtube.com/watch?v=GgJ76QDmGEU","False","video","False","海岸","鹿屋体育大学 海洋スポーツセンター","","鹿屋体育大学スポーツ情報センター - YouTube","https://www.youtube.com/@nifsitec/streams","鹿児島県鹿屋市高須町2457","31.560185","130.558141","2025-01-28 01:05:40"
"yt_C5UkA9X3ABE","[HD60fps LIVE] KUROSAKA Cam 4 　黒坂・広島街道踏切 〜鉄橋","https://www.youtube.com/watch?v=C5UkA9X3ABE","True","video","True","","","","黒坂ライブカメラ","https://www.youtube.com/channel/UCagfXxy3O7noRW1xlCo5cCQ","","35.203686","133.383032","2025-01-28 02:16:47"
"yt_KNjw0c-LmsQ","[4K 180° LIVE] KUROSAKA Cam 3 山陰の山奥。なんでもない風景、JR伯備線が通る。","https://www.youtube.com/watch?v=KNjw0c-LmsQ","True","","True","","","","黒坂ライブカメラ","https://www.youtube.com/channel/UCagfXxy3O7noRW1xlCo5cCQ","","35.204679","133.384094","2025-01-28 00:43:09"
"yt_qgR9u-tWaeg","[4K LIVE] KUROSAKA Cam 1 山陰の山奥。なんでもない風景、JR伯備線が通る。","https://www.youtube.com/watch?v=qgR9u-tWaeg","True","video","True","","","","黒坂ライブカメラ","https://www.youtube.com/channel/UCagfXxy3O7noRW1xlCo5cCQ","","35.205258","133.383781","2025-01-28 00:40:41"
"yt_l6KJu9Ep3KM","1月27日 ライブカメラ　風越山、JR飯田線、天竜川","https://www.youtube.com/watch?v=l6KJu9Ep3KM","False","video","False","","","","龍江地域づくり委員会","https://www.youtube.com/channel/UCfNFoRifjX3u6zNSWLQonYw","","35.456977","137.832498","2025-01-28 02:20:34"
"yt_s--MDmshT3I","【LIVE】函館山ライブカメラ ／ Mt. Hakodate Ropeway Live Camera","https://www.youtube.com/watch?v=s--MDmshT3I","True","video","True","山岳","","函館山","ＦＭいるか","https://www.youtube.com/channel/UCwJceIUpEJAkS7mVUJoEmYg","北海道函館市函館山","41.768712","140.729108","2024-04-24 16:17:34"
"other_57e82bc4349480d5","札幌 ＳＴＶ本社 ｜ ライブカメラ ｜ ＳＴＶ札幌テレビ","https://www.stv.jp/webcam/sapporo/index.html","True","image","False","その他","札幌","ＳＴＶ札幌テレビ放送会館の屋上鉄塔","ＳＴＶ札幌テレビ 放送（北海道）","https://www.stv.jp/index.html","北海道札幌市中央区北一条西八丁目","43.061414","141.35389","2024-04-10 23:18:04"
"other_3ac718dc6659d156","室蘭 ｜ ライブカメラ ｜ ＳＴＶ札幌テレビ","https://www.stv.jp/webcam/muroran/index.html","True","image","False","河川","室蘭","測量山展望台","ＳＴＶ札幌テレビ 放送（北海道）","https://www.stv.jp/index.html","北海道室蘭市清水町一丁目","42.321438","140.955573","2024-04-10 23:15:39"
"yt_fFAZue-vIz8","【LIVE】Ｆ.Ｓ.Ｔ.ＮＥＴ提供 大阪 門真ライブカメラ 近畿自動車道北向き - YouTube","https://www.youtube.com/watch?v=fFAZue-vIz8","False","video","False","道路","近畿自動車道　北行　摂津北インター","","","","","","","2024-06-05 16:59:37"
"other_4e9bd64994599771","米沢市役所ライブカメラ","http://116.199.245.91/live/index.html?Language=1&ViewMode=pull","True","video","False","その他","米沢市役所","米沢市役所屋上","","","山形県米沢市金池5丁目2-25","37.922242","140.116683","2024-04-08 17:50:31"
